gene,k,pooled_log2FC,p,Q,I2,tau2,pi_lo,pi_hi,direction_concordance,loso_direction_robust,class,meta_FDR
DDX11-AS1,3,1.2533204790502206,0.0011725959582867158,1.4538296118085121,0.0,0.0,-0.4082612277532274,2.9149021858536686,0.6666666666666666,True,III_context_dependent,0.02106329776922434
RPS2P32,3,0.6251046721622674,0.035945717554001375,1.2792880654635441,0.0,0.0,-0.6571627109108803,1.907372055235415,0.6666666666666666,True,III_context_dependent,0.15485503514664364
EIF4E2,4,0.3519519508017112,0.05193021522752631,14.29778643975132,79.01773108276907,0.08897694092230075,-0.7585532889976789,1.4624571906011015,0.5,True,III_context_dependent,0.19524150686318031
DHX8,4,0.18654348280940736,0.062254292734491165,5.8635600625263935,48.83654353312091,0.01810656973950403,-0.34709129238973546,0.7201782580085502,0.5,True,III_context_dependent,0.2187922606973059
EIF4EBP2,4,-0.15623123847734935,0.08560813054652543,6.153910644011074,51.25051087767141,0.016276345643407426,-0.6547296456594988,0.3422671687048001,0.5,True,III_context_dependent,0.2661534827888771
EIF4A1,4,0.7161342549157353,0.10574065012036558,29.57525290176915,89.8563842887019,0.6422965770851595,-2.1976436489888305,3.6299121588203014,0.5,True,III_context_dependent,0.30195897032557983
DDX59-AS1,3,-0.9359283402524392,0.14737507087758642,3.5952241261462667,44.37064478247683,0.5557534537383206,-5.180173520948934,3.3083168404440553,0.6666666666666666,True,III_context_dependent,0.3746801406332344
RPSA,4,-0.37220248296958347,0.14605619273054735,34.184223226204814,91.22402173614327,0.2206754128296311,-2.0748545777281415,1.3304496117889748,0.75,False,III_context_dependent,0.3746801406332344
RPS28P7,3,-0.3491814829029911,0.14962543065317832,3.2850717473834474,39.11852909778924,0.07240232642848315,-1.9072677075317113,1.208904741725729,0.6666666666666666,True,III_context_dependent,0.37796007222287237
EIF1,4,0.2515273303195413,0.15868138993069958,13.83581076548953,78.3171362282371,0.0813053504900083,-0.8189738063651377,1.3220284670042204,0.75,False,III_context_dependent,0.3946690980327656
EIF1B-AS1,3,-0.46327236270831124,0.1881654313774508,4.53073388491674,55.857041026880935,0.2071971651740173,-2.939141248341651,2.0125965229250284,0.6666666666666666,True,III_context_dependent,0.4517833377131863
RPL10A,4,-0.26524269064567424,0.1973302753328443,22.467807388744642,86.64756222940177,0.13334585380884525,-1.599124280018914,1.0686388987275657,0.5,True,III_context_dependent,0.460479290829905
RPL4P4,3,-0.3821190366137484,0.19748390204663968,7.6149595545142015,73.7359077788616,0.1790363625003093,-2.60518075084882,1.8409426776213231,0.6666666666666666,True,III_context_dependent,0.460479290829905
DDX52,4,0.2434099728737171,0.19948412473197907,18.92604730091528,84.14882964043466,0.11723189220093264,-1.0023218934406972,1.4891418391881315,0.5,True,III_context_dependent,0.4607133356905231
EIF1P3,3,0.9833536190266151,0.19861313524684254,0.5862675959294238,0.0,0.0,-2.307962519551455,4.274669757604685,0.6666666666666666,True,III_context_dependent,0.4607133356905231
EIF2B4,4,0.19504955206165897,0.2036475096093957,11.279055581651056,73.40202840315419,0.06492450083111188,-0.7515154751838103,1.1416145793071282,0.5,True,III_context_dependent,0.4648114274723844
EIF2AK4,4,-0.4487756737415871,0.21319586612233843,60.26950873640718,95.02235863059593,0.4797279629228013,-2.9337293361031387,2.036177988619964,0.5,True,III_context_dependent,0.4743119039877713
DHX32,4,0.2937489240767794,0.21978301723485794,24.09625159340612,87.54993079163839,0.1900019412971373,-1.288878983924346,1.8763768320779048,0.5,True,III_context_dependent,0.4845216516313913
DDX47,4,0.5737163148530928,0.22643704859383007,15.535631386447902,80.68955213100016,0.652118550795554,-2.4067358185619305,3.5541684482681157,0.5,True,III_context_dependent,0.4935940794846648
RPS2P35,2,-0.8043772705040696,0.22695150458779434,0.39103025643161937,0.0,0.0,,,0.5,False,III_context_dependent,0.4935940794846648
RPL35,4,-0.221114234442368,0.23965717368181072,11.902897189321402,74.79605215198004,0.09562102163294868,-1.372890682203239,0.930662213318503,0.75,False,III_context_dependent,0.5044425040398968
RPS6KA4,3,-0.10916585391482676,0.23790843989986543,2.2798305278670634,12.27418110454306,0.004666651274849067,-0.6039155457400969,0.38558383791044337,0.6666666666666666,True,III_context_dependent,0.5044425040398968
RPS7P10,3,-0.3275319191388809,0.239297545194171,0.489741107282912,0.0,0.0,-1.525120894377629,0.8700570560998674,0.6666666666666666,True,III_context_dependent,0.5044425040398968
RPL21P93,2,1.218358127498187,0.24858658612551088,1.2062876520294556,17.10103321396002,0.5258098790736219,,,0.5,False,III_context_dependent,0.51304040115265
RPL3P6,2,1.5039090399067165,0.2684891877610235,1.0362215152409964,3.495537846709567,0.14276966940496816,,,0.5,False,III_context_dependent,0.538087834975605
DDX25,3,-0.8009669783512221,0.310872772725419,4.75028047823843,57.897222928999135,1.0735378166579481,-6.408037234699273,4.8061032779968285,0.6666666666666666,True,III_context_dependent,0.5983067252850327
EIF3K,4,-0.43052244371806997,0.32026186031664783,92.95098926862597,96.77249266134213,0.70099029502695,-3.4304984216358125,2.5694535341996723,0.5,False,III_context_dependent,0.6020426443936984
RPL24P4,3,-0.2147381690507318,0.3168344738445368,2.353648373470558,15.02553981540956,0.022893429363147744,-1.3442585278992003,0.9147821897977368,0.6666666666666666,True,III_context_dependent,0.6020426443936984
RPS24P19,3,-0.5803454484502282,0.31678055738729305,2.320798361645485,13.822758881044436,0.15053282720331673,-3.5817250989330125,2.4210342020325557,0.6666666666666666,True,III_context_dependent,0.6020426443936984
RPS24P8,3,-0.6174872552206644,0.31951416062448845,7.922661689188185,74.75595855961717,0.8580295378207851,-5.414141147821126,4.179166637379796,0.6666666666666666,False,III_context_dependent,0.6020426443936984
EIF3J-DT,3,-0.39640424818717923,0.32987712910603684,19.190965348676613,89.57842941372452,0.4387564964023321,-3.7410661771418394,2.948257680767481,0.6666666666666666,True,III_context_dependent,0.6039934714990481
RPL24P2,3,-0.493171851291928,0.3383144165606986,0.2582176514078359,0.0,0.0,-2.7093022792152692,1.7229585766314135,0.6666666666666666,True,III_context_dependent,0.6160639965250869
RPS3AP5,3,-0.6995490874364464,0.3391527568498932,6.140259064330465,67.42808440089685,1.070333090069425,-6.152155647619135,4.753057472746241,0.6666666666666666,False,III_context_dependent,0.6160639965250869
DDX19A-DT,3,1.0077429565996427,0.3448424799668083,9.064810765108781,77.93666021470445,2.602380008831017,-7.313684740208066,9.32917065340735,0.6666666666666666,False,III_context_dependent,0.6236253970265718
DDX1,4,0.31012077004134214,0.35270812771607307,65.13271165064722,95.39401949654558,0.4141186767169585,-1.9968173305915191,2.6170588706742035,0.75,False,III_context_dependent,0.6289108337835699
RPS2P7,3,-0.47026543690836065,0.35270875626624953,4.463357430275623,55.190682546871564,0.41711802636119577,-4.000462157008708,3.0599312831919865,0.6666666666666666,True,III_context_dependent,0.6289108337835699
DDX23,4,0.1668079279099458,0.3564227739684305,13.794192830220243,78.25171768349057,0.08463938710897168,-0.9234152801605388,1.2570311359804305,0.5,False,III_context_dependent,0.6308943261849955
RPL34P18,3,-0.37093496481652555,0.3554057814494581,1.9119230747104705,0.0,0.0,-2.097923263557193,1.3560533339241423,0.6666666666666666,True,III_context_dependent,0.6308943261849955
EIF2AK1,4,-0.23618569898392058,0.3610678793232114,32.18404397200412,90.67861079667426,0.21701749702383918,-1.9318363574073762,1.459464959439535,0.5,False,III_context_dependent,0.6321946623529152
RPL23AP64,3,0.8308347729328274,0.36555519666249636,11.403161703175417,82.46100465765505,2.0232646672005155,-6.453742224230221,8.115411770095875,0.6666666666666666,False,III_context_dependent,0.6331938227903955
RPL32P18,3,-0.2920315146170267,0.37292526884769395,3.347979214443449,40.262472617158416,0.13611392782363343,-2.41536707722502,1.8313040479909664,0.6666666666666666,True,III_context_dependent,0.6362716481061198
RPL37A-DT,3,-0.8084799560187188,0.37075405164533615,6.1580620807142035,67.52225012047876,1.6323116497073686,-7.540726797623768,5.923766885586331,0.6666666666666666,True,III_context_dependent,0.6362716481061198
RPS13P2,3,-0.5287208751143887,0.3736612274724328,3.4954588802568938,42.78290580683321,0.4790101669026496,-4.453853590639151,3.3964118404103742,0.6666666666666666,False,III_context_dependent,0.6362716481061198
RPS27AP5,3,-0.30303963027883923,0.37102330941459494,1.8844337272857745,0.0,0.0,-1.7606019268181734,1.154522666260495,0.6666666666666666,False,III_context_dependent,0.6362716481061198
RPSAP12,3,-0.5994716811897173,0.3761593998203432,5.40255596912442,62.9804853215776,0.8636410850740586,-5.547476202426252,4.3485328400468175,0.6666666666666666,False,III_context_dependent,0.6367791400824109
RPL39P3,3,-0.2234005780528245,0.3799774847839418,3.411260938332643,41.37065336967273,0.08718765643464867,-1.9005404789388294,1.4537393228331803,0.6666666666666666,True,III_context_dependent,0.6376784779246082
EIF2A,4,0.18283141611532813,0.3861823039460154,15.81221122813816,81.02732150035135,0.12901285773503557,-1.1428685168336783,1.5085313490643346,0.75,False,III_context_dependent,0.6436371732433589
RPL3P4,2,-0.9248346412047332,0.38507557128054914,8.674006337622119,88.47130194426236,2.026372811817137,,,0.5,False,III_context_dependent,0.6436371732433589
RPSAP15,3,-0.5124274463659386,0.39524978310789827,7.491216592426149,73.3020668228701,0.7822230379736262,-5.117557232746034,4.0927023400141564,0.6666666666666666,True,III_context_dependent,0.6520277034262948
EIF1P7,2,-0.6694194008005903,0.39696875222073,0.2982902384115769,0.0,0.0,,,0.5,False,III_context_dependent,0.6522268060885305
RPS2P17,3,-0.40919742637677314,0.3990016535348385,0.30999810212095963,0.0,0.0,-2.496727400302156,1.6783325475486093,0.6666666666666666,True,III_context_dependent,0.6522268060885305
RPS7P1,3,-0.20423421321056676,0.39940486888307947,3.2539180557778473,38.53563716982107,0.07548371386635093,-1.7805723329050789,1.3721039064839453,0.6666666666666666,True,III_context_dependent,0.6522268060885305
RPL30P4,2,-0.7293983974028189,0.40894673151329575,0.2698961897519202,0.0,0.0,,,0.5,False,III_context_dependent,0.6589341022722539
DDX17,4,0.24458868165312841,0.4159562044370423,50.96944635623378,94.11412088129718,0.3175955816469446,-1.7882022983106345,2.2773796616168913,0.75,False,III_context_dependent,0.6658044856500511
EIF1B,4,0.198397129968931,0.4153708148693277,18.003400457332933,83.33648131024006,0.1704029450733605,-1.3269809758190076,1.7237752357568699,0.5,False,III_context_dependent,0.6658044856500511
DDX41,4,0.24121836400888427,0.4230237454228236,41.41717580880781,92.75662827941538,0.3015180610962653,-1.7517277374976632,2.234164465515432,0.5,False,III_context_dependent,0.6704788121897695
RPL37P2,2,-0.29773958174191534,0.4224547565637782,0.9884473131534074,0.0,0.0,,,0.5,False,III_context_dependent,0.6704788121897695
RPSAP8,2,-0.4365918757602438,0.42228594303730127,0.39053794217076104,0.0,0.0,,,0.5,False,III_context_dependent,0.6704788121897695
EIF1AXP1,2,0.6566217049217441,0.43738409025206115,3.427961580062716,70.82814446299295,1.0529898300113927,,,0.5,False,III_context_dependent,0.6886055189000285
RPL36AP26,3,-0.3822644737931197,0.43765226756356534,0.2111480664569364,0.0,0.0,-2.5013419766958207,1.7368130291095816,0.6666666666666666,True,III_context_dependent,0.6886055189000285
EIF2AK3,4,0.24285854412616548,0.4571621010614755,39.70248833292155,92.44379854772885,0.3895461461554867,-1.998978500078021,2.484695588330352,0.75,False,III_context_dependent,0.7061261752064191
EIF2S3,4,-0.14857991070987925,0.4604480731172037,23.126450660759737,87.02784078712818,0.12182762265157587,-1.4308668941365106,1.133707072716752,0.75,False,III_context_dependent,0.7084103849483315
RPS20P33,3,-0.4273284911515227,0.4646014477938588,1.5440328406386603,0.0,0.0,-2.941575468467078,2.0869184861640324,0.6666666666666666,False,III_context_dependent,0.7084469323210985
RPL5P29,2,-1.674005744463211,0.47361077462874956,3.7201563880908686,73.11940962478769,7.9909093137417715,,,0.5,False,III_context_dependent,0.7089544002930356
RPS4XP3,2,-0.7344593109544651,0.4768264708246749,2.9521076241556474,66.12589623029015,1.5212407969257877,,,0.5,False,III_context_dependent,0.7115718103075918
RPL31P49,3,-0.3905880922619851,0.47962416732361934,0.31375120420318775,0.0,0.0,-2.767936901654487,1.9867607171305168,0.6666666666666666,True,III_context_dependent,0.7135512918771637
EIF4A1P2,3,0.45334263086415766,0.48230863922297906,6.5380742534093965,69.40995280136099,0.8623835486072278,-4.412117753113108,5.318803014841423,0.6666666666666666,True,III_context_dependent,0.7153507340157335
EIF2S2P4,3,0.42213361339488337,0.4848374528131114,8.375004946870899,76.11941709064605,0.8236181264030549,-4.269145754088171,5.113412980877937,0.6666666666666666,True,III_context_dependent,0.7165716212899087
RPS6P25,3,0.2788729656287871,0.48608672866882463,1.3474902648997555,0.0,0.0,-1.4437596961443258,2.0015056274019,0.6666666666666666,True,III_context_dependent,0.7165716212899087
EIF4EP2,3,0.4564988682922525,0.4966592517724725,4.103132893292821,51.256757896647784,0.698574666278758,-4.156723242158278,5.069720978742782,0.6666666666666666,False,III_context_dependent,0.7277333447421425
RPL32P3,2,0.6236787363429676,0.5000689755419978,72.38654379615153,98.61852777110603,1.6870396742538454,,,0.5,False,III_context_dependent,0.7305224492104486
RPS6KB2,4,0.16203361340020647,0.5171776019353498,26.580101978995835,88.71336158766184,0.20582499441275892,-1.4867329680218626,1.8108001948222756,0.5,False,III_context_dependent,0.750991427960014
RPL7AP10,3,-0.34189871835903773,0.5263771656844327,2.7572218157530624,27.463217193000744,0.24966730107654345,-3.506320689895319,2.822523253177244,0.6666666666666666,False,III_context_dependent,0.7560964600254876
EIF6,4,0.25122434713117264,0.5367412535037628,64.99467112170652,95.3842369717014,0.606912018306155,-2.545526074278572,3.0479747685409175,0.75,False,III_context_dependent,0.7656456116156616
RPS3P6,2,0.6461139417637164,0.5419398037199881,0.9992026865517261,0.0,0.0,,,0.5,False,III_context_dependent,0.7707941489859067
DHX16,4,0.12004463027327338,0.5493959847983139,16.898474746340685,82.2469184643446,0.11829522981049342,-1.146967357356606,1.3870566179031527,0.5,False,III_context_dependent,0.7791141889683691
EIF3B,4,0.20641789498500657,0.5515318834108451,65.95520371664479,95.4514582156572,0.44209046959160003,-2.179899420706111,2.5927352106761243,0.75,False,III_context_dependent,0.7798628672135857
EIF1P5,2,0.49844496043653447,0.5721956583438069,0.38901412982788736,0.0,0.0,,,0.5,False,III_context_dependent,0.7849931986149186
EIF2B3,4,0.3331169045905214,0.5700612663639244,109.71189991719335,97.26556553822849,1.3196985606633842,-3.7717411373949825,4.437974946576025,0.75,False,III_context_dependent,0.7849931986149186
EIF5A,4,0.33802997972661786,0.5621331758453371,118.87194703503567,97.47627587935797,1.2951357343835264,-3.731500730764343,4.407560690217578,0.5,False,III_context_dependent,0.7849931986149186
RPL23AP49,2,-0.35035711774354467,0.5785536776702568,1.2692559710948028,21.21368559428992,0.21114291642926483,,,0.5,False,III_context_dependent,0.7849931986149186
RPL26,4,0.14289167116599577,0.580018703958035,27.87428305631637,89.23739134764868,0.2296596338737247,-1.5895424133573908,1.8753257556893823,0.75,False,III_context_dependent,0.7849931986149186
RPL34P34,2,-0.6881000693473882,0.5631332011041159,2.3358994318002906,57.18993778643567,1.6711428664904655,,,0.5,False,III_context_dependent,0.7849931986149186
RPL39P36,3,0.4463067613190588,0.5824114737206822,3.83380682796605,47.83253070001286,0.9607820358480157,-5.029369698240728,5.921983220878845,0.6666666666666666,False,III_context_dependent,0.7849931986149186
RPL3L,2,1.3650058026645195,0.5741604338149986,16.000211049085912,93.75008243996176,11.074307289895033,,,0.5,False,III_context_dependent,0.7849931986149186
RPL7AP30,3,-0.36237273047393204,0.571526685130977,3.371980464400894,40.687675355339174,0.550394447409779,-4.57936308852481,3.8546176275769466,0.6666666666666666,True,III_context_dependent,0.7849931986149186
RPL7P19,2,1.9984279664015996,0.5749135408142392,10.73765223019204,90.68697720356217,23.039363121183396,,,0.5,False,III_context_dependent,0.7849931986149186
RPL7P50,3,-0.4448957016345946,0.5726575276336442,2.566990285790317,22.087745673558466,0.4153681241780505,-4.827048602250763,3.9372571989815732,0.6666666666666666,False,III_context_dependent,0.7849931986149186
RPS6KA2,4,-0.48604897077074644,0.5775638304677064,107.5474804092079,97.21053437180929,2.845921631052431,-6.530629537783365,5.558531596241871,0.75,False,III_context_dependent,0.7849931986149186
RPL21P89,2,-0.41464276081485407,0.5902303999028788,0.8293806684599077,0.0,0.0,,,0.5,False,III_context_dependent,0.7907782982124206
DDX60L,4,0.24879810069996283,0.5919086166265355,30.67440278823143,90.21985849011872,0.5829826112993405,-2.5947911115620137,3.0923873129619395,0.5,False,III_context_dependent,0.7908420910850404
EIF3CL,3,-0.270014719998066,0.5943309444284947,6.138404306544142,67.41824259005222,0.5083847616729111,-4.034372610247962,3.4943431702518297,0.6666666666666666,False,III_context_dependent,0.7918970001313733
EIF3I,4,-0.2625545016250112,0.6061589834498673,120.14939386771826,97.50310850231759,0.9612982827522761,-3.7786044598876094,3.2534954566375873,0.5,False,III_context_dependent,0.7947779040016275
RPL23AP82,2,0.23130258374680826,0.6064101178962042,3.6810437948088124,72.8337923767642,0.30838689325001767,,,0.5,False,III_context_dependent,0.7947779040016275
RPL28P2,3,0.6940319462783537,0.609654324584457,22.73891943305292,91.20450729469215,5.053411222948751,-10.609099113166856,11.997163005723564,0.6666666666666666,False,III_context_dependent,0.7947779040016275
RPL39P16,2,-0.4269655493528828,0.6013019078600745,0.7722535306705933,0.0,0.0,,,0.5,False,III_context_dependent,0.7947779040016275
RPS19BP1,4,0.16556750215575974,0.6094336171644674,37.644433106646545,92.03069417594625,0.3543232620934048,-1.9913521535319816,2.322487157843501,0.5,False,III_context_dependent,0.7947779040016275
RPS29P5,2,0.2972232881938618,0.6091048068020892,1.06078367793022,5.7300728880764735,0.04490879831391695,,,0.5,False,III_context_dependent,0.7947779040016275
RPS4XP2,2,0.6332884122555846,0.6190703075071993,0.2806712994505562,0.0,0.0,,,0.5,False,III_context_dependent,0.8028050779170899
RPS4XP14,2,-0.5326185423098045,0.6230084598792154,1.0864169089511375,7.954304488372446,0.1933102133913962,,,0.5,False,III_context_dependent,0.8057576081104519
RPL7P24,2,0.48657816677325544,0.6253747391633492,0.26970002348344757,0.0,0.0,,,0.5,False,III_context_dependent,0.8066668842931498
RPL21P10,3,0.7131524895842067,0.627127960795546,11.003584315529357,81.82410437681293,5.226351422630407,-10.976768931786637,12.403073910955051,0.6666666666666666,False,III_context_dependent,0.8067826551348536
RPS10P5,2,0.5542495325629399,0.6288193005291207,2.1396671725669165,53.2637592976519,1.403710701254039,,,0.5,False,III_context_dependent,0.8068184147000623
DHX40,4,-0.19253009507249513,0.6418650232265128,65.97575842092854,95.4528753108682,0.6473825352015703,-3.0721532940154823,2.6870931038704917,0.5,False,III_context_dependent,0.8187849081271268
EIF2B5-DT,3,0.6239664332316189,0.6447045413022143,24.43322253541715,91.8144239995322,4.997685026086825,-10.619568143197858,11.867501009661096,0.6666666666666666,False,III_context_dependent,0.8187849081271268
RPS15A,4,0.140500123746279,0.6448986286692009,46.29725361759178,93.52013399157639,0.33888637778998554,-1.9508026686315645,2.2318029161241224,0.75,False,III_context_dependent,0.8187849081271268
RPL13P5,2,-0.5626843945069545,0.6468395859469511,2.6392038860618237,62.10978601231967,2.1271643507476865,,,0.5,False,III_context_dependent,0.8191049587056691
RPL7P6,2,-0.5009191094777611,0.6535267591560443,0.46262553871203177,0.0,0.0,,,0.5,False,III_context_dependent,0.8254179119548998
EIF5AP4,3,0.4411107328065786,0.6552337471321801,11.371073095885812,82.41151047807772,2.3800703109148,-7.4411583850578715,8.323379850671028,0.6666666666666666,False,III_context_dependent,0.8254243308028761
RPSAP9,2,0.2164889615023294,0.6647247566123857,1.3626097927413736,26.61141837325675,0.1538523239989469,,,0.5,False,III_context_dependent,0.8310887006724129
EIF4EBP1,4,-0.21544693111747612,0.669864806694241,66.60114048202041,95.4955726309073,0.8876624199846055,-3.6178962652110345,3.1870024029760824,0.75,False,III_context_dependent,0.8351784864953904
EIF3M,4,0.0922895231320651,0.6784510081631603,24.20107872978744,87.60385835071266,0.15500066145773972,-1.3470639938981068,1.531643040162237,0.75,False,III_context_dependent,0.8405322206269742
RPL22L1,4,0.1592021439017683,0.6810910571265997,66.68720456978645,95.50138588151408,0.5537751699533222,-2.5107092376465245,2.8291135254500612,0.5,False,III_context_dependent,0.8405322206269742
RPS15AP10,2,-0.661711895196091,0.6800482954549845,3.848867115930987,74.01832877365749,3.9646542257595088,,,0.5,False,III_context_dependent,0.8405322206269742
RPSAP54,3,-0.15387897528453645,0.6879902750117792,0.7463805587206788,0.0,0.0,-1.8025700222897763,1.4948120717207034,0.6666666666666666,False,III_context_dependent,0.8468915821845506
DHX33,4,0.1801559410836382,0.6930025808089626,87.12345297481019,96.55661030690854,0.7750730901515487,-2.975637420550312,3.3359493027175886,0.75,False,III_context_dependent,0.8509019030185997
RPL10AP2,3,-0.19649085236733005,0.6973336333086819,2.1621489658688393,7.4994354426306264,0.06399486516700675,-2.6275501908629315,2.2345684861282717,0.6666666666666666,False,III_context_dependent,0.851906327845619
RPL37P6,2,0.2993612267954613,0.6956639654700558,0.09647358545869045,0.0,0.0,,,0.5,False,III_context_dependent,0.851906327845619
EIF4H,4,0.10727238085406289,0.702971788931654,55.559430828317154,94.60037665023923,0.2821543945181773,-1.8056342558710456,2.0201790175791716,0.5,False,III_context_dependent,0.8544895178743163
DDX54,4,-0.15406874801716455,0.7135917824261103,75.85721707477558,96.04520160943582,0.6655163263453855,-3.0738105549120793,2.76567305887775,0.75,False,III_context_dependent,0.8630723553034003
RPS15AP24,2,0.29249908937087044,0.7123488314886146,0.4284593909161444,0.0,0.0,,,0.5,False,III_context_dependent,0.8630723553034003
RPL36AL,4,-0.09537034246606657,0.7295937863158,37.96718653087578,92.09844006334171,0.25711665241848536,-1.9324972129654219,1.7417565280332887,0.5,False,III_context_dependent,0.8787422270051455
RPS26P3,3,0.31724305865221053,0.73017137625376,0.7493979908806175,0.0,0.0,-3.6404151692363342,4.274901286540755,0.6666666666666666,True,III_context_dependent,0.8787422270051455
EIF4HP1,3,0.18849985841182348,0.7338080396225801,7.286468690380033,72.55186174558739,0.663852847876468,-4.0515420781537985,4.428541794977446,0.6666666666666666,False,III_context_dependent,0.88093291885384
RPL4P5,3,-0.2329335219550655,0.7407145988138866,9.915794042535609,79.83015791352024,1.1536556971963379,-5.75839199171731,5.292524947807178,0.6666666666666666,False,III_context_dependent,0.8848437941495936
RPL9P7,3,-0.11890075151430235,0.7401071764469664,1.1253546403151635,0.0,0.0,-1.6611709657951488,1.423369462766544,0.6666666666666666,True,III_context_dependent,0.8848437941495936
EIF2AK3-DT,3,0.3716374805542603,0.7442379523912054,27.7865294252932,92.80226771257205,3.6101753422544083,-9.160263620877755,9.903538581986277,0.6666666666666666,False,III_context_dependent,0.8853643819564065
EIF3D,4,-0.08220355573515466,0.744801376986008,32.99431563772504,90.90752469928529,0.20935668826688952,-1.7454245142127047,1.5810174027423956,0.75,False,III_context_dependent,0.8853643819564065
RPL18AP7,3,-0.22196121858153894,0.7547243977765058,4.712102430881203,57.55610092656702,0.8708729804386561,-5.268435801897434,4.824513364734356,0.6666666666666666,False,III_context_dependent,0.8876937554352133
RPS19P1,2,0.287158957236396,0.7559124144221507,0.14406730155500672,0.0,0.0,,,0.5,False,III_context_dependent,0.8876937554352133
RPS27L,4,-0.025643272393440292,0.7523066993527318,3.488972373967215,14.014796380036046,0.004508342272934299,-0.3610908278257523,0.30980428303887175,0.75,False,III_context_dependent,0.8876937554352133
EIF4G3,4,0.06010546461993483,0.7599138400956822,26.177350328809823,88.53971100085592,0.13068187964629852,-1.2496036658855643,1.369814595125434,0.75,False,III_context_dependent,0.8884036673674964
RPL21P11,2,-0.17892739403616742,0.7620122177832547,0.2637837943528435,0.0,0.0,,,0.5,False,III_context_dependent,0.8884036673674964
RPL5P4,3,-0.13858219082859138,0.7607415115470947,1.4884287372098706,0.0,0.0,-2.096733098880878,1.8195687172236952,0.6666666666666666,False,III_context_dependent,0.8884036673674964
RPS6KA1,4,-0.11429325634980471,0.7742012560572233,82.19194617407766,96.35000734299905,0.5893799017036835,-2.8668773954984754,2.6382908827988656,0.5,False,III_context_dependent,0.9004499021289049
RPS10P3,3,0.10299312170942548,0.7768932631378355,1.138179919637997,0.0,0.0,-1.4608411533065138,1.6668273967253648,0.6666666666666666,False,III_context_dependent,0.9014192167986848
DDX6,4,0.03695118590676075,0.7914172945686784,10.872137535631191,72.40653008510868,0.048897384957109324,-0.7954783217418657,0.8693806935553872,0.75,False,III_context_dependent,0.9074169925905651
RPL13AP20,2,-0.09069981035270809,0.7865108032205956,1.2792348318555777,21.828269908077566,0.056841804161444416,,,0.5,False,III_context_dependent,0.9074169925905651
RPL31P52,2,-0.31477312361946147,0.7905570403905116,0.3121043183936654,0.0,0.0,,,0.5,False,III_context_dependent,0.9074169925905651
RPL5P30,3,0.5325074289572966,0.7885032326492223,32.15501292355117,93.78013000724017,11.064998248291348,-16.13467477917917,17.199689637093762,0.6666666666666666,False,III_context_dependent,0.9074169925905651
RPL9P18,2,-0.21435945056884498,0.7867222287913497,0.5379014064716863,0.0,0.0,,,0.5,False,III_context_dependent,0.9074169925905651
RPS15AP38,2,0.2658381201709287,0.7956903243308221,0.037693044435090285,0.0,0.0,,,0.5,False,III_context_dependent,0.9101646398595489
DDX11,4,0.07930535689157395,0.7995763825824592,37.71147096871142,92.04486082632775,0.34203183589274305,-2.030724101982108,2.1893348157652555,0.5,False,III_context_dependent,0.9103158346302646
RPL22P24,2,-0.12482442125299704,0.7988772349364163,0.04156977397831797,0.0,0.0,,,0.5,False,III_context_dependent,0.9103158346302646
RPL35P5,3,-0.19992524382051266,0.8048060898903503,3.85388013757485,48.10425003880505,0.9657001063690237,-5.676564164310808,5.276713676669782,0.6666666666666666,False,III_context_dependent,0.912838762641027
RPS3AP21,3,0.1186042914665101,0.8055566812584734,2.1783840158721586,8.188823208966626,0.06092632830295827,-2.210679875150394,2.447888458083414,0.6666666666666666,False,III_context_dependent,0.912838762641027
DDX59,4,-0.03901329657152697,0.8104174484136342,6.172694466191203,51.398858044384646,0.05200397394466169,-0.9303995000737151,0.8523729069306611,0.5,False,III_context_dependent,0.9144276929124342
RPS20P22,2,-0.16486287166431496,0.8155691685186959,0.8922361998159836,0.0,0.0,,,0.5,False,III_context_dependent,0.9177518485651218
RPS26P47,2,-0.22134054618588367,0.8271022626873871,1.109868880580779,9.89926670646772,0.2033173593564977,,,0.5,False,III_context_dependent,0.9264309408854104
DDX60,4,0.03425529062324235,0.8485175664296923,1.5224481715364893,0.0,0.0,-0.5364765199335777,0.6049871011800625,0.75,False,III_context_dependent,0.9269253072364417
EIF2S3B,3,-0.07130624329545683,0.8383184312735237,0.18676628700172615,0.0,0.0,-1.574926475094158,1.4323139885032445,0.6666666666666666,False,III_context_dependent,0.9269253072364417
EIF4A3,4,0.0713961811987712,0.833050566776937,41.25032747286608,92.72733046307728,0.3962991432895719,-2.2035993254611315,2.3463916878586737,0.5,False,III_context_dependent,0.9269253072364417
RPL31P17,2,0.21136705745352782,0.8448117580628589,0.06794297210984443,0.0,0.0,,,0.5,False,III_context_dependent,0.9269253072364417
RPL5P3,2,-0.20175792355442762,0.8345777756129087,0.6945704355352648,0.0,0.0,,,0.5,False,III_context_dependent,0.9269253072364417
RPL5P34,3,-0.0874634365216191,0.8468564438139445,3.604768535610324,44.51793561104806,0.2762640073321172,-3.072637484608808,2.89771061156557,0.6666666666666666,False,III_context_dependent,0.9269253072364417
RPL9P28,2,0.19896819769470545,0.844714032283175,0.9195957710436738,0.0,0.0,,,0.5,False,III_context_dependent,0.9269253072364417
RPS11P5,2,0.10055657343314055,0.8404937642073445,2.85274066123138,64.94598988299371,0.32939120261500343,,,0.5,False,III_context_dependent,0.9269253072364417
RPS15AP1,3,0.06690833411231208,0.8421228566027492,0.13428241900143081,0.0,0.0,-1.3784426716266571,1.5122593398512811,0.6666666666666666,False,III_context_dependent,0.9269253072364417
RPL37P23,2,0.27445164185346765,0.8514818926343577,0.01260481446890529,0.0,0.0,,,0.5,False,III_context_dependent,0.928019590848682
RPS26P58,2,0.16872741972687993,0.8550566671050699,0.19174904663342773,0.0,0.0,,,0.5,False,III_context_dependent,0.9298261962913876
EIF5AL1,3,0.2025208530260547,0.8590366981935205,35.61229492933748,94.38396204465779,3.6052849816664163,-9.327254694748019,9.732296400800129,0.6666666666666666,False,III_context_dependent,0.9320644264515826
RPL11P3,3,-0.14170060593290254,0.8635521042351211,2.953146328373415,32.27562140134131,0.6796616998100924,-5.158539947824495,4.87513873595869,0.6666666666666666,False,III_context_dependent,0.9348722557009681
RPL23AP57,2,0.09172219681137542,0.8703917390288396,0.11623613708679496,0.0,0.0,,,0.5,False,III_context_dependent,0.9401781590846041
EIF4A1P4,3,0.1792123695437541,0.8811172653568208,7.6712673908364275,73.92868872764019,3.1066519309624434,-8.991215831056701,9.349640570144208,0.6666666666666666,False,III_context_dependent,0.9454466232257922
RPL5P17,3,-0.0920054013620698,0.8800741537582836,0.0757893519878552,0.0,0.0,-2.7158114151677553,2.531800612443616,0.6666666666666666,False,III_context_dependent,0.9454466232257922
DHX35,4,-0.017808425158525806,0.8879929547463958,6.16272091086881,51.320203471990986,0.031867016180265634,-0.7139878959131676,0.678371045596116,0.5,False,III_context_dependent,0.9468955046973465
RPL15P5,2,-0.12350096882816253,0.8863494240634704,1.4614445575946682,31.574551028753422,0.4995721288853632,,,0.5,False,III_context_dependent,0.9468955046973465
RPL19P16,2,-0.16138380597956387,0.8922293724673965,1.088981073520499,8.171039486741275,0.24923711327854756,,,0.5,False,III_context_dependent,0.9468955046973465
RPL37P12,2,-0.24638744190012488,0.8916160239775048,3.237690326232758,69.11378485157478,4.607935992255676,,,0.5,False,III_context_dependent,0.9468955046973465
RPS10P2,2,0.1221090841824137,0.8922054804095971,0.25142767902311297,0.0,0.0,,,0.5,False,III_context_dependent,0.9468955046973465
DDX12P,3,0.1555686151518273,0.899683552869068,71.067391881086,97.18576980657105,3.812681219678179,-9.783109811189881,10.094247041493535,0.6666666666666666,False,III_context_dependent,0.947547743161107
EIF3LP2,3,0.07503782767787756,0.8993877621556884,0.4632267865087862,0.0,0.0,-2.4785449794694716,2.6286206348252263,0.6666666666666666,False,III_context_dependent,0.947547743161107
RPL32P16,3,-0.05102565248375369,0.8949439146730173,1.5559370972970623,0.0,0.0,-1.7136074044298704,1.6115560994623628,0.6666666666666666,False,III_context_dependent,0.947547743161107
RPL7P22,2,0.1102851370900804,0.9006587826747842,0.11565999352736989,0.0,0.0,,,0.5,False,III_context_dependent,0.947547743161107
RPL35P1,3,-0.06683793030955777,0.9074592950711472,2.742879527007754,27.08392839324489,0.27704937892330306,-3.4208429757255163,3.2871671151064006,0.6666666666666666,False,III_context_dependent,0.9512518959124221
RPS24P17,2,-0.13746655389188828,0.908721645814792,0.06370662231126076,0.0,0.0,,,0.5,False,III_context_dependent,0.9512518959124221
RPS3AP38,3,0.08483034285386826,0.9100636694914719,8.367558223046274,76.09816452198065,1.2794864117317668,-5.757072962827617,5.926733648535353,0.6666666666666666,False,III_context_dependent,0.9512518959124221
RPL26L1,4,0.027412614214129525,0.9126065897149739,20.522169499815266,85.3816624990501,0.198604388117239,-1.598408072179582,1.653233300607841,0.5,False,III_context_dependent,0.9518584860468007
RPL23P2,2,0.19320595748030542,0.9168959213085649,14.831156321760261,93.25743739527039,6.394821944764331,,,0.5,False,III_context_dependent,0.9522366634575031
RPS3AP49,2,0.05636433758714264,0.9152004266100999,0.9531643482613545,0.0,0.0,,,0.5,False,III_context_dependent,0.9522366634575031
RPL7P47,2,-0.11051318286650726,0.9236130230823546,1.3390772082397508,25.321707079569816,0.7333490626206538,,,0.5,False,III_context_dependent,0.9571630687926111
RPL12P12,3,-0.0483018065349568,0.9335899457567729,0.3289112229064379,0.0,0.0,-2.5423424420507836,2.4457388289808697,0.6666666666666666,False,III_context_dependent,0.9616302130951409
RPS10P7,2,-0.08755347658635207,0.9378373006061889,5.079424080692601,80.31272868510625,2.08013230169179,,,0.5,False,III_context_dependent,0.9616302130951409
RPS18P12,3,-0.026880424123845906,0.9337487939505345,0.4495440701397576,0.0,0.0,-1.4181738051930233,1.3644129569453316,0.6666666666666666,False,III_context_dependent,0.9616302130951409
RPS27AP7,2,-0.076716457731226,0.9346082373822835,1.833425618161559,45.45729098065426,0.9257992271800737,,,0.5,False,III_context_dependent,0.9616302130951409
RPS29P16,3,-0.07370685546490363,0.9362442506494089,6.512281061009505,69.28879479765622,1.671350421174903,-6.90449369814019,6.757079987210382,0.6666666666666666,False,III_context_dependent,0.9616302130951409
RPL7P15,2,-0.0627209535592829,0.9429167437665722,2.6009924630374046,61.553137342343035,0.9448366316986271,,,0.5,False,III_context_dependent,0.964798777904615
EIF4A1P10,3,0.05531799627073258,0.947974010295453,35.19791603726034,94.31784541481714,2.0176385668612586,-7.062097553204467,7.172733545745931,0.6666666666666666,False,III_context_dependent,0.9679313578806205
EIF4A2,4,0.005021740514305243,0.9539078086216592,4.767303967110867,37.07135058522202,0.011050697959306651,-0.42899463360750045,0.439038114636111,0.75,False,III_context_dependent,0.9699062624350204
RPS20P14,3,-0.017348829100413406,0.9537160859885879,0.2944443021053974,0.0,0.0,-1.3034426888443196,1.2687450306434929,0.6666666666666666,False,III_context_dependent,0.9699062624350204
RPL13AP6,2,-0.03200949140445114,0.9593285230586465,1.42179716560084,29.666479565852267,0.2853719218333769,,,0.5,False,III_context_dependent,0.9727421476833588
RPL23AP43,2,0.05613303832461569,0.9607082242068636,0.0165608190169513,0.0,0.0,,,0.5,False,III_context_dependent,0.9727421476833588
RPS15AP12,2,0.02919393452538362,0.963040798262316,0.0810416072736066,0.0,0.0,,,0.5,False,III_context_dependent,0.9730724732442152
DDX50P1,3,0.03913561282452339,0.9721347660024953,10.288182799140484,80.56022099289403,2.9982734815328933,-8.834662736634723,8.91293396228377,0.6666666666666666,False,III_context_dependent,0.9799337340925885
EIF1P4,2,0.025619050708048072,0.9738722883146962,0.49639632109042175,0.0,0.0,,,0.5,False,III_context_dependent,0.9799337340925885
RPS26,4,-0.009366954049848688,0.9824778088244743,86.18211539229685,96.51899934650694,0.674327703848306,-2.954164634561562,2.935430726461864,0.5,False,III_context_dependent,0.9865460399169153
RPL26P30,2,0.00886694711249259,0.9904292302236418,0.15762817340805038,0.0,0.0,,,0.5,False,III_context_dependent,0.9924755716084014
EIF3C,3,0.0015610198712472133,0.9975974066989716,52.66338297332952,96.20229486394206,0.747228573101866,-4.335313008620011,4.338435048362506,0.6666666666666666,False,III_context_dependent,0.9975974066989717
DHX15,4,0.7463721929341723,2.2642188284775203e-21,5.454933289086782,45.00391038691814,0.01069674746268642,0.3329044313752163,1.1598399544931284,1.0,True,II_conserved_high_het,1.0981461318115974e-18
DDX56,4,0.7332700226776628,4.3166670308329746e-08,9.058875880577638,66.88330826529985,0.04327963480289833,-0.0540330232585996,1.5205730686139254,1.0,True,II_conserved_high_het,4.187167019907986e-06
EIF2B2,4,0.5099977717559405,9.129693796678298e-07,3.9397996521044987,23.85399601734803,0.011375080708326409,0.03618745230717396,0.9838080912047071,0.75,True,II_conserved_high_het,7.379835818981624e-05
DDX39A,4,0.6484964286399547,1.6477004668501823e-05,8.675862253819396,65.42130439335523,0.0520961167576511,-0.22163805551396665,1.518630912793876,1.0,True,II_conserved_high_het,0.0008879274738025982
EIF5A2,4,1.2958054064350246,8.51894458663484e-05,6.4293415644906835,53.3389232799665,0.22131365437328432,-0.5325591925861526,3.124170005456202,1.0,True,II_conserved_high_het,0.0037560801131980887
EIF2S1,4,0.8957123395038716,9.449806172991349e-05,21.753022060546183,86.20881277254277,0.16858658981304214,-0.6011159049019182,2.3925405839096614,1.0,True,II_conserved_high_het,0.003819296661584003
EIF3F,4,-0.49534859636502027,0.00016140164333256532,8.136763604787607,63.13030406542936,0.03711881700080455,-1.2373212784289493,0.2466240856989088,1.0,True,II_conserved_high_het,0.006021522847407244
EIF4ENIF1,4,0.5318611232001087,0.00019963429223705627,10.338285125125646,70.981647694075,0.05475052993970092,-0.34083539248266126,1.4045576388828787,0.75,True,II_conserved_high_het,0.0069159022667837355
DDX42,4,0.23439828417892264,0.00023916098137590584,3.2852451278831403,8.682613223048564,0.0019306725752800164,-0.012152120977440367,0.4809486893352857,0.75,True,II_conserved_high_het,0.007732871731154289
RPL31,4,-0.5245339866196684,0.00025906134919469404,8.635262076803016,65.25872668000514,0.045635946211685714,-1.3436818570361095,0.29461388379677267,1.0,True,II_conserved_high_het,0.007852797147464162
DDX19A,3,0.49738589936221356,0.00031975407289994547,3.7293304176428634,46.37106997711114,0.027207282575204474,-0.4285298027832001,1.4233016015076272,1.0,True,II_conserved_high_het,0.009122395609204326
EIF1AD,4,0.8435337098054513,0.00040450314899430904,20.343652375737584,85.25338545610481,0.17130803358220276,-0.676665485989764,2.3637329056006666,1.0,True,II_conserved_high_het,0.010899112625679993
RPS27,4,-0.7854233946523447,0.0004299121952857504,22.964504076443667,86.93636061108188,0.15130195535286442,-2.2124275938847315,0.6415808045800423,1.0,True,II_conserved_high_het,0.010974074458609945
DDX24,4,0.7211741610431475,0.000463788369208632,18.771055687020525,84.01794736523857,0.1202189247614388,-0.5623225527612072,2.004670874847502,0.75,True,II_conserved_high_het,0.011246867953309326
DHX38,4,0.3788811427779368,0.0006067988721848833,5.8472494800480455,48.693825870837486,0.021489945876698616,-0.20535433120064422,0.9631166167565177,0.75,True,II_conserved_high_het,0.012795541435202975
EIF4B,4,-0.8402821145945343,0.0005948575294548487,33.1562599146439,90.95193484511499,0.1973524666107008,-2.454349850814281,0.7737856216252126,1.0,True,II_conserved_high_het,0.012795541435202975
DDX31,4,0.5449714264101101,0.0007026709150448533,10.78295557399734,72.17831438316988,0.07071252395296826,-0.4440383838068359,1.533981236627056,1.0,True,II_conserved_high_het,0.013965924405199816
RPL30,4,-0.44577759349698,0.0010292612398593462,9.746446852250582,69.21955205340026,0.046789678021403124,-1.2586018301947903,0.36704664320083025,1.0,True,II_conserved_high_het,0.019199680820453188
DDX46,4,0.3272297820121658,0.0013402808504643798,5.656076725709035,46.95970112350402,0.018416548907994927,-0.21309803282127693,0.8675575968456085,1.0,True,II_conserved_high_het,0.022180495326751874
DHX57,4,0.4541885525395066,0.0014634553617650721,9.644364333647962,68.89375083505108,0.054189542352991935,-0.4148317979113885,1.3232089029904017,1.0,True,II_conserved_high_het,0.022180495326751874
EIF2D,4,-0.36714773399153927,0.001290045080107658,6.433862189833132,53.37170875775617,0.026287756637123235,-0.9980689813253265,0.2637735133422479,1.0,True,II_conserved_high_het,0.022180495326751874
RPL38,4,-0.37767765767042794,0.0014227837701980652,8.281259556431461,63.77362671032193,0.032573582205878686,-1.0646061701463405,0.30925085480548464,1.0,True,II_conserved_high_het,0.022180495326751874
DDX20,4,0.598950519580907,0.0017289910058324429,17.879378628480318,83.2208933971494,0.11817292513319093,-0.6528296666278107,1.8507307057896245,1.0,True,II_conserved_high_het,0.022990965959681513
RPL10,4,-0.5060943583330317,0.00207750316236488,16.482551890870305,81.79893489877801,0.07512192841591321,-1.5231868824573023,0.5109981657912388,1.0,True,II_conserved_high_het,0.026515500888078074
DDX5,4,0.7756969937000852,0.002254119655844432,26.94320921470309,88.86546893469959,0.20987546493061068,-0.8912665380913024,2.4426605254914726,1.0,True,II_conserved_high_het,0.02790838097660096
RPL15,4,-0.5285724053062304,0.002301722142400079,14.424517437990072,79.2020772071109,0.0794831273432802,-1.5819149982083796,0.5247701875959188,1.0,True,II_conserved_high_het,0.02790838097660096
EIF5,4,0.7871021168853152,0.002706782525647215,30.01093285336407,90.00364295685759,0.23142719225094366,-0.9568667671954594,2.5310710009660897,1.0,True,II_conserved_high_het,0.03201925670582681
RPL11,4,-0.41217864154337,0.003236640818512021,8.832995601924758,66.03643729488235,0.04313863504004669,-1.2092917672752859,0.384934484188546,1.0,True,II_conserved_high_het,0.03650629760414721
DDX28,4,0.4973152069616363,0.0034411321862116537,7.554364430724867,60.28785707241635,0.06409368993646493,-0.47317513721425813,1.4678055511375308,1.0,True,II_conserved_high_het,0.03793066159801482
RPL13A,4,-0.5153588618947951,0.004100926775271322,13.460474493364563,77.71252416488831,0.08682534689184276,-1.6134794115961915,0.5827616878066013,1.0,True,II_conserved_high_het,0.043238032304491116
DHX9,4,0.5936549589434545,0.004446559411954493,24.66906813123805,87.83902179020234,0.14190282995933032,-0.7768538040013448,1.964163721888254,1.0,True,II_conserved_high_het,0.04492877739162352
EIF4E3,4,-0.5836319266862955,0.0050376196964298904,4.794151498559909,37.423754737388784,0.064907770922377,-1.6305166092778678,0.4632527559052768,0.75,True,II_conserved_high_het,0.04986215413813259
RPL4P6,2,1.6383807208272851,0.005258988034752203,1.7444424681331974,42.6750942912928,0.2966117993741788,,,1.0,True,II_conserved_high_het,0.05101218393709637
EIF3L,4,-0.7935812728345537,0.005388378058734996,38.36842997197112,92.18107177647988,0.2694320114305601,-2.6783664769164037,1.0912039312472965,1.0,True,II_conserved_high_het,0.05101280108283487
RPL34,4,-0.650900452348189,0.005506702589648305,25.905761428636836,88.41956447308385,0.17882842002430138,-2.1897530354076165,0.8879521307112385,1.0,True,II_conserved_high_het,0.05101280108283487
RPS11,4,-0.3230856931821444,0.0056217313015048745,5.880378472365202,48.98287560743787,0.024210919210411776,-0.9420235816274363,0.29585219526314743,1.0,True,II_conserved_high_het,0.05101280108283487
RPS4X,4,-0.7452365861082717,0.0056797757906661495,27.771355725364984,89.19750252862178,0.2116578681320806,-2.4420025724690113,0.9515294002524681,1.0,True,II_conserved_high_het,0.05101280108283487
RPL28,4,-0.7377388372322599,0.005834034935851758,27.38307234680305,89.04432650213464,0.23616805807525493,-2.5032735831066955,1.027795908642176,1.0,True,II_conserved_high_het,0.051445580797965504
RPS9,4,-0.6264093051955529,0.006045396423352811,18.874885010015824,84.10586343488677,0.15248111467635203,-2.0657221016824785,0.8129034912913727,1.0,True,II_conserved_high_het,0.052357451166537734
RPL17,4,0.8152802052688791,0.006670199856105689,26.31027911865531,88.59761241425656,0.3069418096488195,-1.1905587864304468,2.8211191969682052,0.75,True,II_conserved_high_het,0.056755209301951916
RPL18,4,-0.6048853793532433,0.007498443916212309,15.968738022524407,81.21329314960015,0.14954287868348504,-2.0306756401961916,0.820904881489705,1.0,True,II_conserved_high_het,0.061639750836660505
RPS28,4,-0.5956677907502363,0.0079111222558453,13.440720025945327,77.67976719841688,0.1362590390852695,-1.9702608935702306,0.7789253120697579,1.0,True,II_conserved_high_het,0.0639482382347495
RPL19,4,-0.5195489157393287,0.008383732764025919,16.204943825942102,81.48713113588599,0.10484167401004735,-1.7258716992370122,0.6867738677583548,1.0,True,II_conserved_high_het,0.06558242565407373
DHX30,4,0.4252258493685058,0.008597234554737784,11.923111616227207,74.83878289022275,0.07168393716458756,-0.570385035432465,1.4208367341694768,1.0,True,II_conserved_high_het,0.0656505669909553
RPS6,4,-0.2885258976743778,0.008663167602930184,7.9630813902570905,62.3261416909473,0.02742408177576863,-0.921062073112126,0.3440102777633704,1.0,True,II_conserved_high_het,0.0656505669909553
RPS6KA3,4,0.4690579409660592,0.009205029022102507,12.140625484895338,75.28957627650712,0.08798689639054363,-0.6353245695698493,1.5734404515019675,1.0,True,II_conserved_high_het,0.06868367808799564
DHX29,4,0.5101462325128285,0.0107332610489626,14.923636478998628,79.89766097410798,0.11870654083128805,-0.757609507932578,1.777901972958235,1.0,True,II_conserved_high_het,0.07549040090522106
RPS13,4,-0.42270091744920596,0.010620095489822588,14.145287218043816,78.79152290260193,0.07429274545473372,-1.4374187465227166,0.5920169116243046,1.0,True,II_conserved_high_het,0.07549040090522106
RPS23,4,-0.5123444838119572,0.011645910709977614,14.225937397228433,78.91175873876351,0.09852179263534769,-1.702124000099332,0.6774350324754178,1.0,True,II_conserved_high_het,0.0806895242048449
RPS14,4,-0.5144192390595074,0.01204372754325242,16.35696468289466,81.65918886443976,0.11779363471468124,-1.7864764769026982,0.7576379987836835,1.0,True,II_conserved_high_het,0.08227053321799188
RPL7A,4,-0.5833609888590681,0.012756606569575125,31.179121359749924,90.37817658366475,0.17529442131977332,-2.110141159228199,0.943419181510063,1.0,True,II_conserved_high_het,0.085929919253388
EIF4G1,4,0.7339553947892384,0.013447862664022567,36.86873041483586,91.86302330933313,0.29326555603975085,-1.2315555757475662,2.699466365326043,0.75,True,II_conserved_high_het,0.08595205275786298
RPL13P12,3,-0.46250939519489964,0.012938612128974538,6.466144418399205,69.06966701348234,0.06191007100581506,-1.7993695366975255,0.8743507463077264,1.0,True,II_conserved_high_het,0.08595205275786298
RPS2,4,-0.3953422638598963,0.01383052355807359,11.031579001403324,72.80534364465531,0.06582123528414456,-1.3585992652096053,0.5679147374898126,1.0,True,II_conserved_high_het,0.08711433669695702
RPS3A,3,-0.4704559536099072,0.01510647525724633,8.795521671739092,77.26115545339165,0.07390392559071877,-1.906484071260691,0.9655721640408764,1.0,True,II_conserved_high_het,0.09393128845851885
RPL13,4,-0.4550409989475471,0.015550514764615036,12.330187696817628,75.66947013487648,0.0873198546017168,-1.5697923675942764,0.6597103696991823,1.0,True,II_conserved_high_het,0.09427499576047865
RPL7,4,-0.5086776880943996,0.015455614785743468,23.12725567808495,87.02829232418287,0.13360198464988346,-1.8503321375268125,0.8329767613380133,1.0,True,II_conserved_high_het,0.09427499576047865
EIF4G2,4,0.7066117934363378,0.015892278406381577,51.879105216526085,94.21732509171275,0.30346692399102093,-1.2791294931169412,2.692353079989617,0.75,True,II_conserved_high_het,0.09515746947030944
RPL29,4,-0.2944882054626176,0.016475110843542504,8.262440290904886,63.691114315194085,0.03317563353468199,-0.993570767272234,0.40459435634699875,1.0,True,II_conserved_high_het,0.09744425315997701
EIF3E,4,-0.45825750688582023,0.016744543610286978,23.28919495195045,87.11848989976035,0.12357039849823875,-1.7322887054908391,0.8157736917191986,0.75,True,II_conserved_high_het,0.0978446223010745
RPL27A,4,-0.3253457814448068,0.01752350142315493,7.981440086847836,62.412798099637044,0.04014681384845235,-1.0977300360950717,0.44703847320545814,1.0,True,II_conserved_high_het,0.09998703753211931
RPS25,4,-0.46006578118324937,0.019449425023873434,14.465394452186272,79.26084898744959,0.09515370114646822,-1.6246618181912138,0.7045302558247151,1.0,True,II_conserved_high_het,0.10842495559285764
RPL39,4,-0.2830949458581913,0.019740991296837183,7.025405770060956,57.2978401790738,0.030101115213684058,-0.9570505759784274,0.3908606842620448,1.0,True,II_conserved_high_het,0.10879978157915948
EIF4BP6,3,-1.0139278206789222,0.020300185925670924,9.67467273855231,79.32746611644794,0.4254912071666635,-4.391905895019372,2.364050253661527,1.0,True,II_conserved_high_het,0.10911659281480579
RPL23A,4,-0.3248392329675257,0.020473422569375933,6.801383839091388,55.89132930923103,0.035712629776140765,-1.073619025505847,0.42394055957079557,1.0,True,II_conserved_high_het,0.10911659281480579
RPLP0,4,-0.5565860990636843,0.020072392421056327,23.183147529706826,87.059565591101,0.16096215984521894,-2.043408616995296,0.9302364188679274,1.0,True,II_conserved_high_het,0.10911659281480579
RPL14,4,-0.5174266935908396,0.021293156839046697,26.449093416047535,88.65745622048505,0.15826786581328975,-1.9714874387918242,0.936634051610145,1.0,True,II_conserved_high_het,0.11225196811888748
DDX27,4,0.2248482743453371,0.021823069758307792,4.33832425843175,30.848875711183872,0.012164813919386022,-0.2447827033010051,0.6944792519916794,0.75,True,II_conserved_high_het,0.1125977535402051
RPL23,4,-0.45155965982112406,0.02161523771193997,18.992609999041107,84.2043826511919,0.11137166625465963,-1.6841811996380238,0.7810618799957758,1.0,True,II_conserved_high_het,0.1125977535402051
RPLP1,4,-0.2878795329892032,0.022481532928433582,7.226585741204815,58.48661999684735,0.032924754481230036,-0.9911736046566153,0.4154145386782089,1.0,True,II_conserved_high_het,0.11357857781552383
RPS6KL1,4,0.892849157542688,0.02229189111011111,21.86272323403525,86.27801318305266,0.4904868157293538,-1.6593054425936449,3.4450037576790207,1.0,True,II_conserved_high_het,0.11357857781552383
RPL36A,3,0.8143230698630871,0.02294590478280189,10.082338389205338,80.16333192961167,0.2988087159921307,-1.997281251934806,3.6259273916609804,1.0,True,II_conserved_high_het,0.11472952391400944
RPL18A,4,-0.3065199664363464,0.0236206391664934,5.353143795236002,43.958165243574584,0.03011974674597428,-1.0071070612151631,0.3940671283424705,1.0,True,II_conserved_high_het,0.1168980611811153
RPS15,4,-0.574137063636307,0.02540251620165927,18.970156629638172,84.18568671534885,0.18929269920971292,-2.1820412504761943,1.03376712320358,1.0,True,II_conserved_high_het,0.12320220357804745
RPS3,4,-0.5585235215597345,0.02532190286808486,22.011935188565392,86.37103019657073,0.18536941803127407,-2.1425299099075765,1.0254828667881077,1.0,True,II_conserved_high_het,0.12320220357804745
RPS19,4,-0.40929880447503736,0.02575305534728093,13.502858373399123,77.78248192316039,0.08940208247184273,-1.525844687045323,0.7072470780952482,1.0,True,II_conserved_high_het,0.123665661816151
RPL22,4,-0.6390579538968327,0.027426624101023832,33.90259374567128,91.15111952051443,0.2740061416743625,-2.54314305094646,1.2650271431527949,1.0,True,II_conserved_high_het,0.13041090871565253
RPS12,4,-0.39324970680732696,0.028181862844592034,16.806388450271104,82.14964500626185,0.09318471369593467,-1.5197161498090792,0.7332167361944252,1.0,True,II_conserved_high_het,0.13270100465657414
RPL3,3,-0.6565636869978069,0.0302099013569667,30.111919692831496,93.35811193573247,0.234429004089143,-3.113976777446324,1.80084940345071,1.0,True,II_conserved_high_het,0.13822454866159292
RPL6,3,-0.568072441286204,0.030519502377283195,23.559663881517206,91.51091454420528,0.17204045024392925,-2.6803108006530008,1.544165918080593,1.0,True,II_conserved_high_het,0.13833606217740513
RPL13AP5,3,-0.5295960387050174,0.03176371023247341,4.092406998156751,51.129005475241975,0.09656577374830085,-2.236560834923705,1.1773687575136702,1.0,True,II_conserved_high_het,0.14264258761805187
DDX51,4,0.289603541005414,0.03470739037154692,7.0967423550501545,57.727083076854946,0.0398712006152568,-0.48129922245008544,1.0605063044609135,0.75,True,II_conserved_high_het,0.1530280393654569
RPL12,4,-0.3266064950713536,0.0345972228522179,13.411187679463001,77.63061652925788,0.06477143718955551,-1.274219083098931,0.621006092956224,1.0,True,II_conserved_high_het,0.1530280393654569
EIF3H,4,-0.36753337072138004,0.03621343807924197,16.261080998416368,81.55104202302317,0.09220415013651925,-1.4836383038618592,0.7485715624190991,0.75,True,II_conserved_high_het,0.15485503514664364
EIF4E,4,0.7225266145262644,0.036027617712018366,55.95401217430414,94.63845418152572,0.43595551593122533,-1.6477347063778747,3.0927879354304033,0.75,True,II_conserved_high_het,0.15485503514664364
RPL12P14,2,1.7591529937551036,0.0380635956617739,2.028413302882326,50.700382482257226,0.7624852314047295,,,1.0,True,II_conserved_high_het,0.16052907735617689
RPL41P1,3,-0.5940499595585306,0.03880347167701762,17.279792761909967,88.42578711702711,0.19804948883304363,-2.8736658810524522,1.6855659619353913,1.0,True,II_conserved_high_het,0.16223865313235813
RPL4,4,-0.46665696360277575,0.039800260979013784,21.080723398169408,85.76898931153136,0.1495722446446087,-1.8937927729166995,0.9604788457111479,1.0,True,II_conserved_high_het,0.16498398781898876
RPLP2,4,-0.28418651955388563,0.04526997523376419,10.358456666294089,71.0381565840609,0.04994294942952808,-1.126725949556794,0.5583529104490229,1.0,True,II_conserved_high_het,0.1799667048227511
RPL7P1,3,-1.127476859487112,0.048540872405308196,10.404852652493686,80.7781996843495,0.6831153138289282,-5.451173032368651,3.196219313394426,1.0,True,II_conserved_high_het,0.19058627231998462
RPL9,4,-0.28918182765598743,0.050333478140432,11.645587115714742,74.23916913599184,0.05604729617552202,-1.1773067489354543,0.5989430936234793,1.0,True,II_conserved_high_het,0.19374394363578984
RPL27,4,-0.21772762274737345,0.05086447163188151,5.391672581976489,44.35863909784643,0.021535567510525527,-0.8042741288030423,0.3688188833082954,1.0,True,II_conserved_high_het,0.19424621056269709
DDX58,4,-0.4265912938097804,0.051451462220129314,3.058925758667829,1.9263546524741821,0.004162655230297261,-1.153235277404822,0.3000526897852613,0.75,True,II_conserved_high_het,0.19495280606845872
RPS2P5,3,-0.4567706895690567,0.05413998646252249,9.54186983146297,79.03974760371094,0.11320057829750557,-2.227991702069222,1.3144503229311089,1.0,True,II_conserved_high_het,0.20198379564864158
DHX34,4,0.3770533754013028,0.05560009442666908,15.721765768739939,80.91817392442654,0.11781902042363987,-0.8824103603375932,1.6365171111401988,1.0,True,II_conserved_high_het,0.2038828432749086
DHX37,4,0.39958870964762544,0.0559623402203485,11.301601383684451,73.4550892554842,0.11143438061543016,-0.8539148180474339,1.6530922373426846,0.75,True,II_conserved_high_het,0.2038828432749086
RPL3P7,3,-0.8305401610888398,0.05525988609437264,0.5841977944859227,0.0,0.0,-2.69483228960094,1.0337519674232607,1.0,True,II_conserved_high_het,0.2038828432749086
RPSAP19,2,-1.0815450339817572,0.05633051752337681,1.8140288490439507,44.87408507714577,0.3332272306872163,,,1.0,True,II_conserved_high_het,0.2038828432749086
RPS24,4,-0.2994465519453871,0.0568086533976591,11.634971692171863,74.21566567266827,0.06675355623909938,-1.2619347571720065,0.6630416532812324,1.0,True,II_conserved_high_het,0.2040903473915901
RPS15P4,3,-1.0099714845294447,0.058895655744857084,12.497005493601884,83.99616611336256,0.6825474118595533,-5.244133010255705,3.2241900411968163,1.0,True,II_conserved_high_het,0.21003230173717416
RPS5,4,-0.5719264112383978,0.06136654645504829,35.62863796098668,91.57980722337746,0.3113775981269312,-2.5968053456483453,1.4529525231715494,1.0,True,II_conserved_high_het,0.2172465330707914
RPL23AP7,2,0.7061420531231637,0.06335304694248126,2.6709559381246124,62.56022101577082,0.1951276222990007,,,1.0,True,II_conserved_high_het,0.22105199832448497
RPL22P1,2,-0.5305956148398051,0.06386401884334322,0.7876605765197758,0.0,0.0,,,1.0,True,II_conserved_high_het,0.2212432081358676
RPL23AP42,3,-0.4269954940609046,0.06434148430965139,2.5758795195933266,22.356617039458623,0.03801328753473309,-1.7270586280179228,0.8730676398961135,1.0,True,II_conserved_high_het,0.22131645312185055
RPS17,4,0.8940213930598903,0.06995785083169104,75.04706311268633,96.00250845859834,0.9269450374489653,-2.5488041741133576,4.336846960233138,0.75,True,II_conserved_high_het,0.23894054685471938
RPL7P57,3,1.6429707696666818,0.07085083169303033,3.2505286005513483,38.47154583839798,0.9585330232152621,-4.106738563667405,7.392680103000768,1.0,True,II_conserved_high_het,0.24029827532251546
RPS7,4,-0.20519231724566064,0.07199889003043844,6.927873214353985,56.69666711301462,0.02673611816603503,-0.839639839243701,0.42925520475237966,1.0,True,II_conserved_high_het,0.2424962615608517
RPS20,4,-0.11501444723029679,0.07269121262447005,3.1417612228094205,4.512157759801205,0.0010608696023727674,-0.3437865110525449,0.11375761659195129,1.0,True,II_conserved_high_het,0.24313957326115843
EIF2AK2,4,0.3326664179504769,0.0763235859543671,10.664029538985993,71.86804491648792,0.09743279309895272,-0.8264616803121428,1.4917945162130968,0.75,True,II_conserved_high_het,0.2518159128426397
RPL23P8,2,-0.9750542526685462,0.07601757686970392,1.2410507075233517,19.423115112225666,0.168250020365258,,,1.0,True,II_conserved_high_het,0.2518159128426397
EIF3A,4,0.3282465715625528,0.0770743409364381,21.090090843461056,85.77531020483895,0.11036479487928437,-0.8829136385549663,1.539406781680072,0.75,True,II_conserved_high_het,0.2525746983390032
RPL32,4,-0.2984123567191152,0.07862880561312252,12.338211111604082,75.68529203412234,0.0742146594436283,-1.3198005403582127,0.7229758269199822,1.0,True,II_conserved_high_het,0.25593940082123773
DDX3X,4,0.19861701443891985,0.08043281581008357,6.44853967007402,53.47783911569602,0.02586057815900118,-0.4279986870071655,0.8252327158850052,0.75,True,II_conserved_high_het,0.2569597013196196
RPL7AP6,3,-0.9813081628383608,0.08053170020738594,22.509669768943922,91.11492962566979,0.8116155410324418,-5.548841440681032,3.58622511500431,1.0,True,II_conserved_high_het,0.2569597013196196
RPS27A,4,-0.31197186084036266,0.08019239391591491,14.943403705147645,79.92425247156663,0.08607690651980303,-1.4045875846370683,0.7806438629563429,1.0,True,II_conserved_high_het,0.2569597013196196
RPL8,4,-0.3850772652346185,0.08339007606253047,24.103857565737247,87.55385941101648,0.1510903392685929,-1.8102972431052642,1.0401427126360274,0.75,True,II_conserved_high_het,0.2643410907864528
RPL7P46,2,0.6312643454622676,0.08395579421653898,0.7399436494658259,0.0,0.0,,,1.0,True,II_conserved_high_het,0.2644062350326065
RPL29P33,2,-1.351688249605784,0.08473580446062731,0.6237648630316281,0.0,0.0,,,1.0,True,II_conserved_high_het,0.26514106557035
EIF3FP3,3,-0.6124295274175995,0.08756412093207011,3.425968412695347,41.622345594642546,0.15878685000283088,-2.918656708838448,1.6937976540032489,1.0,True,II_conserved_high_het,0.2670981047298994
RPL24,4,-0.27650943579586906,0.08706753875954812,11.757733379839598,74.48487813863895,0.06700012378254876,-1.2476232907862121,0.694604419194474,1.0,True,II_conserved_high_het,0.2670981047298994
RPS8,4,-0.3221203134196231,0.08725117651253629,16.856990981527286,82.2032294892514,0.0985410391730443,-1.4871855015237299,0.8429448746844836,1.0,True,II_conserved_high_het,0.2670981047298994
RPL5,4,-0.29643706901611255,0.08881015543946211,13.633202197985648,77.99489836332612,0.08291301135392869,-1.36745467091141,0.7745805328791847,0.75,True,II_conserved_high_het,0.2692057836758695
RPL23AP87,2,0.8610699576399504,0.0938438723502043,0.041179250748563975,0.0,0.0,,,1.0,True,II_conserved_high_het,0.2826973794400564
EIF1AX-AS1,2,1.5344587374310448,0.09707820722406121,0.4459886505849853,0.0,0.0,,,1.0,True,II_conserved_high_het,0.28575436148381556
RPS12P3,3,0.8577216327113141,0.0972154013295455,3.909964928614095,48.848646048881335,0.38817800434448657,-2.6261995835194374,4.341642848942065,1.0,True,II_conserved_high_het,0.28575436148381556
RPS2P46,3,-0.31486605021498154,0.0959781111413976,4.453958484432821,55.09612388641999,0.05414120641678224,-1.6050693583439755,0.9753372579140123,1.0,True,II_conserved_high_het,0.28575436148381556
RPS6KA6,2,-0.5772368206866375,0.09623732256682986,1.8921655752006263,47.150502413406926,0.1181853828555083,,,1.0,True,II_conserved_high_het,0.28575436148381556
RPS6KC1,4,0.33195444023219495,0.10014801548304159,22.742719679476743,86.808965496298,0.13683531480556,-1.0092106419331301,1.6731195223975202,0.75,True,II_conserved_high_het,0.2926011295739468
DDX18,4,0.488213769714042,0.10176035544299754,45.4960186794281,93.40601642280294,0.3244063784171074,-1.5580253805439515,2.5344529199720354,0.75,True,II_conserved_high_het,0.29432940034483657
DDX21,4,1.015600855456332,0.10195327682047947,326.17286682955364,99.08024231777449,1.520632331091893,-3.3783188627924976,5.409520573705162,0.75,True,II_conserved_high_het,0.29432940034483657
RPL15P2,3,-0.9968688758102769,0.10599129747703631,3.768078351046947,46.92254741878424,0.57202574625979,-5.195727282846048,3.201989531225494,1.0,True,II_conserved_high_het,0.30195897032557983
RPL21P75,3,-0.4832910010535868,0.10646388438283332,0.1886492473898891,0.0,0.0,-1.7714297249503144,0.8048477228431409,1.0,True,II_conserved_high_het,0.30195897032557983
DDX19B,3,0.4124256087407487,0.10956508026369703,7.21453000665318,72.27816644804837,0.12653216241729281,-1.477624165129643,2.3024753826111404,1.0,True,II_conserved_high_het,0.3071622192363761
RPL7P9,3,-0.6456544085745813,0.10895521556516002,13.046539694664173,84.67026470767594,0.3742846123201793,-3.7972828341988576,2.505974017049695,1.0,True,II_conserved_high_het,0.3071622192363761
RPLP0P6,3,-0.5358015025140593,0.11068199549942413,11.021100858539087,81.85299249438943,0.2507423243228164,-3.1301593504633507,2.058556345435232,1.0,True,II_conserved_high_het,0.30851015986908453
RPL7AP11,2,-0.8219561848489438,0.11344819710156535,1.1106473563194992,9.96242017683868,0.10560074534971896,,,1.0,True,II_conserved_high_het,0.31418271582879753
RPS3AP47,3,-0.6799273584483234,0.1140126968780791,0.8656132737786213,0.0,0.0,-2.531022219452332,1.171167502555685,1.0,True,II_conserved_high_het,0.31418271582879753
RPL35A,4,-0.2533542537772062,0.11853359156776025,10.43351740580668,71.24651367974546,0.06394773992395028,-1.2096317616465324,0.70292325409212,1.0,True,II_conserved_high_het,0.32479543452182896
DDX50,4,0.308767809747105,0.12198185780284244,17.779551363476685,83.12668335286179,0.1271227084601757,-0.9916996472249249,1.6092352667191347,0.75,True,II_conserved_high_het,0.33050950298535525
RPS21,4,-0.26744724036746054,0.1217259993587891,9.183846269874998,67.33394797950126,0.06877674354689894,-1.2669718473896254,0.7320773666547045,0.75,True,II_conserved_high_het,0.33050950298535525
RPL41,3,-0.1319669199843637,0.12440295356340772,2.5727719013116306,22.26283259000242,0.00600992099872078,-0.6297778385771653,0.36584399860843797,1.0,True,II_conserved_high_het,0.3333449308190759
RPL4P3,2,-1.4513187165833956,0.12409790211697308,0.8293969877173042,0.0,0.0,,,1.0,True,II_conserved_high_het,0.3333449308190759
EIF2S2,4,0.4509812470830289,0.1296478494158982,49.75112795070586,93.96998596097671,0.3057246818090051,-1.5473289222468036,2.449291416412861,0.75,True,II_conserved_high_het,0.3454901481687397
RPL36,4,-0.3694333382897581,0.13320176492061928,27.98492706761108,89.27994347545715,0.19814646502704839,-1.9880315933661208,1.2491649167866046,0.75,True,II_conserved_high_het,0.35302107096448276
RPL29P14,2,4.895740947543347,0.1363689784672865,7.26032611808415,86.22651401967768,18.679678263962643,,,1.0,True,II_conserved_high_het,0.35945083998170624
DDX49,4,0.4001584350042394,0.13755321926796385,19.76558645760727,84.82210479089845,0.20930539082837124,-1.2896015866780797,2.0899184566865583,0.75,True,II_conserved_high_het,0.36061249375655385
RPL17P36,2,-1.1815045938903446,0.14211270364820977,1.8942740089916297,47.20932688442864,0.6702631013901721,,,1.0,True,II_conserved_high_het,0.37056269499667605
RPS6KA5,4,-0.759006306428231,0.14334640165179505,36.964671865835314,91.88414275422593,0.9872282990885853,-4.325931586386376,2.8079189735299135,0.75,True,II_conserved_high_het,0.37178077433754325
RPL29P11,3,-0.3726184275973169,0.14436462999944463,0.30859545061964316,0.0,0.0,-1.4709373214496488,0.7257004662550152,1.0,True,II_conserved_high_het,0.3724300295198439
EIF2B1,4,0.12896739286334397,0.14755444713597476,4.397550919604192,31.78021005678271,0.010260812922346199,-0.3002629953530332,0.5581977810797212,0.75,True,II_conserved_high_het,0.3746801406332344
RPL14P1,3,-0.7817960799820097,0.15116261013040827,13.673564266066577,85.3732358214503,0.7197808427234003,-5.119615516458258,3.5560233564942387,1.0,True,II_conserved_high_het,0.3798645902240829
RPL3P2,3,-0.6669755153279416,0.15277119595005798,7.54764909995632,73.50168279535445,0.4725042727708187,-4.24130183977791,2.907350809122027,1.0,True,II_conserved_high_het,0.3819279898751449
RPS23P8,3,-0.4415879290457524,0.16644172600938212,3.5620342649122176,43.85230878599401,0.14106765970733842,-2.5621936786861466,1.6790178205946416,1.0,True,II_conserved_high_het,0.41185835262525683
EIF5B,4,0.5333413938033774,0.16735818817988102,100.92182514280577,97.02740215433585,0.5664263582083632,-2.1588502033375447,3.2255329909443,0.75,True,II_conserved_high_het,0.41202396582356493
RPL26P19,3,-0.3022509821612224,0.17277992202786918,2.125177448450515,5.890211593473419,0.012428647664250787,-1.369968717896697,0.7654667535742521,1.0,True,II_conserved_high_het,0.42322354638139675
RPL12P42,2,-1.229416230664935,0.17788360607962417,2.0998333129093854,52.37717232828979,1.0113489068531825,,,1.0,True,II_conserved_high_het,0.43353542185235033
RPSAP18,3,-0.8299130240412995,0.18067400430695668,0.15458273329740285,0.0,0.0,-3.4973320105781114,1.8375059624955123,1.0,True,II_conserved_high_het,0.43813446044436993
RPL29P24,2,-1.2471395247621928,0.18248190540366016,0.09182999230543495,0.0,0.0,,,1.0,True,II_conserved_high_het,0.44031703542674216
DDX39B,4,0.8227889738730279,0.1944808407117451,160.9512174993319,98.13608120111769,1.5678653128520819,-3.6440216827480176,5.289599630494073,0.75,True,II_conserved_high_het,0.460479290829905
RPL23AP97,2,-1.1076189531340883,0.1950376657696834,0.020889821973315053,0.0,0.0,,,1.0,True,II_conserved_high_het,0.460479290829905
RPL39L,4,-0.39573603769734866,0.1951279026452999,6.097001862953499,50.79548821809372,0.17258325831780993,-2.0367391037820104,1.2452670283873128,0.75,True,II_conserved_high_het,0.460479290829905
RPL7P16,2,-1.0573291226366879,0.1965551895774842,0.42366301890275787,0.0,0.0,,,1.0,True,II_conserved_high_het,0.460479290829905
RPL26P36,3,-0.7150754160890569,0.20250700627307172,2.9429959409703423,32.042040148360684,0.3820748324411531,-4.306942670646347,2.8767918384682334,1.0,True,II_conserved_high_het,0.4648114274723844
RPL7P23,3,-0.5649408729337647,0.20413367845694408,4.213645595980874,52.5351633296433,0.3175487353789582,-3.6540840917943425,2.524202345926813,1.0,True,II_conserved_high_het,0.4648114274723844
RPL12P4,3,-0.46474396247278194,0.2075340644682342,4.253047105808799,52.97489187767505,0.20904734469999267,-2.9920262633705685,2.062538338425005,1.0,True,II_conserved_high_het,0.47034589377146535
EIF1AX,4,0.5251896054350786,0.21054143371303646,78.01806046774432,96.15473650329936,0.6374163067924686,-2.3449434516772465,3.395322662547404,0.75,True,II_conserved_high_het,0.47325348572041115
RPL21P28,3,-0.5680597394458939,0.21129664111330204,5.346446688468424,62.591977129151324,0.39118537273803283,-3.894501587044765,2.7583821081529765,1.0,True,II_conserved_high_het,0.47325348572041115
RPS7P4,2,-0.9178701783001751,0.21174434309552415,0.3771812921161661,0.0,0.0,,,1.0,True,II_conserved_high_het,0.47325348572041115
RPL4P2,2,-1.2937855085068102,0.21936135861639172,0.009618373228932298,0.0,0.0,,,1.0,True,II_conserved_high_het,0.4845216516313913
EIF4BP7,3,-0.7948841979900255,0.22651755921272487,10.006461017617687,80.01291369167643,1.0176622292808764,-5.975360100009198,4.385591704029146,1.0,True,II_conserved_high_het,0.4935940794846648
RPL5P23,3,-0.5799748923452778,0.229146051714621,0.5618991550081566,0.0,0.0,-2.655070879458017,1.4951210947674616,1.0,True,II_conserved_high_het,0.4961421208999606
RPL21,4,-0.16892708764094977,0.2333421754616002,9.038615178384738,66.80907483289802,0.04481739249267367,-0.9797214593836283,0.6418672841017288,1.0,True,II_conserved_high_het,0.5029820226616715
RPL14P3,2,-1.1896390765070137,0.24026024419219827,0.09623495559170454,0.0,0.0,,,1.0,True,II_conserved_high_het,0.5044425040398968
RPL41P5,3,-0.2756180836108307,0.2386728780774937,2.7645010238040904,27.654213806443057,0.05749409960575077,-1.71689620540641,1.1656600381847488,1.0,True,II_conserved_high_het,0.5044425040398968
RPS10,4,1.0338572795521621,0.23701416499099492,71.99508949627192,95.83304914128158,2.915532802656519,-5.0710932703466,7.138807829450924,0.75,True,II_conserved_high_het,0.5044425040398968
RPL22P16,2,-0.9170006930862871,0.24181487344213493,0.08436673327505509,0.0,0.0,,,1.0,True,II_conserved_high_het,0.5055181621527389
DDX39B-AS1,2,1.8057515559689863,0.2444526041275179,3.610645789241726,72.30412346235684,3.4978212369446138,,,1.0,True,II_conserved_high_het,0.5071942884876061
RPS28P4,3,-0.40716612494058624,0.24470817217752538,0.3242147536343804,0.0,0.0,-1.9131368975189467,1.0988046476377742,1.0,True,II_conserved_high_het,0.5071942884876061
RPS27AP11,2,-1.0324274352247815,0.2505916549695153,0.0942135226403812,0.0,0.0,,,1.0,True,II_conserved_high_het,0.5149870875432836
RPL15P20,2,-0.5610058989960328,0.25828346323145435,0.026910983421694498,0.0,0.0,,,1.0,True,II_conserved_high_het,0.5250649942486082
RPL23AP18,2,-1.0765308446829147,0.2597251134542503,0.7017360489006564,0.0,0.0,,,1.0,True,II_conserved_high_het,0.5250649942486082
RPL26P6,3,0.5622201973015452,0.25982597653539374,0.8939377487432819,0.0,0.0,-1.584596287018146,2.7090366816212366,1.0,True,II_conserved_high_het,0.5250649942486082
RPL5P1,2,-0.39107111180034143,0.25980209796906695,0.7150616999588306,0.0,0.0,,,1.0,True,II_conserved_high_het,0.5250649942486082
RPL7AP50,3,-0.505963153069632,0.26691774617968456,0.16051384884195175,0.0,0.0,-2.466876514824505,1.4549502086852408,1.0,True,II_conserved_high_het,0.5371581199051743
RPL21P16,3,-0.4585477289148572,0.2733314610418828,6.868570692121996,70.88186043868009,0.32528439521420893,-3.502543705727559,2.5854482478978444,1.0,True,II_conserved_high_het,0.5455381012564327
RPL9P3,2,-0.7292767123137065,0.28233310316630655,0.11686142899256821,0.0,0.0,,,1.0,True,II_conserved_high_het,0.5611948976871257
RPS26P13,2,1.005840562935395,0.28371329386631405,0.7725015035409932,0.0,0.0,,,1.0,True,II_conserved_high_het,0.5616365205108667
RPL15P18,3,-0.8105051566409649,0.29449631001067644,2.8732131274953105,30.391519485243467,0.5986787172715645,-5.516842627318056,3.8958323140361255,1.0,True,II_conserved_high_het,0.580612643720236
RPL7P8,2,-0.9310687551180968,0.30106701470985964,0.07886775874388748,0.0,0.0,,,1.0,True,II_conserved_high_het,0.5911639762521536
RPL6P27,2,-1.0719183296733468,0.3031886570330258,15.542551586866093,93.5660499859944,2.034970931322231,,,1.0,True,II_conserved_high_het,0.592929430084748
RPL10AP6,3,-0.4757288679822635,0.3059126774247326,7.805430295241785,74.37681300902518,0.4738180614974401,-4.0490574165758275,3.0975996806113004,1.0,True,II_conserved_high_het,0.5958540102449611
EIF3J,4,0.34788760028960786,0.31037373138260393,56.99784806900278,94.73664339683819,0.43058764118651616,-2.0083972438919617,2.7041724444711774,0.75,True,II_conserved_high_het,0.5983067252850327
RPSAP58,2,-0.9430566835759786,0.3090692127455533,15.397502724376334,93.50544034379767,1.6075820943549703,,,1.0,True,II_conserved_high_het,0.5983067252850327
RPL7P44,2,-0.8986989720051819,0.3137523315591615,0.35417286189287434,0.0,0.0,,,1.0,True,II_conserved_high_het,0.6014619794711199
RPL7P48,2,-1.0385879562892781,0.3197598186077263,0.012607425489256332,0.0,0.0,,,1.0,True,II_conserved_high_het,0.6020426443936984
RPL32P11,2,-1.101939255299688,0.32345282398370767,0.3901489408519744,0.0,0.0,,,1.0,True,II_conserved_high_het,0.6039934714990481
RPL37,4,-0.22238275848922318,0.3260590180999732,25.406648235521534,88.19206700470768,0.16529593887016325,-1.7034037260078594,1.2586382090294128,0.75,True,II_conserved_high_het,0.6039934714990481
RPL7L1,4,0.309930653835003,0.3300170514376243,75.50826910605937,96.02692521558642,0.3804794371184429,-1.8988720171828497,2.518733324852856,0.75,True,II_conserved_high_het,0.6039934714990481
RPL9P32,2,-0.3753182918668096,0.3274245854906742,0.03264676882502744,0.0,0.0,,,1.0,True,II_conserved_high_het,0.6039934714990481
RPS4XP6,2,-0.5016609458832753,0.32380659613000273,0.8610294225930432,0.0,0.0,,,1.0,True,II_conserved_high_het,0.6039934714990481
RPSAP17,2,-0.9062637703953685,0.32985606999292794,1.5279904768763568,34.55456593916201,0.803663037581164,,,1.0,True,II_conserved_high_het,0.6039934714990481
RPLP1P6,2,0.9961610470540824,0.3458870758765934,1.9598343435296712,48.97527929840258,1.1975702521981024,,,1.0,True,II_conserved_high_het,0.6236253970265718
RPL13AP7,2,-0.7707236052441508,0.3496458519568847,3.1824423550123866,68.5775926647976,0.9615897288801909,,,1.0,True,II_conserved_high_het,0.6280675488855151
RPL36AP54,2,1.721923037806479,0.3597194933093657,2.31787713148678,56.85707467338618,4.478524031379109,,,1.0,True,II_conserved_high_het,0.6321157762863854
RPS12P26,2,-1.0283026118191618,0.3584443955783724,0.3514564289246422,0.0,0.0,,,1.0,True,II_conserved_high_het,0.6321157762863854
RPS7P11,3,-0.4447728833478373,0.3629261652847845,4.561555206152448,56.15530428520348,0.40679924219897523,-3.9024307072989854,3.0128849406033105,1.0,True,II_conserved_high_het,0.6331625545435988
RPS15AP36,2,-0.5271828431053446,0.3655389060043055,0.18325807521561488,0.0,0.0,,,1.0,True,II_conserved_high_het,0.6331938227903955
RPS6KB1,4,0.23532278925435038,0.3738915870314312,35.035066868589816,91.43715063752424,0.2481442648252741,-1.5598148457234284,2.030460424232129,0.75,True,II_conserved_high_het,0.6362716481061198
RPS27AP16,2,-0.8113929153778023,0.3768156973271174,5.675717676355891,82.38108276305152,1.4278520647853703,,,1.0,True,II_conserved_high_het,0.6367791400824109
EIF4A1P7,2,-0.6995106113399094,0.3783612996330711,0.23482375067403527,0.0,0.0,,,1.0,True,II_conserved_high_het,0.6371709386181926
RPL23AP2,2,-0.6453388653996188,0.39259636056111025,0.6077681741193994,0.0,0.0,,,1.0,True,II_conserved_high_het,0.6520277034262948
RPS29,4,-0.1056007279480391,0.39451002039532557,6.732577149790526,55.4405403272157,0.02955463178083508,-0.7802201663345076,0.5690187104384294,0.75,True,II_conserved_high_het,0.6520277034262948
RPS20P10,2,0.5301430360027715,0.4009563660129559,0.13270335930053243,0.0,0.0,,,1.0,True,II_conserved_high_het,0.6525632131418914
RPL21P120,2,-0.7323965759832893,0.4062459567111768,0.044253356604919046,0.0,0.0,,,1.0,True,II_conserved_high_het,0.6584024935442807
RPL23AP65,3,-0.2810776465075698,0.40725927435728704,2.162935464654136,7.533071019305251,0.04004031708148648,-1.9754457072258482,1.4132904142107088,1.0,True,II_conserved_high_het,0.6584024935442807
RPS2P48,2,-0.7638452393736666,0.43871980482496664,0.8474069884908916,0.0,0.0,,,1.0,True,II_conserved_high_het,0.6886055189000285
RPL23AP3,2,-0.6077827541620081,0.4420263106456256,0.039873594660458686,0.0,0.0,,,1.0,True,II_conserved_high_het,0.6915572924617045
RPL13AP3,2,-0.9053378878062973,0.4518479856580624,0.009102904600389478,0.0,0.0,,,1.0,True,II_conserved_high_het,0.7046503956403867
RPL10P6,2,-0.6410628414746529,0.4547382923631841,1.970859872091921,49.26072552593126,0.9082303973521616,,,1.0,True,II_conserved_high_het,0.7061261752064191
RPL12P17,2,-0.49774020435982813,0.4565828785975127,0.3086801516458005,0.0,0.0,,,1.0,True,II_conserved_high_het,0.7061261752064191
DDX10,4,0.3603247811574711,0.4615622301931397,77.9071009270311,96.14925986937976,0.8784576666587166,-3.004588005962914,3.7252375682778562,0.75,True,II_conserved_high_het,0.7084103849483315
EIF3G,4,-0.04429478325514226,0.4634120675726906,2.715128018812619,0.0,0.0,-0.23654530266329526,0.14795573615301072,0.75,True,II_conserved_high_het,0.7084469323210985
EIF3LP3,2,0.658021617755633,0.4662542644534561,0.1269208985111117,0.0,0.0,,,1.0,True,II_conserved_high_het,0.7084469323210985
RPSAP61,2,-0.6758172372553577,0.46742890379948765,0.5679845220301425,0.0,0.0,,,1.0,True,II_conserved_high_het,0.7084469323210985
RPL19P5,2,-0.6238216052256687,0.47173266875189457,0.15989331546773355,0.0,0.0,,,1.0,True,II_conserved_high_het,0.7085344366671039
RPL24P8,3,-0.2520022944233196,0.47186932586283414,0.3348720326464267,0.0,0.0,-1.7591148497602878,1.2551102609136486,1.0,True,II_conserved_high_het,0.7085344366671039
RPL7AP31,2,-0.6040199845227284,0.46988893597221715,0.0219419330652998,0.0,0.0,,,1.0,True,II_conserved_high_het,0.7085344366671039
RPL7L1P8,2,0.7407816707735748,0.48911183520848134,0.005680505502204612,0.0,0.0,,,1.0,True,II_conserved_high_het,0.7188461820488286
RPS15AP11,2,-0.5984328177176053,0.5068759336657023,0.037511844561483876,0.0,0.0,,,1.0,True,II_conserved_high_het,0.7382427262098067
RPL36AP16,2,-0.6431688383848925,0.5200759311264065,0.026428810710414148,0.0,0.0,,,1.0,True,II_conserved_high_het,0.7529457510337526
RPS3AP20,2,-0.3790506774527216,0.5269290793579686,1.1085733914587435,9.793974155908117,0.1240474021986637,,,1.0,True,II_conserved_high_het,0.7560964600254876
RPS3AP25,2,-0.34382254886122915,0.5258670303018622,0.4562923909934395,0.0,0.0,,,1.0,True,II_conserved_high_het,0.7560964600254876
RPL7P59,2,-0.5665225909493382,0.5287432419161062,0.0023749730509293374,0.0,0.0,,,1.0,True,II_conserved_high_het,0.7564615702929542
RPL10P3,2,-0.3988681829493253,0.5736471184647023,0.0005055227803764533,0.0,0.0,,,1.0,True,II_conserved_high_het,0.7849931986149186
RPL12P38,2,-0.4757375648295552,0.5694064074127663,0.21634748319878408,0.0,0.0,,,1.0,True,II_conserved_high_het,0.7849931986149186
RPL7P26,2,-0.4091626723924703,0.5826753639203519,1.2686751926067,21.17761852461724,0.47158587199152757,,,1.0,True,II_conserved_high_het,0.7849931986149186
RPS4XP11,2,-0.3135952556693935,0.5761577868677907,0.10184093914344257,0.0,0.0,,,1.0,True,II_conserved_high_het,0.7849931986149186
RPSAP56,2,-0.7325583684996518,0.5808032843112194,0.09839801396394984,0.0,0.0,,,1.0,True,II_conserved_high_het,0.7849931986149186
RPL37AP1,2,-0.179627217952541,0.5894120000380467,0.20749136994166692,0.0,0.0,,,1.0,True,II_conserved_high_het,0.7907782982124206
EIF4EBP3,2,0.1661099074695425,0.6112415632837258,0.08452353106884093,0.0,0.0,,,1.0,True,II_conserved_high_het,0.7947779040016275
RPL10P12,2,-0.383037748602269,0.6029934451441501,0.18244297741100804,0.0,0.0,,,1.0,True,II_conserved_high_het,0.7947779040016275
RPL12P6,3,-0.2383264569486028,0.5994629540373152,0.7372204874635312,0.0,0.0,-2.1908945455746762,1.7142416316774707,1.0,True,II_conserved_high_het,0.7947779040016275
RPL7P32,2,-0.3232003745556044,0.6341198903700043,0.7713853235020102,0.0,0.0,,,1.0,True,II_conserved_high_het,0.8114726829273142
RPSAP5,2,-0.5237085773617047,0.6607307391274333,0.0003017811631960183,0.0,0.0,,,1.0,True,II_conserved_high_het,0.8301927680746247
RPL10P1,2,-0.5816039514843989,0.6648709605379304,0.11874132286883898,0.0,0.0,,,1.0,True,II_conserved_high_het,0.8310887006724129
RPL39P15,2,0.13533810665315232,0.6741377756640619,0.00406400150251208,0.0,0.0,,,1.0,True,II_conserved_high_het,0.8383508235822307
RPL29P12,2,-0.34136536348429947,0.7001209658821269,0.04702908244814404,0.0,0.0,,,1.0,True,II_conserved_high_het,0.853162483549828
RPL12P8,2,-0.25759566744670914,0.7466966540859702,0.08530450822953138,0.0,0.0,,,1.0,True,II_conserved_high_het,0.8854471325958326
RPL34P33,2,-0.37839306351649293,0.7503808772419227,0.06762309929243993,0.0,0.0,,,1.0,True,II_conserved_high_het,0.8876456718593475
RPSAP11,2,0.2934424204611865,0.8107297071182407,0.041710660148426115,0.0,0.0,,,1.0,True,II_conserved_high_het,0.9144276929124342
DDX43,2,0.2392244511929009,0.8225655862489288,0.06326155952573104,0.0,0.0,,,1.0,True,II_conserved_high_het,0.9234821975248392
RPL17P50,3,0.05916747336019408,0.8439686320765795,0.03945024705903409,0.0,0.0,-1.2342858096444898,1.352620756364878,1.0,True,II_conserved_high_het,0.9269253072364417
RPS18P9,2,-0.04126826927276084,0.8485666730164539,0.0020316128407518457,0.0,0.0,,,1.0,True,II_conserved_high_het,0.9269253072364417
RPS4XP1,2,0.12903387478860226,0.880306490567843,1.2269859512459965e-05,0.0,0.0,,,1.0,True,II_conserved_high_het,0.9454466232257922
EIF2B5,4,0.5169795464932119,1.0855395905399511e-14,3.5050512992112717,14.409241294839864,0.003034836106222508,0.2412045506089066,0.7927545423775171,1.0,True,I_conserved_low_het,2.6324335070593814e-12
DDX55,4,0.578179790645686,1.6768357052520885e-14,2.121768324043608,0.0,0.0,0.3383825004731393,0.8179770808182327,1.0,True,I_conserved_low_het,2.7108843901575435e-12
DHX36,4,0.42364561591400773,1.6956129086754557e-10,2.6864409899448662,0.0,0.0,0.2125443592882666,0.6347468725397489,1.0,True,I_conserved_low_het,2.0559306517689902e-08
RPL32P1,2,-2.7439062949668322,1.97120497903044e-06,0.7978519485326364,0.0,0.0,,,1.0,True,I_conserved_low_het,0.0001365763449756805
DHX58,3,-0.4791767446857303,1.0795211644174761e-05,0.5415530770017029,0.0,0.0,-0.9476881460406952,-0.010665343330765464,1.0,True,I_conserved_low_het,0.0006544597059280949
RPS19P3,3,-1.2615105067485606,4.2852726014623084e-05,1.3426769321212109,0.0,0.0,-2.5881132682387893,0.06509225474166835,1.0,True,I_conserved_low_het,0.00207835721170922
RPL10P16,3,-0.49525728604968855,0.0005715878666098421,0.9755395128668233,0.0,0.0,-1.1138566437121944,0.1233420716128174,1.0,True,I_conserved_low_het,0.012795541435202975
RPL7P21,2,1.0443022084066544,0.0007198930105773102,0.12522304268377105,0.0,0.0,,,1.0,True,I_conserved_low_het,0.013965924405199816
RPL22P2,3,-1.1837186004922868,0.0014488224393258945,1.3873767874450822,0.0,0.0,-2.782946194502365,0.41550899351779114,1.0,True,I_conserved_low_het,0.022180495326751874
RPL15P3,3,-0.4812028738134505,0.0017475965034995408,2.2005391930347167,9.113184335433596,0.009951511099258212,-1.2697276764065242,0.3073219287796233,1.0,True,I_conserved_low_het,0.022990965959681513
RPL23AP53,2,0.6059820961373216,0.0016909722202864067,0.2975923983569437,0.0,0.0,,,1.0,True,I_conserved_low_het,0.022990965959681513
RPL39P38,2,2.3143475283920334,0.0016311431062363416,0.2659993367869256,0.0,0.0,,,1.0,True,I_conserved_low_het,0.022990965959681513
RPS2P36,2,1.4247303334523886,0.0017539499804293112,0.3544257557826137,0.0,0.0,,,1.0,True,I_conserved_low_het,0.022990965959681513
RPS16,4,-0.3118119144943141,0.003111728347680363,4.426900057828939,32.23248863062714,0.014375206850796395,-0.8199934656491099,0.19636963666048168,1.0,True,I_conserved_low_het,0.035933053538689905
RPS7P3,2,2.4838101686565213,0.003698069822716693,0.46914851774862326,0.0,0.0,,,1.0,True,I_conserved_low_het,0.03985697475594658
RPS4XP16,2,-1.1303069195547533,0.004432134842668204,0.21153918350638906,0.0,0.0,,,1.0,True,I_conserved_low_het,0.04492877739162352
RPS18,4,-0.2763501776335215,0.0070396955520638065,4.726429928225177,36.52714531776565,0.014698795433984632,-0.7816874352732339,0.228987080006191,1.0,True,I_conserved_low_het,0.05886641970260252
RPL18AP3,3,-0.27681005570821193,0.008320963238500378,1.0331364961944967,0.0,0.0,-0.7281649012049772,0.17454478978855337,1.0,True,I_conserved_low_het,0.06558242565407373
RPSAP47,3,-0.9692814153279933,0.00983407877437741,0.01757903924329371,0.0,0.0,-2.5847392614577345,0.646176430801748,1.0,True,I_conserved_low_het,0.07226557887231885
RPS2P16,2,2.4429208326870135,0.010739871468990215,0.09208001859895218,0.0,0.0,,,1.0,True,I_conserved_low_het,0.07549040090522106
RPL13AP25,3,-0.3301588439830732,0.013462406372148976,1.7080857435235082,0.0,0.0,-0.9049821088335455,0.24466442086739898,1.0,True,I_conserved_low_het,0.08595205275786298
RPL37A,4,-0.24260834007747986,0.013468775277520797,4.706662317219323,36.26056432762341,0.013412823240693468,-0.7257911254720778,0.2405744453171181,1.0,True,I_conserved_low_het,0.08595205275786298
RPS12P20,2,1.5792188271343088,0.01740934590717992,0.327974915556114,0.0,0.0,,,1.0,True,I_conserved_low_het,0.09998703753211931
RPL7AP66,3,-0.6319179688350149,0.019210275755155812,0.39279443192231567,0.0,0.0,-1.7931438719566632,0.5293079342866334,1.0,True,I_conserved_low_het,0.10833702024709964
RPL10P9,3,-0.3545608383489463,0.029045626956686485,2.1278929539435913,6.010309574387626,0.0073679225401808235,-1.1450214962171703,0.43589981951927764,1.0,True,I_conserved_low_het,0.13510391059122343
RPL41P2,3,-0.5405665558087873,0.029249300231089608,0.6048070070923113,0.0,0.0,-1.6074255882417687,0.5262924766241941,1.0,True,I_conserved_low_het,0.13510391059122343
RPS3AP26,3,-0.2686062309525671,0.03639891547776778,1.7810040077768152,0.0,0.0,-0.8209363989068609,0.2837239370017267,1.0,True,I_conserved_low_het,0.15485503514664364
RPL34-DT,2,-1.3101258458236607,0.04071404637456478,0.20800484711036332,0.0,0.0,,,1.0,True,I_conserved_low_het,0.16734163128528745
RPS27P29,2,-0.9136399538499153,0.04207085380505414,0.1092847861458628,0.0,0.0,,,1.0,True,I_conserved_low_het,0.17146524449959039
EIF4BP3,3,-0.509544349959934,0.042497031680295005,2.754667550785535,27.39595747480781,0.053320448162433705,-1.977567335321449,0.9584786354015807,1.0,True,I_conserved_low_het,0.17175883637452566
RPS2P55,3,-0.3219028521138748,0.04302830366914852,0.26198324392220573,0.0,0.0,-1.006400295906172,0.36259459167842234,1.0,True,I_conserved_low_het,0.17246882049204157
EIF2S2P3,2,-1.4709839663221178,0.04872721189211978,0.04107220552999021,0.0,0.0,,,1.0,True,I_conserved_low_het,0.19058627231998462
RPS3AP6,3,-0.22274699474799856,0.04976842806322828,1.4226457161532902,0.0,0.0,-0.7112423580939672,0.26574836859797,1.0,True,I_conserved_low_het,0.1931015008853257
