gene_symbol,k_studies,pooled_log2FoldChange,pooled_SE,tau2,Q,I2,z,p,n_up,n_down,direction_concordance,log2fc_GSE278320,padj_GSE278320,log2fc_GSE284044,padj_GSE284044,meta_FDR,is_translation_factor
DDX60L,2,2.336277155228471,0.5149097214866888,0.0,0.582283014963707,0.0,4.537255867849967,5.6990945032241845e-06,2,0,1.0,2.432371080715438,2.301943386769704e-05,0.729704503181375,,0.0005674483571197372,True
DDX52,2,0.6047015329234393,0.13524643613649742,0.0,0.23039385191544898,0.0,4.471108815859255,7.78150899934262e-06,2,0,1.0,0.6551761176945347,0.0004725219494674,0.52120858588155,0.491473301213517,0.0007300744451088663,True
DHX29,2,0.8280803808914616,0.2153823326444237,0.02448226108208562,1.2962692228903008,22.855531679577116,3.8446996590873854,0.00012070017750194297,2,0,1.0,0.9748369892726652,1.563354929906063e-05,0.511981843816693,0.948744834930279,0.006011663573275785,True
DDX55,2,0.6329519897534511,0.17998887782160097,0.006814947288151773,1.1148428652220967,10.301260276641585,3.516617234431631,0.0004370835900763269,2,0,1.0,0.7887067446153465,0.0013061262816256,0.424958364337623,0.880567188358822,0.01587620632308114,True
RPL39,2,-0.6072050461602166,0.18401540245217374,0.0,0.7705328648534564,0.0,-3.2997512059787026,0.0009677057664220699,0,2,1.0,-0.9984209599756276,0.0714337099315513,-0.540511623441304,0.280547641716593,0.028545287244759777,True
RPS21,2,-0.8285016853075546,0.2664981216165592,0.0007102391330071325,1.0046448510860693,0.46233761921418914,-3.1088462473278256,0.00187819430152931,0,2,1.0,-1.1817281505079786,0.017033675265972,-0.627437337581355,0.74116912490651,0.045102749268669126,True
EIF2B5,2,0.5028217852847704,0.17172575950315874,0.0145906403377734,1.266716522907302,21.055738840064084,2.928051020065638,0.0034109406873857563,2,0,1.0,0.6171419322872697,0.000763778492581,0.24486431015755597,0.999899862550801,0.06678646373504585,True
DHX15,2,0.6057183270410312,0.2109880137767093,0.056388285176754205,2.4051128401870803,58.421909222262705,2.870866056315734,0.004093489369327884,2,0,1.0,0.7642139391541203,4.286859595420798e-10,0.324852873644895,0.999899862550801,0.0751160288324732,True
RPL39L,2,-1.1812245581737488,0.43634224595634324,0.0,0.37901118422230673,0.0,-2.707105647276547,0.006787265438142287,0,2,1.0,-1.2505136023638312,0.0130579070134264,-0.139766029869729,,0.1042468150655685,True
RPL27,2,-0.5043590831306074,0.1879691253648462,0.0,0.10120958520644965,0.0,-2.683201734070164,0.0072920988605680945,0,2,1.0,-0.5648032474235871,0.0652033374775498,-0.445197428905554,0.856802849720016,0.1094990974062725,True
DDX46,2,0.4623083000258725,0.1761223338208234,0.0,0.4059861121676779,0.0,2.6249271741776825,0.008666750201156403,2,0,1.0,0.6273653983291235,0.0822634858549851,0.386011585805497,0.793158401068445,0.1232061626804,True
DDX11,2,0.8122155526498822,0.3094538622802709,0.10239915173062764,2.145038734940806,53.380795241089395,2.624674149047338,0.008673192646757068,2,0,1.0,1.1095799675718545,0.0003863940958825,0.49018074258256306,0.896938857894457,0.1232061626804,True
DDX56,2,0.4577851416593089,0.17925166368027595,0.0,0.288821483889088,0.0,2.5538683003569886,0.010653354349724687,2,0,1.0,0.5355141318440979,0.0407233369464334,0.338393792565534,0.999899862550801,0.13984549641509533,True
RPS7,2,-0.5269609038901111,0.2091802591152876,0.022465593520123405,1.3055246446197555,23.40244176001304,-2.5191712933087147,0.011763141545451562,0,2,1.0,-0.811177024710131,0.0242128759410464,-0.37300629822843007,0.829134530458773,0.1497048392477395,True
RPS6KA2,2,-1.5119067985670342,0.6119376386294201,0.4685814324240886,2.216321480033723,54.880191840004,-2.470687702677203,0.01348535276563616,0,2,1.0,-1.9362830389745904,5.351027029781955e-10,-0.629511325126473,0.999899862550801,0.1630501743481463,True
RPS11,2,-0.50251835474903,0.20444313888691037,0.0,0.7920004276671171,0.0,-2.457985909847543,0.013971865575360228,0,2,1.0,-0.9720706641950688,0.1430540320377324,-0.432018777037874,0.69604634785309,0.1672616113339118,True
RPS18,2,-0.6868498513144914,0.2887673912115846,0.037594952289179605,1.251056334869008,20.067548348675672,-2.378557524908431,0.017380524814053406,0,2,1.0,-1.094319131525381,0.0359663920194052,-0.482204715406364,0.876283797527857,0.19019574306011605,True
EIF2S3,2,-0.5518187914259302,0.2368346371379147,0.03738966462294943,1.295890345502123,22.83297707472875,-2.329975032767662,0.019807470749118438,0,2,1.0,-0.6773798064394962,0.0008819421802532,-0.105098562681463,0.999899862550801,0.20630793328449265,True
RPS19,2,-0.8542236186952918,0.3806010209702579,0.17222431116712553,2.432837784060292,58.895738690351685,-2.244407060489849,0.024806222653410166,0,2,1.0,-1.2733966722199173,0.0027302874346186,-0.508645256857458,0.860515646338543,0.2345544631048619,True
RPS6KB2,2,-0.4654551733522488,0.2081934540580071,0.008868001976038915,1.0978051575398355,8.909154495048591,-2.2356859174955765,0.02537235214134483,0,2,1.0,-0.6083917775766209,0.0209520776853342,-0.162212245847379,0.999899862550801,0.23767923991230375,True
RPS27,2,-0.827974468717573,0.3725895060669599,0.16841994410949268,2.322507000106225,56.94307918321613,-2.222216286920259,0.026268692298320764,0,2,1.0,-1.3077240503458296,0.0087212412701394,-0.538609046948866,0.511972609876797,0.24244553950445596,True
RPS20,2,-0.45881271491693315,0.20939683999914274,0.0,0.031871192821831616,0.0,-2.1911157537946204,0.028443416984336625,0,2,1.0,-0.3970254568492106,0.4359753847320042,-0.481429956754476,0.698323071888315,0.2542471755992808,True
DDX28,2,0.6756013809795387,0.314630842343984,0.08169067662332616,1.6503406795283206,39.40645029208107,2.14728275189534,0.03177077812481708,2,0,1.0,0.9292950980003432,0.0032516416433188,0.285396341152057,,0.27098078058115654,True
RPS6KL1,2,0.6894632498127383,0.3232647620299465,0.0,0.483219561632245,0.0,2.1328128852747277,0.032940078812401546,2,0,1.0,0.8433111563455399,0.0600233811498129,0.3612397677466859,0.999899862550801,0.2758988054439418,True
DHX16,2,-0.43479317849534327,0.20973755024919796,0.0,0.4010893691452673,0.0,-2.073034504211322,0.038169068542026986,0,2,1.0,-0.5336824064533103,0.0760799250341769,-0.256372762717622,0.999899862550801,0.2969214796343307,True
RPL38,2,-0.7125970472258853,0.34610438203293653,0.17881140769806675,3.580404760688631,72.07019689562509,-2.058907902408679,0.039503061926762485,0,2,1.0,-1.1301195604630223,0.0025481608018747,-0.425694570198579,0.246049247701778,0.304138395992116,True
RPS6KA3,2,0.6347750354078624,0.3136425960628832,0.10580405655785759,2.118618830306992,52.79943774241362,2.0238801852048,0.04298248117669734,2,0,1.0,0.9940020750592174,0.0105991463674545,0.3609324032927,0.977556066663073,0.3170494179581321,True
DDX41,2,-0.434301278394181,0.21481561974675528,0.0,0.11531863166884472,0.0,-2.0217397548007723,0.04320324453730383,0,2,1.0,-0.4695223818521469,0.0882025676774643,-0.283213882456554,0.999899862550801,0.31709452312612996,True
RPL27A,2,-0.8199730568485126,0.40578973274936,0.2096155753010258,2.5586921132945903,60.91753303165527,-2.020684582857539,0.04331242678538894,0,2,1.0,-1.3206868487156764,0.0089323614526906,-0.491111919249807,0.708079939963682,0.3175107821826544,True
EIF5A2,2,1.0478531196833347,0.5300735969146888,0.45058053597644604,5.007707765994866,80.0307836094079,1.976806854335698,0.04806346662622807,2,0,1.0,1.555477623977144,1.1092476331533515e-06,0.494337645608726,0.999899862550801,0.335087636277211,True
DDX6,2,-0.3370699389873415,0.1762010344538349,0.006718526194512324,1.0595839870321382,5.623337815724366,-1.9129850175519523,0.05574997051876321,1,1,0.5,-0.4120988711050952,0.0356860231969584,0.0767278276378757,0.999899862550801,0.35928748306101765,True
DDX23,2,-0.47569674723519784,0.25210868504258294,0.0,0.23943596232328407,0.0,-1.8868717162792281,0.0591775821620874,0,2,1.0,-0.6330342831488488,0.1924176552864954,-0.378973103143276,0.999899862550801,0.3686355119561882,True
RPL24,2,-0.7787431001494073,0.41338849000418887,0.2438891212129098,3.4420083474729593,70.94719422356496,-1.88380450588142,0.059591423854174805,0,2,1.0,-1.2248034063415,0.0017151273422118,-0.395633369703339,0.955808511426917,0.36913858161823765,True
RPS29,2,-0.4348129598151609,0.2325043219557303,0.0,0.6756001103965795,0.0,-1.8701285040970161,0.06146597507289584,0,2,1.0,-0.1623182409699894,0.7740575280651166,-0.568840387557342,0.680569674538557,0.37523443840474313,True
EIF1B,2,-0.5026579401663078,0.2744442621294922,0.0,0.023068513597411723,0.0,-1.8315483671111936,0.06701873540178181,0,2,1.0,-0.5626020796847063,0.3404764050815707,-0.473672413746097,0.971302250255285,0.3878348718704048,True
RPL23A,2,-0.8060268271000263,0.4508070493237757,0.1624796218927,1.647401570192681,39.29834606852782,-1.7879641152663674,0.07378179752895223,0,2,1.0,-1.201547400684184,0.015735151013717,-0.292205273196037,0.999899862550801,0.4036732970698471,True
EIF2S1,2,0.40174791840791535,0.23086922039653354,0.02476584301715174,1.3025912846301395,23.22994850346,1.7401536580661816,0.08183204041545053,2,0,1.0,0.1731592839494001,0.6481446507346013,0.634920477720685,0.566963469901214,0.42175758830518045,True
RPL18A,2,-0.7366766872003521,0.4282763130280873,0.1731501469699178,1.7985286356648595,44.39899481331686,-1.7200967337926047,0.08541485936105228,0,2,1.0,-1.285833735682753,0.0428912270412773,-0.402672779196592,0.999899862550801,0.42745187746893837,True
RPLP1,2,-0.6730401282736432,0.3946879145989267,0.21346151796882393,2.9777420575646603,66.41750760581836,-1.7052463563713929,0.08814848767978717,0,2,1.0,-1.144039783126377,0.0114009809024126,-0.342299864824498,0.935135012325364,0.433155154847123,True
RPS6KA6,2,-0.5772368206866375,0.34702739694781976,0.1181853828555083,1.8921655752006263,47.150502413406926,-1.6633753581520045,0.09623732256682986,0,2,1.0,-0.8612549678143229,0.0071126933683678,-0.153221610918231,0.999899862550801,0.449714407346078,True
RPLP0,2,-1.4477428015309044,0.8724432262478318,1.3260287451420085,7.695176124895307,87.00484584407604,-1.6594120488014992,0.09703279001760785,0,2,1.0,-2.350456924182879,1.4051461905579088e-05,-0.604555391557065,0.89548590742836,0.4507137027908773,True
DDX5,2,1.3004909197831545,0.7867663264316512,1.1396831631588098,12.591342798816246,92.05803530268422,1.6529570167059406,0.09833961179669304,2,0,1.0,2.0883950759151233,5.452381012166489e-10,0.514860779886955,0.864215730862928,0.45287333327371726,True
RPS28,2,-1.1157067468685642,0.6757719281104955,0.7561027217040347,5.793323238485008,82.73875012951105,-1.65101079292855,0.09873637108059403,0,2,1.0,-1.8076062173018952,8.727239013630574e-05,-0.455686442855079,0.999899862550801,0.4533592713197475,True
RPS23,2,-1.1001666387916427,0.668041459455645,0.6349058552300274,3.402882689075967,70.61315092611834,-1.6468538340241874,0.09958809296870917,0,2,1.0,-1.71333215349277,0.0002903359527768,-0.372338049525405,0.999899862550801,0.454606328681783,True
DHX36,2,0.24071941921829954,0.14665897441351886,0.0,0.14278510748590242,0.0,1.6413548518317629,0.1007237760085224,2,0,1.0,0.1743752487869281,0.5585215951596416,0.287010511881374,0.936884291487972,0.45709031159773034,True
RPS15,2,-1.324545428746215,0.811294253123565,1.1308805645098763,7.0860348153508586,85.88773515713406,-1.632632578927536,0.10254629502295186,0,2,1.0,-2.14816904640535,1.19992319804842e-05,-0.525395973777908,0.999899862550801,0.45950307614320113,True
RPS13,2,-0.7696411841913838,0.47309755761938616,0.35195134086871954,4.449185468800297,77.52397586002083,-1.6268128460949935,0.10377685247543526,0,2,1.0,-1.3024182717082373,0.0027823620844297,-0.349538097422758,0.894299995836389,0.46313099023237203,True
RPS9,2,-1.1284046664022322,0.6937841202971021,0.8322050772680092,7.378448800340964,86.44701580156267,-1.6264492561735353,0.1038541197887559,0,2,1.0,-1.8235420518412873,3.3529610450014077e-06,-0.435971176765637,0.999899862550801,0.4633049803919324,True
RPL35,2,-0.6918643183703285,0.42860490467308476,0.2673283626094582,3.606272687159955,72.27053839937075,-1.614223987702714,0.10647885070191253,0,2,1.0,-1.1572433680542404,0.0041371546064769,-0.297127674263561,0.999899862550801,0.46819024499691675,True
DHX40,2,-0.8555855828405079,0.5351762300845776,0.5171547270775626,10.26393130090743,90.25714445388395,-1.5986987738698593,0.10988755019907828,0,2,1.0,-1.3821128957947115,1.7700096243587196e-09,-0.311618365564445,0.999899862550801,0.4755895877513114,True
RPS16,2,-0.47456884115720654,0.29720791216746295,0.04377518728204839,1.3261327244757994,24.592766504929955,-1.5967570906719633,0.11031986417577377,0,2,1.0,-0.7987353964116787,0.0723574228926029,-0.202077612117243,0.999899862550801,0.4763472408560078,True
RPL26L1,2,-0.476878940156999,0.30269566234969564,0.1119609692344314,2.2163933500761765,54.881654920791455,-1.5754402836670796,0.11515485216250654,0,2,1.0,-0.8981268373341972,0.0466305019400376,-0.259371233603917,0.896909477910821,0.48208895735829005,True
RPS27L,2,-0.37718601596241275,0.24342651701841136,0.0,0.41771847894804703,0.0,-1.5494861471229306,0.12126489906830694,0,2,1.0,-0.49410057475304076,0.1678900311957452,-0.165471389204498,0.999899862550801,0.49014475981509664,True
RPL19,2,-1.1791891909691423,0.7661701267438549,1.0324673134016074,8.233438747340374,87.85440651607414,-1.539069652820551,0.12378729276964294,0,2,1.0,-1.969920552251659,1.7967041334507122e-05,-0.436817392078315,0.999899862550801,0.49275795001391054,True
RPL36AL,2,-0.763243719467215,0.4961566926698574,0.3942408644747842,4.957248878979812,79.82752077991701,-1.5383118493477166,0.12397238387175206,0,2,1.0,-1.2877617732327509,0.0009955836752563,-0.293914852874699,0.999899862550801,0.49275795001391054,True
RPL32,2,-0.7768836120604763,0.5050735160495684,0.40226461847864126,4.723606324434174,78.82973450121742,-1.5381594705991912,0.12400962796508573,0,2,1.0,-1.2889702665868112,0.0005162163107636,-0.27872718802589,0.999899862550801,0.49275795001391054,True
RPS3,2,-1.1501398205414182,0.7585725167709247,0.9970829978687215,7.48168411994217,86.63402538828745,-1.5161896787894567,0.1294713971254451,0,2,1.0,-1.9037624779309008,3.965231261115194e-06,-0.386584933280666,0.999899862550801,0.5007965226619565,True
EIF5,2,0.8441682535876356,0.5579898796711317,0.5367612533811178,7.1871650991374825,86.08630821462543,1.512873771268346,0.13031172546359304,2,0,1.0,1.4226433594061156,7.542177627895458e-05,0.305938167826428,0.999899862550801,0.5021212395052106,True
RPL18,2,-0.968804588091676,0.6409760464604548,0.7027493739536416,6.8888429727276375,85.48377421347942,-1.5114520947257375,0.1306733051701562,0,2,1.0,-1.5960648149559462,3.41657375880165e-06,-0.313812808699011,0.999899862550801,0.5022114280322689,True
RPL9,2,-0.7366808312116194,0.49124780049740335,0.39635554475506163,5.416464700074122,81.53777315328362,-1.4996114597677743,0.13371507746292252,0,2,1.0,-1.2712256060294695,0.0013805493445163,-0.285223043459846,0.999899862550801,0.5065527568936954,True
EIF4A2,2,0.2135963860579174,0.14257966056363452,0.0007112778385071476,1.0142143484943684,1.4015132516582958,1.498084545955189,0.13411128571492567,1,1,0.5,0.301854850156218,0.117388520916702,-0.0167380052566566,0.999899862550801,0.5065527568936954,True
RPL14,2,-1.0328833369470618,0.6920504449921685,0.8598197179223837,9.757901125154989,89.75189451938502,-1.4924971791019517,0.13556885620746645,0,2,1.0,-1.7169633646162297,5.3571110562464585e-08,-0.332769608958677,0.999899862550801,0.5068278529079019,True
DHX57,2,0.5897152266881115,0.4004183208309612,0.2779788895535728,7.464693591390367,86.60360284374725,1.4727478639446747,0.14081903516549965,2,0,1.0,1.0027515035896104,6.084574550273562e-05,0.20152939260138,0.999899862550801,0.5130438358979869,True
RPL37A,2,-0.6427955504220298,0.43971547695082125,0.2732689342604057,3.090648168759711,67.64432748741815,-1.461844270025368,0.1437838896006162,0,2,1.0,-1.1851787623344978,0.0229753477799149,-0.286313829705918,0.999899862550801,0.515009297376815,True
RPS12,2,-0.9498768319541908,0.6526858644132634,0.7624741900890019,9.223708024548301,89.15837321239393,-1.4553353822180435,0.14557643585056967,0,2,1.0,-1.6437415183623614,7.17797031148118e-05,-0.335925947942359,0.860515646338543,0.5165918717917435,True
EIF4B,2,-1.2264467657974634,0.8550052587126468,1.3723529410579531,16.271742804181834,93.85437680502791,-1.4344318392194264,0.15144906712590273,0,2,1.0,-2.0729162729545703,8.344665391484628e-13,-0.362819681484079,0.999899862550801,0.5209486184430744,True
RPSA,2,-1.0848777976776944,0.759788796092024,1.0681721855365498,13.20007830757815,92.4242873663416,-1.427867590648568,0.15332997358041836,0,2,1.0,-1.8692242847560416,8.217664914317381e-07,-0.348877797451642,0.913905422179663,0.5218997320350219,True
RPS4X,2,-1.2346036743502615,0.8714075588481036,1.3040682443251306,7.028730667379477,85.77268005671314,-1.4167924776579397,0.15654360965914246,0,2,1.0,-2.0775528781919763,2.2068275440005685e-06,-0.333776993268066,0.999899862550801,0.5237594776937475,True
RPL15,2,-0.993364054772779,0.7083797819623675,0.8872962551924376,8.534402379904586,88.28271792815117,-1.4023043571640943,0.16082437985152098,0,2,1.0,-1.7292620577997755,5.5970225573868234e-05,-0.311473475604238,0.999899862550801,0.5264964753429695,True
RPL30,2,-0.5864954490955138,0.41870367978735984,0.2899840034657824,5.565692579535022,82.03278413764737,-1.4007410906762692,0.16129151031618705,0,2,1.0,-1.0448061534562243,0.0021385322566802,-0.203975970934914,0.999899862550801,0.5271701726591445,True
RPS6KA1,2,-1.1430465057105144,0.8281934961892234,1.2862503536446648,15.925247493390348,93.72066273748622,-1.3801684159197432,0.16753479617106737,0,2,1.0,-1.9890472666192243,4.361470957115947e-08,-0.332285453446941,0.977556066663073,0.5311894404027564,True
RPS27A,2,-0.963524544113309,0.7047127168781709,0.8722307529330545,7.95743271391248,87.433132821197,-1.3672586304127683,0.17154425379311633,0,2,1.0,-1.716458379337338,0.0003288249644376,-0.303944657944363,0.999899862550801,0.5348274352545304,True
RPLP2,2,-0.916642668577146,0.6734359944633405,0.7808980152803947,6.50847074515887,84.63540762253837,-1.361142968468171,0.17346851304832678,0,2,1.0,-1.6842557000260725,0.0028636325963215,-0.325829302911918,0.562697872521285,0.5361311065944584,True
RPL36,2,-1.0318807643980494,0.7635111609664319,1.0727827887055439,12.351930962600548,91.90409982837645,-1.3514940149557506,0.1765372358331716,0,2,1.0,-1.8221747584760204,4.223404624552232e-06,-0.294244774135425,0.999899862550801,0.5372746940465708,True
RPS5,2,-1.265407925375091,0.9424200266292366,1.6451213493568662,13.539063112787188,92.6139645581862,-1.3427218115271684,0.1793620693069392,0,2,1.0,-2.205590233352372,6.600777777693577e-09,-0.320744854121773,0.999899862550801,0.5390660851308382,True
RPL8,2,-1.2562789513037702,0.9396268954081017,1.634152745610973,12.942523339621347,92.27353141455292,-1.3369976502834555,0.18122340382789381,0,2,1.0,-2.2482275495588206,1.681504389118441e-05,-0.3662139780507351,0.793158401068445,0.5403001083603116,True
EIF3G,2,-0.324499629735226,0.24377240586002846,0.0031150419835355363,1.0264311020402106,2.575048825749159,-1.3311581702219006,0.18313697186622957,0,2,1.0,-0.5378773532102249,0.1518136754529076,-0.046002957772423,0.999899862550801,0.5417176511041567,True
EIF3I,2,-1.3041337420126258,0.9864369365827671,1.7922657260144288,12.342656363199126,91.89801635422987,-1.322064993359261,0.18614650950287037,0,2,1.0,-2.246011246805568,2.1701060504477152e-16,-0.271029304436418,0.999899862550801,0.5431367416859306,True
EIF2AK3,2,0.6908641708395208,0.5248269814244682,0.5014639339085011,11.136629314866727,91.0206223828869,1.316365574354428,0.18805137120275273,2,0,1.0,1.2205972425997305,1.2076561028989096e-06,0.170897842296224,0.999899862550801,0.5452761743475292,True
RPL35A,2,-0.7459997164368737,0.5717896747216941,0.5357486715150712,5.4734410061857925,81.7299574642377,-1.3046750394714148,0.19200352432856227,0,2,1.0,-1.3469937255922948,0.0017170171945096,-0.20199523862553,0.999899862550801,0.5478673959222005,True
RPL22,2,-1.1064126744710823,0.8569572471281348,1.3294487906780712,10.402147159779823,90.3866001447612,-1.2910943669347932,0.1966709571387507,0,2,1.0,-1.9316100662101734,5.765142956390665e-10,-0.21647321179567897,0.999899862550801,0.5498128035780006,True
RPS19BP1,2,-0.5756694916824358,0.44682501505988903,0.26729975936708283,2.857222855809085,65.00097995622298,-1.2883555581714183,0.19762222145798392,0,2,1.0,-0.9519163617819023,0.0014491926028122,-0.0450269536315838,0.999899862550801,0.5498128035780006,True
RPL13A,2,-1.010642974309478,0.7869896435935161,1.1105061534863208,9.253132150386389,89.19284860793604,-1.2841884039219706,0.19907604161781445,0,2,1.0,-1.856025140073757,0.0003273673348341,-0.278012544894735,0.999899862550801,0.5498128035780006,True
EIF2AK2,2,0.5367135841291295,0.4221262075613402,0.2914535983683296,5.300016781553993,81.1321352136022,1.271452884268358,0.20356757896833833,2,0,1.0,0.9982891366943348,0.0043132616892125,0.150665115747678,0.999899862550801,0.5500320169208117,True
RPS6,2,-0.6039092728207288,0.47970471637762085,0.3996315133429384,7.156239300573423,86.02617998087528,-1.2589187727421358,0.20805967241145384,0,2,1.0,-1.132295559347832,0.0019011006521618,-0.168400969932308,0.999899862550801,0.5514993900998304,True
RPS2,2,-1.0360686408159718,0.8236626454254323,1.2261983895104662,9.795878224107543,89.79162483319757,-1.257879845067915,0.2084352137824904,0,2,1.0,-1.9285841757717943,0.0004064203997536,-0.275947245839019,0.894299995836389,0.5516841716836399,True
RPL10,2,-1.3272186037326452,1.0581050322129262,2.0935629539648493,14.640048969177359,93.16942175463097,-1.254335404640212,0.20972012042814192,0,2,1.0,-2.4499401794467626,2.4227543679100055e-05,-0.33001120751582896,0.513976225445817,0.5524876249801002,True
RPL29,2,-0.7967943818891404,0.6372432374699308,0.683253581476412,5.749335031325545,82.60668417214427,-1.2503771480615173,0.21116180831004616,0,2,1.0,-1.5263625766796216,0.0065126535130157,-0.240192618543663,0.999899862550801,0.5527082281933507,True
RPL4,2,-1.049694878565315,0.8435300765314513,1.2815735040339051,10.056156087852896,90.05584249822924,-1.244407173816021,0.21334974398438156,0,2,1.0,-1.8923327544684423,2.718581734185079e-06,-0.205271656726949,0.999899862550801,0.5540093206095942,True
RPL31,2,-0.7943573781716265,0.6389533223129084,0.6967301489791194,6.726474579014375,85.13337130389439,-1.2432166019517366,0.2137880264943326,0,2,1.0,-1.4646685480070374,0.0008718722204491,-0.18529495094853804,0.999899862550801,0.5542160142973376,True
RPL11,2,-0.8726440229098862,0.7038013165374881,0.8590736108934771,7.339298822431913,86.3747201988344,-1.2399010948190015,0.21501197890298396,0,2,1.0,-1.6220877706998853,0.0008897880377771,-0.21170543396231503,0.999899862550801,0.5546227580270279,True
RPL22L1,2,-0.7796300491625915,0.6299715859510965,0.7113500971386298,9.368679510370129,89.3261371691378,-1.2375638307330146,0.21587783267699823,0,2,1.0,-1.4468575996050528,0.0002480324200372,-0.184834167543846,0.999899862550801,0.5546423013231273,True
RPS25,2,-1.0413424286759887,0.8503541948039487,1.2400403113312113,7.007037778669632,85.72863410207185,-1.2245984497272608,0.2207265523118752,0,2,1.0,-1.880219891939944,6.248995778556065e-05,-0.179354488497954,0.999899862550801,0.5577147103612997,True
RPL28,2,-1.3052820315540503,1.0734284910667813,2.199111891842585,21.523521851536593,95.35392020461275,-1.2159934661850191,0.2239874109968093,0,2,1.0,-2.4088305404373793,5.144703489881536e-08,-0.261151468956619,0.999899862550801,0.5589995881606887,True
RPS26,2,-1.1223283636450871,0.9258091496507077,1.6123573049292452,16.50880057357684,93.9426247500951,-1.212267521949338,0.22540999195653355,0,2,1.0,-2.0809172675959964,1.7932918239690503e-06,-0.228178037009488,0.999899862550801,0.559775519419003,True
RPL13,2,-0.8659813234020314,0.7176499528112318,0.8591943093562987,5.963462859892116,83.23121945261698,-1.206690420600942,0.22755138961230437,0,2,1.0,-1.6179962634549554,0.0017801466233027,-0.181125973674913,0.999899862550801,0.559775519419003,True
RPL34,2,-1.0227496463380228,0.8480138807522619,1.3546983766939924,17.19608298656833,94.18472217899222,-1.2060529544997012,0.22779707294270712,0,2,1.0,-1.8773797993492105,1.1242666650342816e-08,-0.181300816789064,0.999899862550801,0.559775519419003,True
RPL21,2,-0.6481933483745058,0.5400696820974173,0.4642320464668893,4.842122523583821,79.34789970453153,-1.2002031772218333,0.23006044169626683,0,2,1.0,-1.2182808739483844,0.0048577448742671,-0.136560926270215,0.999899862550801,0.5602610997942976,True
RPS14,2,-0.8205333924425571,0.691204952797161,0.8290331926927996,7.485852215742852,86.64146751525517,-1.1871057768351212,0.2351858999949209,0,2,1.0,-1.5379706094250634,0.0005082235277387,-0.154601551353004,0.999899862550801,0.5635722437146056,True
RPL7A,2,-1.530969312971747,1.301057481956195,3.2605669709372274,26.500309330968214,96.22645914237914,-1.1767115090640496,0.23931067260026484,0,2,1.0,-2.8708626321729707,1.751832353564457e-08,-0.267622039650519,0.894299995836389,0.5652570395161993,True
EIF4H,2,-0.6594267445494084,0.5679252898084963,0.5774739669187734,9.09952704451599,89.01041784800596,-1.1611153022816896,0.24559501254025506,0,2,1.0,-1.271945929930445,0.0008246471857836,-0.132848732787346,0.999899862550801,0.5687630175792532,True
EIF4A3,2,-0.8091560946962091,0.7005046171275335,0.8571975226277538,7.893140847791495,87.33077213135249,-1.15510458448398,0.24804760108540058,0,2,1.0,-1.5180539407605902,0.0001601946077792,-0.116945332114167,0.999899862550801,0.5691222968600196,True
RPS8,2,-1.001012348660125,0.8696729485676931,1.3865608795868392,11.752512197649567,91.49118092215217,-1.1510215999114854,0.24972334947094255,0,2,1.0,-1.9092607974445437,6.888834328745334e-05,-0.168276505859971,0.999899862550801,0.569834407738842,True
DDX20,2,0.6379049998683753,0.5568264087324297,0.5778798794022971,14.682001934238114,93.18893973397442,1.1456083796753003,0.25195722846148183,2,0,1.0,1.193139822971212,2.8587534842124836e-08,0.0794824432117864,0.999899862550801,0.5700297182870666,True
RPL23,2,-1.1287987506280808,0.987373900914901,1.8274727252506011,15.643131904311218,93.60741821959321,-1.143233327903579,0.2529417282563349,0,2,1.0,-2.151858986420453,6.14523781818659e-06,-0.175866375680645,0.999899862550801,0.5700297182870666,True
EIF5A,2,-1.1147986771010898,0.9756410832581303,1.7875214507512376,16.238346118946055,93.84173737476101,-1.1426319537285639,0.25319143281893275,0,2,1.0,-2.1138944578124153,1.0983961234367202e-06,-0.162061670581663,0.999899862550801,0.5700297182870666,True
DHX32,2,-0.20545626317973414,0.1802886343029004,0.0,0.3873193212770249,0.0,-1.1395963143996641,0.25445452153626846,0,2,1.0,-0.2862909493856261,0.2889294410304507,-0.0497134183814477,0.999899862550801,0.5709423570918534,True
RPS24,2,-0.661317345531921,0.5833669395873262,0.6088550650473025,9.30961148906103,89.25841318754259,-1.1336215692986251,0.25695332143008365,0,2,1.0,-1.2726389693860718,0.0003291453203071,-0.10462677067884499,0.999899862550801,0.5734183911544946,True
RPL12,2,-0.9424066116790515,0.8377371979162461,1.2967731192923984,12.519922672477344,92.01273022078395,-1.1249430179573687,0.2606131813756932,0,2,1.0,-1.835396406785477,0.0001848998329709,-0.156503327432759,0.999899862550801,0.5740669242031984,True
EIF3F,2,-0.6714563251310791,0.5990570615149835,0.6131044684910802,6.804939770792726,85.30479278755604,-1.1208553713280698,0.2623494301975371,0,2,1.0,-1.2930986121678836,0.0012066318716176,-0.0941639329715995,0.999899862550801,0.5752026259975068,True
EIF2AK1,2,-0.8605407839399143,0.7712045270077985,1.0795787673242474,10.820223607996333,90.75804681835797,-1.115839902131711,0.2644906703409742,0,2,1.0,-1.631465085265922,4.963557406469245e-06,-0.089055929390217,0.999899862550801,0.5764686805576824,True
EIF3K,2,-1.1965076948017725,1.0862094423153836,2.266353576837363,25.19183550468066,96.03045994876317,-1.1015441849329493,0.2706598851547144,0,2,1.0,-2.269866339717014,2.7767078632752456e-17,-0.0972935987823902,0.999899862550801,0.5777984965329481,True
DDX31,2,0.328204683154954,0.30152576309470364,0.12415079732967553,3.078343406336383,67.51499530748826,1.0884797364790053,0.27638337738229335,2,0,1.0,0.0570043977323151,0.8439109281032274,0.6634469033766509,0.495197551808706,0.5786745498863748,True
RPL7,2,-1.1955110536487294,1.1056369458892428,2.328745776446107,20.70713381684265,95.17074642562736,-1.081287178484437,0.27956938897548733,0,2,1.0,-2.3336055056538227,5.863667828794949e-07,-0.121405952827254,0.999899862550801,0.5786745498863748,True
EIF3L,2,-1.1629580915942008,1.076557916775211,2.196208195220346,19.011844820801358,94.74012117484845,-1.080255946728624,0.2800282210606938,0,2,1.0,-2.229925088818498,3.817799152690796e-11,-0.0767230429128001,0.999899862550801,0.5786745498863748,True
DDX24,2,0.7721501902041931,0.7169865262353526,0.8825733186567422,6.764709184582636,85.2173985205589,1.076938215643306,0.281507868779744,1,1,0.5,1.4303855066646942,1.5705141278703547e-07,-0.0088314222187339,0.999899862550801,0.579324735858841,True
EIF1AD,2,0.9335565531445913,0.8723860661475803,1.388724056546107,11.254252896617668,91.11447015465114,1.070118596995866,0.2845659292345414,2,0,1.0,1.774602850976282,3.732753473093515e-09,0.0286629101066995,0.999899862550801,0.5801268294590929,True
EIF3D,2,-0.548288496810942,0.5152346297437809,0.4313345092224185,5.157535126439264,80.61089308197509,-1.0641530385556546,0.28725937707234983,1,1,0.5,-1.019987120275798,8.137664757814566e-05,0.0145003486116474,0.999899862550801,0.5810964801448522,True
EIF4E3,2,-0.592339116554127,0.5714033206748775,0.37085080019377314,2.011765722380128,50.29242277689791,-1.0366392618343947,0.299904008356465,1,1,0.5,-0.9941325690522307,0.0090807944656578,0.220271822843443,0.999899862550801,0.5870788243029794,True
EIF2B4,2,-0.16665021472391525,0.16118940575549162,0.0,0.0030030146125673294,0.0,-1.033878212670547,0.30119310163057733,0,2,1.0,-0.1779566017794195,0.6071006174848301,-0.159749301201491,0.999899862550801,0.5875579148436377,True
DDX39B,2,1.7080122069709909,1.704664775319037,5.750859994307142,95.41062132286305,98.9518986606155,1.0019636891079229,0.31636113036720614,2,0,1.0,3.414831867781934,4.414702360831407e-37,0.0054995965685181,0.999899862550801,0.5940022818415936,True
DHX34,2,0.6453717856699382,0.6526740013148653,0.7825007805588892,12.225482006524182,91.82036340598803,0.9888118484416168,0.3227552061282274,2,0,1.0,1.3091297032950695,3.148454162173526e-05,0.0035966133051573,0.999899862550801,0.5966172460663446,True
DDX54,2,-0.9552076836098187,0.9793050878154053,1.8543464859312273,30.04868521173259,96.6720673701572,-0.9753933636152732,0.3293651742942635,1,1,0.5,-1.9417988273250204,5.6484053946149465e-11,0.0168651564216576,0.999899862550801,0.5990208296908001,True
EIF4A1,2,1.7273768992284388,1.7724267367790423,5.983372666726295,20.86443103803949,95.20715423211482,0.9745829620960973,0.3297671684355835,1,1,0.5,3.528223314647347,2.047014451448555e-07,-0.0170786580870572,0.999899862550801,0.5990208296908001,True
EIF4E2,2,-0.22026713017475164,0.22756106666918965,0.0,0.03333269163728847,0.0,-0.9679473444152845,0.33307066774102556,0,2,1.0,-0.18578355622453877,0.6370434501400484,-0.270322887397975,0.999899862550801,0.5999680978900946,True
EIF4EBP1,2,-2.1405443629262675,2.21417075570919,9.479116274175091,29.48888670974978,96.60889198753857,-0.9667476446461599,0.3336702029288262,1,1,0.5,-4.4135379447419165,7.918971248582481e-08,0.0163258432454942,0.999899862550801,0.5999680978900946,True
EIF3H,2,-0.6820559724792978,0.7096377012203193,0.9426674723786939,15.430983921586812,93.51953183878913,-0.9611326615065816,0.33648546915262123,1,1,0.5,-1.4122132355481232,2.1458600025345077e-05,0.0076388267981981,0.999899862550801,0.6009271998161686,True
DDX17,2,1.1403161260815455,1.1883637307963275,2.7313678871098532,29.955139174999548,96.6616746657128,0.9595682672992847,0.33727254614373314,1,1,0.5,2.354269482597309,2.074318546208028e-08,-0.0229973975330894,0.999899862550801,0.6018000333152885,True
EIF2AK4,2,-0.8113966067311948,0.8484471279581355,1.3698393649683813,20.41529643021047,95.10171207448056,-0.9563313729211318,0.3389048444529541,1,1,0.5,-1.641752124053751,3.984983317046472e-15,0.0555363080539963,0.999899862550801,0.6018647302063701,True
EIF3E,2,-0.5923594387919479,0.6308083010299421,0.7601844478630251,22.302164529169094,95.51613028999003,-0.9390482620865681,0.3477059659520747,1,1,0.5,-1.2271808517746154,1.2294367978196812e-08,0.0344611197312511,0.999899862550801,0.6050348525280592,True
EIF4G3,2,0.10567478473873274,0.11286708509628801,0.0,0.04528664263659636,0.0,0.9362763701089697,0.3491309112287052,2,0,1.0,0.1173549215387246,0.4610388150446036,0.0562827617861179,0.999899862550801,0.6056372966319362,True
DDX47,2,1.8374408304996768,2.0073777163159288,7.556353408507965,15.237298816537804,93.43715699192924,0.9153438416522172,0.3600111501099913,1,1,0.5,3.9665488147587338,0.0002948961524527,-0.0551664612643736,0.999899862550801,0.6118824532763971,True
EIF2B1,2,-0.1649417383567469,0.1843510234162985,0.0,0.7352569947899468,0.0,-0.8947156099279043,0.37093913201290984,1,1,0.5,-0.269238024948396,0.3187478673216382,0.0746442549709481,0.999899862550801,0.617279845284236,True
EIF6,2,-0.7550972091421029,0.8548029854806113,1.3604069329019224,14.392738762623152,93.0520520347599,-0.8833581795664307,0.37704277868569736,1,1,0.5,-1.6275222759930423,3.5049627656386015e-05,0.0824396427322026,0.999899862550801,0.620273039341171,True
RPL10A,2,-0.6859088164835714,0.77995133968205,1.1408373609444842,16.002896057819907,93.75113106785852,-0.8794251405006684,0.37917080577334394,1,1,0.5,-1.476665220709604,7.282052814442821e-06,0.0833851013661778,0.999899862550801,0.6209491398079813,True
RPL5,2,-0.6051846181078132,0.7152208170775111,0.9304572557296056,11.004991244562861,90.91321403373163,-0.846150732274096,0.39746866230407873,1,1,0.5,-1.334228238999401,0.000272511581019,0.0964754781089688,0.999899862550801,0.6309762880202342,True
RPS10,2,1.7355486473171715,2.057450969230082,8.300343603785905,51.04132358795445,98.04080315770652,0.843543138219537,0.39892475028191265,1,1,0.5,3.7915156325422195,1.0720508036726842e-19,-0.323387377048242,0.999899862550801,0.6318788447404775,True
EIF4EBP2,2,-0.12937758368009797,0.15709395911392765,0.01816517391141367,1.5213871529490062,34.27051108840814,-0.8235681652549783,0.4101849707187878,1,1,0.5,0.0761284033739803,0.808575449667395,-0.249464167744407,0.845447536350148,0.6378160904857262,True
RPL26,2,0.5489971789353012,0.6684054823759437,0.8303628946722597,14.14407788454016,92.92990318518378,0.8213534948633449,0.41144494493543504,1,1,0.5,1.218991151362814,1.0302414315172196e-05,-0.117823579543319,0.999899862550801,0.6382031604628321,True
RPL17,2,0.8733152119799275,1.0806823514866344,2.2410182003892563,24.631700238511755,95.94019093153588,0.8081146238564518,0.41902459985749296,1,1,0.5,1.9611105712888413,3.251993369755796e-08,-0.20030064308001996,0.999899862550801,0.6423280700558106,True
EIF4ENIF1,2,0.22052428068934485,0.28242368936160633,0.11032718058095872,3.1638657603902756,68.39309642907713,0.7808278448164897,0.4349037547287381,1,1,0.5,0.4746335764623669,0.0221926996807789,-0.0933687631285716,0.999899862550801,0.6520054680393803,True
RPL7L1,2,-0.39831234582944636,0.5175152326587116,0.49505231116590565,12.973373263491915,92.2919045055608,-0.7696630373238181,0.441499801339439,1,1,0.5,-0.9356132677696006,0.0005672228403504,0.100145790193687,0.999899862550801,0.6560742150287311,True
EIF3B,2,-0.6592503330891432,0.8697748435508937,1.4416808108693957,21.03354965517404,95.24569073506805,-0.757955162738123,0.44847782514499235,1,1,0.5,-1.5469196224879147,8.07473518125793e-06,0.192990797147967,0.999899862550801,0.6592090257140931,True
EIF2B3,2,-0.7890943786057801,1.0792329291376426,2.234596261154933,24.548981635920367,95.92651127109572,-0.7311622517266068,0.4646800540871958,1,1,0.5,-1.8686798838852883,1.5339692201174727e-08,0.289786089535981,0.999899862550801,0.669048619392973,True
EIF1,2,-0.4390254008142126,0.6097596976746167,0.5723900397669656,3.974016838402681,74.8365434605974,-0.7199974063364347,0.471526592485189,1,1,0.5,-1.1604851785788148,0.0744095299430537,0.0763281925077327,0.999899862550801,0.6730612511909709,True
EIF2D,2,-0.10698116084793179,0.14886847907294357,0.0,0.01444267418733668,0.0,-0.718628695034309,0.47236972816851563,0,2,1.0,-0.097266661704109,0.6689978766192021,-0.139929437396057,0.999899862550801,0.6733324067100765,True
DDX1,2,-0.3631226240381216,0.5070539375876408,0.4599839176275289,9.469719932349772,89.4400256064187,-0.7161420060471542,0.4739036684209115,1,1,0.5,-0.876766756333737,0.0012278542463863,0.137425672842181,0.999899862550801,0.6743070889840456,True
RPS17,2,1.1021433440054735,1.570801333051144,4.868789566199308,74.67519071838593,98.66086716300305,0.7016440085804209,0.48290119915435914,1,1,0.5,2.6774472050696803,1.4421195682283926e-19,-0.4641683301425051,0.659158238217131,0.6779649008807502,True
EIF2B2,2,0.19673704863507693,0.2831720828259522,0.0,0.31469864983180446,0.0,0.6947614562555542,0.48720480684437817,1,1,0.5,0.3197481205790236,0.4840716211018952,-0.0084035162139308,0.999899862550801,0.6801984960782188,True
DDX39A,2,0.15553814003793867,0.22676070334158305,0.0,1.3084711776846836e-06,0.0,0.6859131134535351,0.49276790037450513,2,0,1.0,0.1558140913912757,0.73276044772882,0.155294321219057,0.999899862550801,0.6834712237259495,True
EIF1AX,2,-0.38548042159110396,0.6089271348180333,0.6108550587370384,5.394366175440879,81.46214091744949,-0.6330485201752386,0.5267019584572554,1,1,0.5,-0.9334573816980656,0.0005084748173404,0.29117623099028,0.999899862550801,0.7061785535845976,True
EIF2S2,2,-0.4759981960052333,0.75608133453039,1.0364147506007009,10.274804252422918,90.26745448932336,-0.629559512007899,0.5289828205104323,1,1,0.5,-1.2828823553277708,0.0075123600409879,0.232478947610056,0.999899862550801,0.7080466060398495,True
DHX8,2,-0.09705568698902527,0.15873246230965282,0.0,0.38100856661677185,0.0,-0.6114419544484262,0.5409070349008371,0,2,1.0,-0.0556915321343172,0.8206172071942043,-0.329138025363322,0.999899862550801,0.7151488711774872,True
DHX9,2,0.10729625766541341,0.17574339420569818,0.0,0.05880331389622049,0.0,0.6105279697729573,0.5415121212165457,2,0,1.0,0.0716318623289401,0.8267365971860828,0.15822054455412804,0.999899862550801,0.7156498365455178,True
RPS6KA5,2,0.12566630347820845,0.24786307133019958,0.030052725875753646,1.3237550635835589,24.457323903042628,0.5069988958169473,0.6121555933242837,1,1,0.5,0.3718001823859373,0.3157373968117901,-0.123938108567282,0.999899862550801,0.7605912273897757,True
RPS15A,2,0.43945845791887506,0.8733477046950994,1.4698259134022864,27.36483110004394,96.34567450336503,0.5031884271938375,0.6148318005370382,1,1,0.5,1.3056600639873637,3.8560374606263404e-09,-0.441094300183366,0.856802849720016,0.7619403727928339,True
RPS6KB1,2,-0.23388514344332118,0.485022042616903,0.4168682756552872,8.760930856882002,88.58568779578408,-0.4822154930967879,0.629652871945805,1,1,0.5,-0.7122745665439228,0.002996084093487,0.257861476495645,0.999899862550801,0.7725524910928584,True
EIF3M,2,-0.29700066610360015,0.6552993719325118,0.7634838359692192,8.966287090429521,88.84711151991347,-0.4532289802563519,0.6503838664461796,1,1,0.5,-0.9368553835654584,0.001939996099164,0.37411615953853,0.999899862550801,0.7847734110773235,True
DDX59,2,-0.19820955273044724,0.44941747101141694,0.29228798263429,3.575952400884623,72.03542195492818,-0.44103659852024746,0.6591865016790353,1,1,0.5,-0.6185977861653303,0.0664622154035828,0.282241723462523,,0.7903861317249087,True
EIF3J,2,-0.43190227154079447,0.9994983891283254,1.9262035961424546,27.63455454984289,96.38134206869027,-0.43211902714266665,0.6656549064127792,1,1,0.5,-1.4478004696111413,3.785477052742728e-05,0.551461053414075,0.258796523508518,0.7953031917387826,True
DDX60,2,0.21364027906836244,0.4960724824823339,0.0,0.18435614385903507,0.0,0.4306634345031839,0.6667131097535783,2,0,1.0,0.1335394306047767,0.8621411834791682,0.78002401427955,,0.7957989110023252,True
DHX33,2,-0.3772558819907733,0.9220229635406524,1.5920489933741886,15.287740075819837,93.45881081807723,-0.4091610479440515,0.6824214777880232,1,1,0.5,-1.260003285741127,8.889607176545175e-10,0.585790105666086,0.991299984804734,0.8056594425329912,True
EIF4G1,2,-0.0995067430557109,0.25935424596152645,0.007973372200844387,1.063001110646192,5.9267210556246805,-0.3836711548207007,0.701222194504844,1,1,0.5,-0.3601593595278601,0.4209480356278479,0.158555599876723,0.999899862550801,0.8187543140946628,True
EIF2A,2,-0.22361869189880249,0.6653930053436538,0.7765856602150228,8.084444864364087,87.63056688767882,-0.336070097074902,0.7368180073699044,1,1,0.5,-0.9080977062303786,0.0284575038918364,0.423220498624259,0.955808511426917,0.8428381671581507,True
DHX30,2,0.05507697475938655,0.16557250636663,0.0,0.00024028872540953307,0.0,0.33264565457159095,0.7394017766770392,2,0,1.0,0.0536306445737988,0.8449365762144221,0.0596314924103976,0.999899862550801,0.8440841070667993,True
DDX49,2,-0.19891446532056553,0.6223307995197306,0.566194328997114,3.603586170758258,72.24986575554588,-0.319628187250371,0.7492502040794446,1,1,0.5,-0.7575352199850586,0.070687816198612,0.494392435285869,0.999899862550801,0.850308325370679,True
RPS6KC1,2,-0.06932635804160873,0.2173614868765613,0.054689529882406274,2.3082338233578987,56.676832741959736,-0.31894499360403666,0.7497682246790496,1,1,0.5,-0.3206132879224272,0.2605436675398399,0.118689851156369,0.999899862550801,0.850308325370679,True
DDX21,2,0.38116737985945165,1.2109420999237166,2.8990417707127776,86.63205792440408,98.84569289480274,0.3147692857350185,0.7529368335946551,1,1,0.5,-0.8215908775585082,5.592486670778549e-11,1.60034900702669,5.21123683087864e-08,0.8519018880991036,True
DDX42,2,-0.05109027141801327,0.19092855422269472,0.0,0.0500548598498474,0.0,-0.26758842660287857,0.7890161404284614,1,1,0.5,-0.0865612851772568,0.8060369897706516,0.00035132251202979996,0.999899862550801,0.876017094542305,True
DDX10,2,-0.24153537631088337,0.9595697770394821,1.6892320988977283,11.600207388562698,91.37946446555812,-0.2517121548534821,0.801263561231595,1,1,0.5,-1.143599329836826,5.672854561114797e-07,0.779206172454617,0.942366865147255,0.884188541605451,True
DDX27,2,-0.09526217566595689,0.3784707850608488,0.1354848935524659,1.8911884316009124,47.123196013128705,-0.2517028511213648,0.8012707530635864,1,1,0.5,-0.4517000988783553,0.3137809954273663,0.306603411064049,0.999899862550801,0.884188541605451,True
RPL37,2,0.11094087537628318,0.4991465534308919,0.41409761843387066,5.671782055908474,82.3688570868433,0.22226112674469908,0.8241106116222926,1,1,0.5,0.5651841399334386,0.0129436173022094,-0.43754778971120806,0.999899862550801,0.898253848384781,True
DDX50,2,0.0333615495213889,0.1781419625077941,0.015206266062582418,1.2828100277403274,22.046134784158014,0.18727507574151295,0.8514449639293638,1,1,0.5,-0.0998789358172912,0.6905522919838886,0.271536596133259,0.999899862550801,0.9160848429582265,True
DDX58,2,0.09510129730999899,0.6006134242355875,0.24956533202135409,1.197202317952234,16.471929179818208,0.15834027924207034,0.8741886702198691,1,1,0.5,1.5954025367388662,0.4058988006918162,-0.145341405722975,0.999899862550801,0.9299732333366507,True
EIF3A,2,-0.0716725948323932,0.48463544415979376,0.41653561845670994,8.74296302225605,88.56223001910904,-0.14788970905058554,0.8824298098866437,1,1,0.5,-0.5737572167811189,0.0588595911031518,0.396120090839518,0.65144944623783,0.935205603245013,True
DHX38,2,-0.03029045062656367,0.21771622041730573,0.0,0.5796127782352436,0.0,-0.13912813004242267,0.8893488998338607,1,1,0.5,0.0805547189859051,0.8295816800683581,-0.27814834262924,0.999899862550801,0.939086179574825,True
DDX18,2,-0.07195213034930388,0.5977677527477885,0.6621191513519187,13.586331912131486,92.63966163591896,-0.12036803594465907,0.9041916108934118,1,1,0.5,-0.6757828783302132,0.0134917297263929,0.519813505004592,0.444534091017353,0.9480538029385186,True
DDX51,2,-0.024769743843070156,0.2096982592454081,0.016992428940541194,1.154964542774182,13.417255425172,-0.11812088441841728,0.905971875921029,1,1,0.5,-0.1373073072165741,0.6014078754561206,0.365974098589434,0.999899862550801,0.9490200462413203,True
DHX35,2,0.03532363792172438,0.30749766279644714,0.13190799695919353,3.260909551449305,69.33370937701869,0.11487449237982474,0.9085446033592898,1,1,0.5,-0.2969883706972296,0.3753018898185471,0.319859887509078,0.922709574924338,0.9504896161072196,True
DHX37,2,0.06857433978781477,0.6716854264615433,0.7378226588027254,5.425982137052006,81.57015679850154,0.10209293976953798,0.9186829049811973,1,1,0.5,-0.5707444174104155,0.1666410440098473,0.774265056728466,0.856802849720016,0.9565007046431381,True
EIF5B,2,-0.05623688011811649,0.6041176811804007,0.6773296034684996,13.623626186341639,92.65981034474838,-0.09308928023466197,0.9258326335893622,1,1,0.5,-0.6376778748940607,0.0002713195852268,0.571441897253643,0.680569674538557,0.9607325300702257,True
EIF4G2,2,-0.0162916229932924,0.22295090933655484,0.03029542850366062,1.368997776453043,26.953862365582864,-0.07307269139099778,0.9417482726606627,1,1,0.5,-0.1727839475244643,0.5227570178487269,0.301341258510078,0.999899862550801,0.9694632426649656,True
DDX3X,2,0.020708530859054188,0.2857868002916747,0.10213267161971035,2.66790439253242,62.51739744501177,0.07246146721233805,0.9422346695349203,1,1,0.5,-0.2681449178850456,0.390011784106727,0.303461240151821,0.999899862550801,0.969881459889534,True
EIF4E,2,-0.0024027380076121242,0.16727271598082658,0.0,0.12919757119457984,0.0,-0.01436419558039301,0.9885394242297257,1,1,0.5,-0.0399051056484286,0.8915997454547744,0.0939903469184887,0.999899862550801,0.9937120142402301,True
RPL32P3,1,1.5556581007814874,0.1919140762601086,0.0,,,8.106013540523435,5.230761843883208e-16,1,0,1.0,1.5556581007814874,1.3374316039284028e-14,,,,True
DDX12P,1,2.127717537106659,0.3002207758946931,0.0,,,7.087176198135559,1.3687607127701911e-12,1,0,1.0,2.127717537106659,2.2788298584364784e-11,,,,True
DDX19A-DT,1,2.5439690555570684,0.39478126070497,0.0,,,6.443996483050498,1.1636778230072235e-10,1,0,1.0,2.5439690555570684,1.443675387928735e-09,,,,True
RPL3L,1,3.719931739178286,0.6099030278243801,0.0,,,6.099218350248017,1.0658838841360403e-09,1,0,1.0,3.719931739178286,1.1096385447736056e-08,,,,True
RPL3,1,-2.2046986153829,0.3714267864072599,0.0,,,-5.935755567627544,2.9249530381255345e-09,0,1,1.0,-2.2046986153829,2.7951297939002384e-08,,,,True
RPL5P30,1,4.163690195041129,0.7146571453208309,0.0,,,5.826136661898097,5.6725170229197525e-09,1,0,1.0,4.163690195041129,5.1399084449472676e-08,,,,True
RPL6,1,-1.863662606809818,0.3440103018219722,0.0,,,-5.417461619432191,6.045112069688531e-08,0,1,1.0,-1.863662606809818,4.555766905318151e-07,,,,True
RPSAP58,1,-1.8770759713066856,0.3526788797367133,0.0,,,-5.322337341856099,1.0244237224054237e-07,0,1,1.0,-1.8770759713066856,7.403141612214173e-07,,,,True
RPL7AP6,1,-3.182873981662328,0.6139615134404853,0.0,,,-5.184158798205942,2.1699199537990915e-07,0,1,1.0,-3.182873981662328,1.4688378085772167e-06,,,,True
EIF2B5-DT,1,3.1199952321428457,0.6145122623210346,0.0,,,5.07718954274161,3.8305869386109487e-07,1,0,1.0,3.1199952321428457,2.4783477048681337e-06,,,,True
RPL28P2,1,3.356937705711992,0.6727102308937618,0.0,,,4.990168948749255,6.0326505869884e-07,1,0,1.0,3.356937705711992,3.728311399892787e-06,,,,True
EIF2AK3-DT,1,2.430992254073856,0.4890980802484677,0.0,,,4.970357382795048,6.682960372880351e-07,1,0,1.0,2.430992254073856,4.103473134361499e-06,,,,True
EIF3C,1,-1.972701916547896,0.3979091584598365,0.0,,,-4.95766904230985,7.134396002744074e-07,0,1,1.0,-1.972701916547896,4.35735583365579e-06,,,,True
RPL7AP65,1,7.516041001424902,1.5803357710298882,0.0,,,4.7559772671137965,1.9748869386731513e-06,1,0,1.0,7.516041001424902,1.09901592720527e-05,,,,True
RPL41P1,1,-1.8535820968307302,0.4175280288347519,0.0,,,-4.439419557062446,9.020182137210868e-06,0,1,1.0,-1.8535820968307302,4.329449216825903e-05,,,,True
RPL39P14,1,5.433173215543023,1.2275382830064552,0.0,,,4.426072319501299,9.59643628574564e-06,1,0,1.0,5.433173215543023,4.572055949494865e-05,,,,True
RPL36A,1,1.8518376166882877,0.4277445030707463,0.0,,,4.329307807333775,1.495787450958685e-05,1,0,1.0,1.8518376166882877,6.82777821377332e-05,,,,True
RPS26P55,1,7.934741018018632,1.8546209144930614,0.0,,,4.278362740337962,1.8827303020288523e-05,1,0,1.0,7.934741018018632,8.405803047543397e-05,,,,True
RPS15P4,1,-2.8660672839353314,0.6760744050167597,0.0,,,-4.239277899988363,2.242399253367903e-05,0,1,1.0,-2.8660672839353314,9.844349379217786e-05,,,,True
RPL6P27,1,-2.1747263231696237,0.5148458696291163,0.0,,,-4.224033737973365,2.3996810273140185e-05,0,1,1.0,-2.1747263231696237,0.0001046740864114,,,,True
RPLP0P2,1,4.863879338743115,1.1705203531250248,0.0,,,4.155313767725317,3.248414447102403e-05,1,0,1.0,4.863879338743115,0.0001370896267246,,,,True
EIF4A1P10,1,-2.0128390790582458,0.48447501562574213,0.0,,,-4.154680869267297,3.2574186165484304e-05,0,1,1.0,-2.0128390790582458,0.0001373898666155,,,,True
RPL29P14,1,8.353438842402436,2.0199036649334796,0.0,,,4.135562991157569,3.540854672546797e-05,1,0,1.0,8.353438842402436,0.0001480844494884,,,,True
RPL14P1,1,-2.6858922942303,0.6668370836381075,0.0,,,-4.027808830871701,5.6299090194592325e-05,0,1,1.0,-2.6858922942303,0.0002248046790816,,,,True
EIF5AL1,1,-3.216578442919523,0.8064363661264503,0.0,,,-3.988632678322395,6.645523077428881e-05,0,1,1.0,-3.216578442919523,0.0002607752038839,,,,True
RPL7P9,1,-2.41318577493627,0.6209197257986766,0.0,,,-3.8864698199630197,0.00010171256531142243,0,1,1.0,-2.41318577493627,0.0003771423069435,,,,True
DDX18P4,1,6.099145298435437,1.616735958010663,0.0,,,3.77250550296427,0.0001616164007687305,1,0,1.0,6.099145298435437,0.0005701801521782,,,,True
RPS26P41,1,8.20526615051673,2.187550966495171,0.0,,,3.7508914197610506,0.000176206998482612,1,0,1.0,8.20526615051673,0.0006146952394283,,,,True
RPL12P14,1,2.445645940173468,0.6542949500500271,0.0,,,3.737834045618837,0.0001856123922026127,1,0,1.0,2.445645940173468,0.0006441060101732,,,,True
RPLP0P6,1,-2.039926956647814,0.5595848927359699,0.0,,,-3.645428929780485,0.00026694618320231123,0,1,1.0,-2.039926956647814,0.0008913190838399,,,,True
EIF4BP7,1,-2.4658371069664375,0.689930101848836,0.0,,,-3.5740390227337895,0.0003515165072373673,0,1,1.0,-2.4658371069664375,0.0011376428287352,,,,True
DDX18P3,1,3.81563552568007,1.0722926955652572,0.0,,,3.5583899260534126,0.0003731351027334167,1,0,1.0,3.81563552568007,0.0011985385258638,,,,True
RPL7P1,1,-4.3437744627570005,1.2317321879257466,0.0,,,-3.5265575628676022,0.0004209996377374273,0,1,1.0,-4.3437744627570005,0.0013332368373825,,,,True
EIF4BP6,1,-2.286235350738091,0.6517251105020565,0.0,,,-3.5079749328315573,0.0004515315937597925,0,1,1.0,-2.286235350738091,0.0014185975309566,,,,True
RPS2P5,1,-2.03749904940871,0.5816764747717101,0.0,,,-3.502804630715665,0.00046038700632225666,0,1,1.0,-2.03749904940871,0.001442056672108,,,,True
RPL21P121,1,7.571864946394183,2.197234951204529,0.0,,,3.4460879762736667,0.000568765162041016,1,0,1.0,7.571864946394183,0.001741020096016,,,,True
RPL23AP64,1,3.550163097085665,1.0391299544334038,0.0,,,3.4164765262891756,0.000634371326358999,1,0,1.0,3.550163097085665,0.0019178872508857,,,,True
RPL21P10,1,2.8027787640223067,0.832330850324182,0.0,,,3.3673854128207084,0.0007588455454688593,1,0,1.0,2.8027787640223067,0.0022486985525374,,,,True
DDX11-AS1,1,1.4520388946105485,0.4340410227400605,0.0,,,3.3453955237778272,0.0008216530780121778,1,0,1.0,1.4520388946105485,0.0024118780123076,,,,True
RPL3P2,1,-1.8688536180594983,0.559720541125724,0.0,,,-3.3389048297223702,0.000841093749572111,0,1,1.0,-1.8688536180594983,0.0024616552171454,,,,True
RPL7P19,1,5.6352192759530695,1.6983188541599423,0.0,,,3.3181161842194107,0.0009062677914298948,1,0,1.0,5.6352192759530695,0.0026298164623584,,,,True
RPL23AP20,1,3.36456806687768,1.0231263889380278,0.0,,,3.2885165540202648,0.0010071686135900478,1,0,1.0,3.36456806687768,0.0028887884616516,,,,True
DDX39B-AS1,1,3.2519224320499505,1.000257295205073,0.0,,,3.2510859432254784,0.0011496509911238884,1,0,1.0,3.2519224320499505,0.0032597358445673,,,,True
EIF4EBP2P2,1,7.369811563782932,2.2890424596798473,0.0,,,3.2196045698574314,0.0012836753301033563,1,0,1.0,7.369811563782932,0.0035948843027162,,,,True
RPS24P8,1,-1.8968047328373523,0.5918136392036417,0.0,,,-3.205071000711875,0.0013502916776197678,0,1,1.0,-1.8968047328373523,0.0037606769874712,,,,True
RPL23P2,1,2.03451250465534,0.6512038766104418,0.0,,,3.1242327905741427,0.0017826935710736588,1,0,1.0,2.03451250465534,0.0048024390791892,,,,True
RPSAP15,1,-1.734288007835454,0.5580106386195108,0.0,,,-3.107983769137434,0.0018836841290949386,0,1,1.0,-1.734288007835454,0.0050445912150737,,,,True
DDX19B,1,1.931682750587991,0.6377037774873566,0.0,,,3.0291223272960606,0.00245265350436808,1,0,1.0,1.931682750587991,0.0063848618918915,,,,True
RPL10AP6,1,-1.6354174341328669,0.542914457101053,0.0,,,-3.0122930283812015,0.0025928217864689546,0,1,1.0,-1.6354174341328669,0.0067057326174419,,,,True
RPL3P4,1,-2.10219173051348,0.7025081306719628,0.0,,,-2.9924091106286443,0.0027678507073067883,0,1,1.0,-2.10219173051348,0.0070861396791126,,,,True
RPL4P4,1,-1.633500401322202,0.548260675151161,0.0,,,-2.9794228828683176,0.002887919130059115,0,1,1.0,-1.633500401322202,0.007357261561335,,,,True
DDX50P1,1,1.839663428481095,0.6381354477873065,0.0,,,2.882872961939365,0.003940663295748863,1,0,1.0,1.839663428481095,0.0096709650591068,,,,True
RPS7P3,1,2.821588691362106,0.987589706808212,0.0,,,2.857045463222971,0.004276045863382179,1,0,1.0,2.821588691362106,0.0103957819953589,,,,True
RPL4P5,1,-1.5586703364884584,0.5551248894059301,0.0,,,-2.8077831966000986,0.004988379762320732,0,1,1.0,-1.5586703364884584,0.01190464630881,,,,True
RPS3A,1,-1.3496427999389784,0.48925052407365033,0.0,,,-2.7585924460569555,0.0058050883040490055,0,1,1.0,-1.3496427999389784,0.0136579262040246,,,,True
RPL39P38,1,2.1643958906527687,0.7900887774008738,0.0,,,2.739433785875181,0.006154511048767341,1,0,1.0,2.1643958906527687,0.0143674004288418,,,,True
RPL21P16,1,-3.150015600908279,1.1498832183363437,0.0,,,-2.7394221871206503,0.006154728207550169,0,1,1.0,-3.150015600908279,0.0143674004288418,,,,True
RPS12P3,1,2.4645637746931377,0.9522563154874648,0.0,,,2.5881306688226218,0.009649836711510951,1,0,1.0,2.4645637746931377,0.0213819911285232,,,,True
RPL13AP5,1,-1.4804805898364788,0.5762869980210805,0.0,,,-2.568998771307214,0.010199281909717122,0,1,1.0,-1.4804805898364788,0.0224693271162556,,,,True
RPSAP12,1,-2.0966418638300715,0.8229535298071484,0.0,,,-2.5477038348950276,0.010843448464657618,0,1,1.0,-2.0966418638300715,0.0237135877884471,,,,True
RPL21P28,1,-1.7103511847177029,0.6716596360131354,0.0,,,-2.546455217809537,0.010882317340881463,0,1,1.0,-1.7103511847177029,0.023786664782985,,,,True
RPL35AP36,1,2.243415678130168,0.8876922709721294,0.0,,,2.527244802608633,0.011496133892714073,1,0,1.0,2.243415678130168,0.0249607446689989,,,,True
RPS27AP16,1,-1.8963118737323543,0.7694775994675739,0.0,,,-2.464414656182939,0.01372372416989259,0,1,1.0,-1.8963118737323543,0.0291396241793926,,,,True
RPL12P25,1,2.578313838457002,1.0493434625440647,0.0,,,2.4570733325064498,0.014007409020037073,1,0,1.0,2.578313838457002,0.0296574692483261,,,,True
RPSAP47,1,-0.9818404801074193,0.4016693889005008,0.0,,,-2.44439956650676,0.014509347240519247,0,1,1.0,-0.9818404801074193,0.0305688623759394,,,,True
RPS3AP5,1,-2.082580911156442,0.8546642479615512,0.0,,,-2.436724030663011,0.014820985551064304,0,1,1.0,-2.082580911156442,0.0311412037445773,,,,True
RPS2P46,1,-1.8451430425161743,0.7647387879254518,0.0,,,-2.4127755406804896,0.01583156588738317,0,1,1.0,-1.8451430425161743,0.0329975584866042,,,,True
RPS3AP38,1,1.7226272430063632,0.7179312006008903,0.0,,,2.3994322040392833,0.01642052023096041,1,0,1.0,1.7226272430063632,0.0341265301968783,,,,True
RPL6P24,1,2.2415430374598886,0.9362156637123452,0.0,,,2.394259276299193,0.0166539714837612,1,0,1.0,2.2415430374598886,0.0345466157562137,,,,True
EIF4BP3,1,-1.3805791221101518,0.5846223877382843,0.0,,,-2.3614886310652037,0.01820173000904156,0,1,1.0,-1.3805791221101518,0.0373592820908334,,,,True
RPSAP19,1,-1.9147869726586393,0.8259677958889865,0.0,,,-2.3182344180837706,0.02043658444013122,0,1,1.0,-1.9147869726586393,0.0413663022403026,,,,True
RPS7P11,1,-1.6953075248621403,0.7321854025270856,0.0,,,-2.3154074350716463,0.020590645011762332,0,1,1.0,-1.6953075248621403,0.0416433575395527,,,,True
RPL15P2,1,-2.195727599712584,0.9518666172652123,0.0,,,-2.3067597496181578,0.021068217270160925,0,1,1.0,-2.195727599712584,0.042471376158814,,,,True
RPL13P12,1,-1.3095519360093835,0.5716197179932955,0.0,,,-2.2909495505274773,0.021966331660824796,0,1,1.0,-1.3095519360093835,0.0440417074391054,,,,True
RPL7P57,1,2.5057449033045773,1.0952838078575942,0.0,,,2.2877585565752905,0.022151585536722977,1,0,1.0,2.5057449033045773,0.0443709515568533,,,,True
RPS23P8,1,-1.643006265329116,0.7374213772168312,0.0,,,-2.2280426308363,0.025877672322135156,0,1,1.0,-1.643006265329116,0.0507546792577129,,,,True
EIF3CL,1,-1.7257405941479642,0.7822087563544776,0.0,,,-2.206240444291193,0.027367168852165464,0,1,1.0,-1.7257405941479642,0.0533450668214968,,,,True
RPL7P23,1,-1.5729065796059505,0.7138613066192173,0.0,,,-2.203378394404221,0.027568089705929735,0,1,1.0,-1.5729065796059505,0.0536887254653386,,,,True
RPS2P7,1,-2.004867797861725,0.9110139822683884,0.0,,,-2.200699261354567,0.027757321148729808,0,1,1.0,-2.004867797861725,0.0539993911563461,,,,True
RPS29P16,1,1.3496977244908128,0.6150217660189307,0.0,,,2.194552776932562,0.02819569416104142,1,0,1.0,1.3496977244908128,0.0547447778556319,,,,True
RPL12P4,1,-1.971105066822919,0.8982314832670967,0.0,,,-2.19442883437297,0.02820459487889271,0,1,1.0,-1.971105066822919,0.0547571848236291,,,,True
EIF3FP3,1,-2.8085945388873235,1.2806205194903282,0.0,,,-2.1931512857572444,0.028296480988354678,0,1,1.0,-2.8085945388873235,0.0549172277893358,,,,True
EIF5AP4,1,-1.4860162236194514,0.6888979726243908,0.0,,,-2.15709188104938,0.03099850609144118,0,1,1.0,-1.4860162236194514,0.0594615143231602,,,,True
RPL13AP7,1,-1.756435892178868,0.8301285065104007,0.0,,,-2.115860229354576,0.03435669678260486,0,1,1.0,-1.756435892178868,0.0648761521063733,,,,True
RPL17P36,1,-2.273229088797292,1.0813850718737124,0.0,,,-2.1021458016416625,0.035540505780900684,0,1,1.0,-2.273229088797292,0.0668107594450476,,,,True
RPL26P36,1,-2.5918115966793276,1.2694633577491217,0.0,,,-2.0416592419609922,0.041185344393800775,0,1,1.0,-2.5918115966793276,0.0759878488477112,,,,True
RPL35P2,1,-1.2684510145248105,0.6226850722393785,0.0,,,-2.037066682782433,0.04164336010172626,0,1,1.0,-1.2684510145248105,0.0766966461593184,,,,True
EIF3J-DT,1,0.6524200568884116,0.3210819453138385,0.0,,,2.0319425193799354,0.04215947537998821,1,0,1.0,0.6524200568884116,0.0775083667435324,,,,True
RPL23AP42,1,-1.2306872203359491,0.6062105676667132,0.0,,,-2.0301315845958086,0.04234316578653435,0,1,1.0,-1.2306872203359491,0.0777818955448761,,,,True
RPL15P3,1,-1.360066008877219,0.6699870117032782,0.0,,,-2.0299886193608194,0.04235769611567669,0,1,1.0,-1.360066008877219,0.0778020340477436,,,,True
RPL12P42,1,-2.576385594837986,1.2789215995589844,0.0,,,-2.0144984616151698,0.04395722622414383,0,1,1.0,-2.576385594837986,0.0802466815056982,,,,True
RPS13P2,1,-1.659675618962826,0.8298174079666725,0.0,,,-2.000049171093652,0.04549495456768876,0,1,1.0,-1.659675618962826,0.0827008634040083,,,,True
RPL15P18,1,-3.073160173770745,1.544727487605279,0.0,,,-1.9894513423431897,0.04665140742690711,0,1,1.0,-3.073160173770745,0.0845072421911,,,,True
RPL39P36,1,2.5119486630924883,1.2988158154913372,0.0,,,1.9340299318285,0.05310944780662524,1,0,1.0,2.5119486630924883,0.0944716627242881,,,,True
RPS7P1,1,-0.9572094754878157,0.49978391225091595,0.0,,,-1.9152466736609355,0.05546105275435876,0,1,1.0,-0.9572094754878157,0.0979993162580056,,,,True
RPS28P5,1,-2.076095492326826,1.0910072824265948,0.0,,,-1.9029162552510366,0.05705147354987501,0,1,1.0,-2.076095492326826,0.1005326523489354,,,,True
EIF4A1P4,1,-2.1287277673213856,1.118787734581863,0.0,,,-1.9027092463763724,0.057078494760460105,0,1,1.0,-2.1287277673213856,0.1005721417616444,,,,True
RPS28P7,1,-1.3129100960927762,0.7017488737907182,0.0,,,-1.8709115826587333,0.06135733730474491,0,1,1.0,-1.3129100960927762,0.1069621554325382,,,,True
RPL41,1,-0.7400201200170147,0.3966136544487739,0.0,,,-1.865846300842864,0.06206287233995361,0,1,1.0,-0.7400201200170147,0.1080177784367013,,,,True
RPL7AP30,1,-2.8580579205060084,1.5328445175746193,0.0,,,-1.8645452214737608,0.062245177263884593,0,1,1.0,-2.8580579205060084,0.1082762255643103,,,,True
RPL23P8,1,-1.9952653576899904,1.0837834493785306,0.0,,,-1.8410184791381776,0.06561885074879245,0,1,1.0,-1.9952653576899904,0.113340234008962,,,,True
RPL32P18,1,-1.1518805894461306,0.6337264090923432,0.0,,,-1.8176307203228526,0.06912059301549328,0,1,1.0,-1.1518805894461306,0.1187584790978342,,,,True
DDX19A,1,0.4582713789307978,0.2568826114160025,0.0,,,1.7839719722743748,0.07442821958704866,1,0,1.0,0.4582713789307978,0.1266801521143694,,,,True
RPL35P5,1,-2.3696328228436485,1.3308836819742451,0.0,,,-1.780495812623169,0.07499485400730763,0,1,1.0,-2.3696328228436485,0.1274960201932553,,,,True
RPS4XP3,1,-2.0975305973369673,1.1842943702771072,0.0,,,-1.7711226617130473,0.07654030631497949,0,1,1.0,-2.0975305973369673,0.1297484906520832,,,,True
RPL39P3,1,-1.4226306982549817,0.8043995707416997,0.0,,,-1.768562229518894,0.07696695863287022,0,1,1.0,-1.4226306982549817,0.1303501605670834,,,,True
EIF4HP1,1,-1.0835785444248542,0.6157166910373659,0.0,,,-1.7598654709184995,0.07843061904749743,0,1,1.0,-1.0835785444248542,0.1324587115863341,,,,True
RPS2P32,1,1.1657425051127666,0.6672357057745157,0.0,,,1.7471224861379273,0.08061609367409493,1,0,1.0,1.1657425051127666,0.1356141151586587,,,,True
RPL24P4,1,-0.7104745243914586,0.4096738812500598,0.0,,,-1.734244131511508,0.08287477565901376,0,1,1.0,-0.7104745243914586,0.1389421828828572,,,,True
RPLP1P6,1,2.4270719490373245,1.4024325378046607,0.0,,,1.73061582900566,0.0835203065825805,1,0,1.0,2.4270719490373245,0.1398663485826519,,,,True
RPL4P3,1,-2.323179312166858,1.3443171593337175,0.0,,,-1.7281482245739486,0.08396165346532322,0,1,1.0,-2.323179312166858,0.14045127029289,,,,True
RPSAP52,1,2.0763931767489225,1.2082620480181012,0.0,,,1.7184957353868784,0.08570623165272198,1,0,1.0,2.0763931767489225,0.1428983191151951,,,,True
RPL13AP25,1,-1.176939113340219,0.6973617100963734,0.0,,,-1.6877025169299436,0.09146834841087245,0,1,1.0,-1.176939113340219,0.1512223073712195,,,,True
RPL10P9,1,-1.6306179694031326,0.979292302455719,0.0,,,-1.6650983218331432,0.09589314149382169,0,1,1.0,-1.6306179694031326,0.1574278822717537,,,,True
RPS3AP26,1,-1.2937336261753571,0.7894288823917363,0.0,,,-1.6388222612982268,0.1012502815446374,0,1,1.0,-1.2937336261753571,0.1650424992891286,,,,True
DHX9P1,1,1.579041813520317,0.9690200693266652,0.0,,,1.6295243653906286,0.10320206116805652,1,0,1.0,1.579041813520317,0.167797596099248,,,,True
EIF2S2P4,1,-1.065785076505264,0.6559229647796839,0.0,,,-1.624863183229524,0.1041917145148351,0,1,1.0,-1.065785076505264,0.1691796674783022,,,,True
RPL23AP65,1,-1.2517223084502354,0.7733855793727291,0.0,,,-1.61849708843223,0.10555551378781265,0,1,1.0,-1.2517223084502354,0.1709685683426268,,,,True
RPL34P34,1,-2.108363629101162,1.327519738278434,0.0,,,-1.5881975750020478,0.11224166930609075,0,1,1.0,-2.108363629101162,0.1804238507934729,,,,True
RPL7AP11,1,-2.0602049583099573,1.3028080930470305,0.0,,,-1.5813572001164913,0.11379638772496797,0,1,1.0,-2.0602049583099573,0.182546279514677,,,,True
RPL22P1,1,-1.0922784650110609,0.6946359853144276,0.0,,,-1.5724472790113804,0.11584685686335908,0,1,1.0,-1.0922784650110609,0.1851814148032172,,,,True
RPS10P5,1,1.6471277271807865,1.05135211334211,0.0,,,1.5666756230172822,0.11719053152359273,1,0,1.0,1.6471277271807865,0.1869870138656491,,,,True
RPSAP17,1,-2.530402578885729,1.642922409047291,0.0,,,-1.5401838607540062,0.12351554277643312,0,1,1.0,-2.530402578885729,0.1955057687752381,,,,True
RPL10P6,1,-2.0329898864924294,1.3284002748103527,0.0,,,-1.5304045964479092,0.12591661195167272,0,1,1.0,-2.0329898864924294,0.1987869204969947,,,,True
RPL10P16,1,-1.3775558746393448,0.9066386752735948,0.0,,,-1.5194100055610822,0.1286593250123056,0,1,1.0,-1.3775558746393448,0.2023990102797449,,,,True
RPL18AP7,1,1.2804897118926608,0.859569983211448,0.0,,,1.4896863977364712,0.13630671279435258,1,0,1.0,1.2804897118926608,0.2123615548285471,,,,True
RPS6KB2-AS1,1,-0.6447477890762687,0.4368164477566549,0.0,,,-1.4760153661508868,0.1399397671886311,0,1,1.0,-0.6447477890762687,0.2169369765003941,,,,True
RPL13P5,1,-2.323029045710853,1.5747999052387378,0.0,,,-1.4751264830427357,0.14017854170234473,0,1,1.0,-2.323029045710853,0.217260801202966,,,,True
RPS3AP47,1,-1.4703424276369088,1.0275240086572717,0.0,,,-1.430956761349348,0.15244260766389403,0,1,1.0,-1.4703424276369088,0.2330884235242238,,,,True
RPS24P19,1,-2.204379929344338,1.5812994136162384,0.0,,,-1.3940307005510046,0.163308334028747,0,1,1.0,-2.204379929344338,0.2467039390456966,,,,True
RPL26P19,1,-0.8973264904789205,0.655543305206638,0.0,,,-1.3688287003344022,0.1710528272690729,0,1,1.0,-0.8973264904789205,0.2564734059355477,,,,True
RPS11P5,1,0.6670455038052246,0.4910692432997358,0.0,,,1.3583532524314041,0.17435162020757877,1,0,1.0,0.6670455038052246,0.2605775945129375,,,,True
RPL22P12,1,1.3248048587312211,0.9754728355722804,0.0,,,1.3581155829459857,0.1744270113108597,1,0,1.0,1.3248048587312211,0.260672407612022,,,,True
EIF4A1P2,1,-0.8385382249565729,0.622454372913525,0.0,,,-1.3471480986335163,0.1779325397648397,0,1,1.0,-0.8385382249565729,0.2648405577199997,,,,True
RPL7AP66,1,-1.1272215660967344,0.8408854864131302,0.0,,,-1.3405173288279661,0.18007721438651925,0,1,1.0,-1.1272215660967344,0.2675397851341951,,,,True
RPL10AP2,1,-1.0375488085748603,0.7845854943234167,0.0,,,-1.3224165066543643,0.18602949523380774,0,1,1.0,-1.0375488085748603,0.2750519487948932,,,,True
RPL3P7,1,-1.016495638591002,0.7824108444264142,0.0,,,-1.2991839847723423,0.19388079629831634,0,1,1.0,-1.016495638591002,0.2843863183311775,,,,True
RPS10P7,1,1.2366678142120802,0.9663166114535027,0.0,,,1.2797749718406721,0.20062428855420122,1,0,1.0,1.2366678142120802,0.2926050376733402,,,,True
RPS4XP6,1,-1.417788496282331,1.110523931115623,0.0,,,-1.2766843258010951,0.2017137173577317,0,1,1.0,-1.417788496282331,0.2937813806725962,,,,True
RPL5P1,1,-0.942059885752865,0.7382433732552764,0.0,,,-1.276083091134109,0.2019261481581862,0,1,1.0,-0.942059885752865,0.2940514983861949,,,,True
RPS7P4,1,-1.459582312486657,1.1481529708033973,0.0,,,-1.2712437711721838,0.20364193914948348,0,1,1.0,-1.459582312486657,0.2959769887278578,,,,True
RPL41P2,1,-0.6997237334608042,0.5602208647057094,0.0,,,-1.2490140541773238,0.21165993351101364,0,1,1.0,-0.6997237334608042,0.3054726806428803,,,,True
RPL37P12,1,1.3265867966061609,1.0658199573986635,0.0,,,1.2446631228823566,0.21325560678875166,1,0,1.0,1.3265867966061609,0.3074704028599638,,,,True
RPL23AP49,1,-1.3718202650590974,1.109069872285963,0.0,,,-1.2369105854724602,0.21612027973073444,0,1,1.0,-1.3718202650590974,0.3109018732885244,,,,True
RPL34P18,1,-1.0652971941087914,0.8701643723332645,0.0,,,-1.2242482316901766,0.2208585993640434,0,1,1.0,-1.0652971941087914,0.3166114139693562,,,,True
RPL35P1,1,-1.055924046576731,0.8640735195288138,0.0,,,-1.222030328105107,0.2216961582708168,0,1,1.0,-1.055924046576731,0.3175407638987663,,,,True
RPL18AP3,1,-0.9048303135379572,0.7416723572739278,0.0,,,-1.2199865677395996,0.22246996692350463,0,1,1.0,-0.9048303135379572,0.3184608807168309,,,,True
RPL7P26,1,-2.211956505667207,1.8256397800353117,0.0,,,-1.2116062159997538,0.22566315399707249,0,1,1.0,-2.211956505667207,0.321996296282378,,,,True
RPS3AP20,1,-1.6986401058842038,1.4057699025332469,0.0,,,-1.2083343816247556,0.22691866867556132,0,1,1.0,-1.6986401058842038,0.3234491970337883,,,,True
EIF4EP2,1,-1.3745185593762763,1.1448563898912567,0.0,,,-1.2006034743858431,0.22990505267933659,0,1,1.0,-1.3745185593762763,0.3270433863120487,,,,True
RPS3AP21,1,0.9107364229198408,0.7597486522252778,0.0,,,1.1987338447423699,0.2306314534611481,1,0,1.0,0.9107364229198408,0.3277987618108597,,,,True
RPL7P16,1,-2.0230698140342436,1.6946162093388626,0.0,,,-1.1938218240126028,0.23254767282454702,0,1,1.0,-2.0230698140342436,0.3301224975219624,,,,True
RPL5P4,1,-1.0617248314470085,0.8976369514663876,0.0,,,-1.1827998276057659,0.2368884889306745,0,1,1.0,-1.0617248314470085,0.3349891683575188,,,,True
RPL32P16,1,-1.0340983200167535,0.87810247407075,0.0,,,-1.1776510721155702,0.23893574021847963,0,1,1.0,-1.0340983200167535,0.33729375366764,,,,True
RPS6P25,1,1.3916645826826182,1.2019664278197275,0.0,,,1.1578231724882602,0.24693620492225699,1,0,1.0,1.3916645826826182,0.3466385579304626,,,,True
RPL22P2,1,-1.5947464818041108,1.3985347298994417,0.0,,,-1.1402980903583118,0.2541621331386513,0,1,1.0,-1.5947464818041108,0.3551560817371851,,,,True
RPS29P5,1,1.1556346951678886,1.01479710233594,0.0,,,1.1387839919011964,0.2547932602248306,1,0,1.0,1.1556346951678886,0.3557644689823019,,,,True
RPL7P44,1,-1.5179326571839231,1.3705963380288992,0.0,,,-1.107497966444966,0.2680786910198131,0,1,1.0,-1.5179326571839231,0.3708484238958595,,,,True
RPL5P12,1,-1.229118187377583,1.1281015236944512,0.0,,,-1.0895457204528094,0.2759133044463904,0,1,1.0,-1.229118187377583,0.3797355442655249,,,,True
RPS6KA4,1,-0.4217464401377406,0.3948460794412505,0.0,,,-1.0681287268561892,0.28546244925791964,0,1,1.0,-0.4217464401377406,0.3901940347402375,,,,True
RPL29P11,1,-0.6998521603833007,0.6601084556406015,0.0,,,-1.0602078407011617,0.28905005484767776,0,1,1.0,-0.6998521603833007,0.394331750561572,,,,True
RPL7P15,1,0.8285369486321211,0.7853470826194168,0.0,,,1.0549946220830801,0.2914277843488702,1,0,1.0,0.8285369486321211,0.3970539715547763,,,,True
RPL5P23,1,-1.3999045541910262,1.3594693907004094,0.0,,,-1.0297433423416649,0.30313050367198535,0,1,1.0,-1.3999045541910262,0.4104343360495405,,,,True
RPS3AP6,1,-0.5354470751686652,0.5209690109335962,0.0,,,-1.0277906438410296,0.30404831829544043,0,1,1.0,-0.5354470751686652,0.4113195522902589,,,,True
RPSAP61,1,-1.8384975115468096,1.8013823466952958,0.0,,,-1.0206037129871972,0.30744222962241485,0,1,1.0,-1.8384975115468096,0.4149181500071907,,,,True
RPL4P2,1,-1.377575331598195,1.3562926254531191,0.0,,,-1.0156918247181101,0.3097761622986035,0,1,1.0,-1.377575331598195,0.4175660135805035,,,,True
RPL5P34,1,-0.6289711634902506,0.6240421339199096,0.0,,,-1.007898552521413,0.31350316661319544,0,1,1.0,-0.6289711634902506,0.4218858557310913,,,,True
RPL7P32,1,-1.7293551048948468,1.7390880854417081,0.0,,,-0.9944033999034676,0.3200265135744432,0,1,1.0,-1.7293551048948468,0.4290671896820435,,,,True
RPL23AP37,1,-1.1826078869810732,1.1996770532228562,0.0,,,-0.9857718656900807,0.32424507464707775,0,1,1.0,-1.1826078869810732,0.4337454046892033,,,,True
RPL13AP6,1,-1.0204517270147486,1.0419369742842317,0.0,,,-0.9793795135408814,0.3273924956704123,0,1,1.0,-1.0204517270147486,0.4371245993615975,,,,True
RPL12P6,1,-1.032429884430392,1.0620529434389705,0.0,,,-0.9721077379507487,0.33099695300154475,0,1,1.0,-1.032429884430392,0.4411375461176234,,,,True
RPL7P47,1,-1.6597461640905564,1.730666472358381,0.0,,,-0.9590213889270176,0.33754797015965154,0,1,1.0,-1.6597461640905564,0.4479776194078413,,,,True
RPS26P28,1,-1.3385204932697856,1.4011261405783473,0.0,,,-0.9553176223785821,0.33941709842905554,0,1,1.0,-1.3385204932697856,0.4499057854837298,,,,True
RPL41P5,1,-1.193148050037803,1.2656434723095469,0.0,,,-0.9427205023706604,0.34582388363380856,0,1,1.0,-1.193148050037803,0.4567315841906684,,,,True
EIF2S2P3,1,-1.2420349445160876,1.3539690406270586,0.0,,,-0.9173289102244677,0.3589703123754798,0,1,1.0,-1.2420349445160876,0.4709825249900268,,,,True
RPS26P47,1,-1.232355762843087,1.358587593660678,0.0,,,-0.9070859829674562,0.3643613298848295,0,1,1.0,-1.232355762843087,0.4765519712740156,,,,True
RPL19P16,1,-1.722298022952347,1.8989719498695328,0.0,,,-0.9069633825137207,0.3644261614423854,0,1,1.0,-1.722298022952347,0.4765640113357973,,,,True
RPS3AP49,1,-1.6593485457855346,1.8353499903459152,0.0,,,-0.9041046963869769,0.3659398883501669,0,1,1.0,-1.6593485457855346,0.47799897975188,,,,True
EIF4A1P7,1,-1.2818819517698263,1.4404328254331464,0.0,,,-0.8899283112243412,0.373504380934797,0,1,1.0,-1.2818819517698263,0.4855534689269787,,,,True
RPS3AP25,1,-1.1245314658460366,1.2765474399697725,0.0,,,-0.8809163142990318,0.37836311664306777,0,1,1.0,-1.1245314658460366,0.4904082471019972,,,,True
RPL9P29,1,0.8396224261753104,0.9551385942082034,0.0,,,0.8790582134013187,0.37936971307030865,1,0,1.0,0.8396224261753104,0.4914500737742595,,,,True
RPL12P17,1,-1.0613413926681994,1.214920519681549,0.0,,,-0.8735891570474049,0.3823420332290336,0,1,1.0,-1.0613413926681994,0.4946541549842937,,,,True
RPL24P8,1,-0.6017704996610856,0.6988850388637489,0.0,,,-0.8610436140390806,0.3892140225448335,0,1,1.0,-0.6017704996610856,0.5014362777322677,,,,True
RPS19P3,1,-1.5282188105273633,1.799622164404968,0.0,,,-0.8491887023588964,0.3957762987215122,0,1,1.0,-1.5282188105273633,0.508535470432201,,,,True
RPS2P55,1,-0.7755374739282896,0.9165063907772272,0.0,,,-0.8461888337413651,0.39744741011747897,0,1,1.0,-0.7755374739282896,0.5101717388418702,,,,True
RPS27P29,1,-1.4927872206675314,1.808632671542097,0.0,,,-0.8253678285014802,0.4091627939633822,0,1,1.0,-1.4927872206675314,0.5223201952789795,,,,True
RPL5P3,1,-1.5776666058023217,1.912847380491108,0.0,,,-0.824773906111249,0.40949996365152574,0,1,1.0,-1.5776666058023217,0.5226894251325437,,,,True
RPL7P6,1,-1.4653925710741358,1.8044624411178216,0.0,,,-0.8120936948769961,0.41673787082539704,0,1,1.0,-1.4653925710741358,0.5301890389684745,,,,True
RPS28P4,1,-0.9232782555762474,1.137414082658096,0.0,,,-0.8117345034260338,0.4169439915273999,0,1,1.0,-0.9232782555762474,0.5303288304200497,,,,True
RPL15P5,1,0.9767368964118859,1.207316793842529,0.0,,,0.8090145862240712,0.4185067562792756,1,0,1.0,0.9767368964118859,0.53175836612007,,,,True
RPL23AP94,1,-1.4294270529411808,1.7983448740505457,0.0,,,-0.7948570230144878,0.4266966763059421,0,1,1.0,-1.4294270529411808,0.5400252138474205,,,,True
RPL9P3,1,-1.190992435444545,1.5114121499788316,0.0,,,-0.7879997758792833,0.4306968369788077,0,1,1.0,-1.190992435444545,0.5438884844252098,,,,True
RPL9P7,1,-0.9291207273524903,1.1827189007486592,0.0,,,-0.7855803494510474,0.43211338048266446,0,1,1.0,-0.9291207273524903,0.5451407235265452,,,,True
RPS2P17,1,-0.6640147244126946,0.851926129510969,0.0,,,-0.7794275834617947,0.43572788051402,0,1,1.0,-0.6640147244126946,0.548685050462516,,,,True
RPL7AP10,1,0.8631406212581225,1.1083055897594376,0.0,,,0.7787929874516566,0.4361016692699894,1,0,1.0,0.8631406212581225,0.548972372570158,,,,True
RPL7AP50,1,-0.8051157981306734,1.0380090504068065,0.0,,,-0.775634661196008,0.4379647287903542,0,1,1.0,-0.8051157981306734,0.5507703819937512,,,,True
DDX50P2,1,1.2170038058558246,1.5695777407455225,0.0,,,0.7753701994255912,0.43812093911624095,1,0,1.0,1.2170038058558246,0.5508738362558834,,,,True
EIF3LP3,1,1.0054220676344925,1.32911983822198,0.0,,,0.756457046777278,0.4493752161197965,1,0,1.0,1.0054220676344925,0.5619766894250436,,,,True
RPL7P8,1,-1.3800481788719623,1.834813424049796,0.0,,,-0.7521463276772431,0.45196306641884487,0,1,1.0,-1.3800481788719623,0.5643106115781378,,,,True
RPL13AP20,1,0.4045192612067299,0.5482184323119941,0.0,,,0.7378797161211023,0.4605875460066302,1,0,1.0,0.4045192612067299,0.5728779229201372,,,,True
RPL23AP97,1,-1.3457170699392011,1.855913834145898,0.0,,,-0.7250967395038077,0.4683926845325571,0,1,1.0,-1.3457170699392011,0.5804893306539088,,,,True
RPS27AP5,1,-0.844014643634973,1.1666649569038818,0.0,,,-0.7234421833281386,0.46940826289743043,0,1,1.0,-0.844014643634973,0.5812635106905671,,,,True
RPL23AP82,1,-0.3295456653711519,0.45576596534521624,0.0,,,-0.7230589610207954,0.46964366101712285,0,1,1.0,-0.3295456653711519,0.581426176271035,,,,True
RPS3AP7,1,-1.0228468473597687,1.4307812128928,0.0,,,-0.7148869709378862,0.4746788884909553,0,1,1.0,-1.0228468473597687,0.5864249777947057,,,,True
RPSAP54,1,-0.3841298885971389,0.5439644929076802,0.0,,,-0.7061672105541862,0.48008415881714983,0,1,1.0,-0.3841298885971389,0.59149449236256,,,,True
RPS20P10,1,1.0120258844905636,1.4656902060698889,0.0,,,0.6904773466449069,0.48989405099749483,1,0,1.0,1.0120258844905636,0.6009330288107628,,,,True
RPL19P5,1,-1.2878304598408037,1.873205165421231,0.0,,,-0.6875010189026503,0.4917670589060077,0,1,1.0,-1.2878304598408037,0.6026265466851864,,,,True
RPSAP70,1,0.871246872595729,1.299133457154558,0.0,,,0.6706369294067658,0.5024518507270357,1,0,1.0,0.871246872595729,0.6123421359162183,,,,True
RPL12P38,1,-1.2910854265934295,1.9421723777896756,0.0,,,-0.6647635613388615,0.5062017324079964,0,1,1.0,-1.2910854265934295,0.6156393120960462,,,,True
RPL23AP74,1,-0.8196100892737959,1.2382987578419338,0.0,,,-0.6618839630447383,0.5080455902875538,0,1,1.0,-0.8196100892737959,0.6170903499761389,,,,True
RPSAP9,1,-0.5200567110464863,0.7988500393364967,0.0,,,-0.6510066788986221,0.5150421755021055,0,1,1.0,-0.5200567110464863,0.6236468309821626,,,,True
RPS3AP24,1,0.6886087348955745,1.0670032193708427,0.0,,,0.6453670639359569,0.5186893419954864,1,0,1.0,0.6886087348955745,0.6268825011362316,,,,True
RPL37AP1,1,-0.556159619230279,0.8911052614597387,0.0,,,-0.6241233704750233,0.5325465668559963,0,1,1.0,-0.556159619230279,0.6395837347538149,,,,True
RPL36AP26,1,-0.6067171436968347,0.9962918249182329,0.0,,,-0.6089753308440816,0.5425407905572099,0,1,1.0,-0.6067171436968347,0.6482668406318276,,,,True
RPS18P12,1,-0.4854244420548017,0.8036437944884594,0.0,,,-0.604029354029651,0.5458241264257816,0,1,1.0,-0.4854244420548017,0.6510486298794803,,,,True
RPSAP56,1,-1.2043749704331697,2.005540225243501,0.0,,,-0.6005239661981556,0.5481570935439564,0,1,1.0,-1.2043749704331697,0.6531883412661141,,,,True
DDX59-AS1,1,0.5817863474405596,0.9727589886828988,0.0,,,0.5980786137255741,0.5497874794561008,1,0,1.0,0.5817863474405596,0.6544309677173661,,,,True
RPL10P12,1,-1.138218935402021,1.9152771566784772,0.0,,,-0.5942841908979635,0.5523220505782391,0,1,1.0,-1.138218935402021,0.6565371660732174,,,,True
RPL21P11,1,-0.5565771526026579,0.9432659333866046,0.0,,,-0.5900532743765916,0.555154933519804,0,1,1.0,-0.5565771526026579,0.6591501497123918,,,,True
RPS20P33,1,0.6395879484568026,1.0881550820875858,0.0,,,0.5877727899131587,0.5566848101992058,1,0,1.0,0.6395879484568026,0.660427312361003,,,,True
RPL9P28,1,-0.8983156100678807,1.5301043560869798,0.0,,,-0.5870943419605659,0.5571403473639264,0,1,1.0,-0.8983156100678807,0.6608598997121463,,,,True
RPL29P33,1,-0.6670015182865531,1.1689272374246529,0.0,,,-0.5706099549498665,0.5682640689196683,0,1,1.0,-0.6670015182865531,0.6713525455358846,,,,True
RPSAP18,1,-0.5698099490205036,1.0221798127442183,0.0,,,-0.5574459032709229,0.5772228101401999,0,1,1.0,-0.5698099490205036,0.6797640112936159,,,,True
RPL7AP31,1,-0.7706049450808653,1.401191213007426,0.0,,,-0.5499641575876634,0.5823439576891238,0,1,1.0,-0.7706049450808653,0.6842431697661778,,,,True
RPL10P1,1,-1.058583472728437,1.9283507556081243,0.0,,,-0.5489579474324432,0.5830343093522362,0,1,1.0,-1.058583472728437,0.68475919692904,,,,True
RPL37P2,1,0.4694999200691772,0.8563305592747047,0.0,,,0.5482694912427678,0.583506872702046,1,0,1.0,0.4694999200691772,0.6852773083642035,,,,True
RPL21P120,1,-1.120427277858062,2.044522702235976,0.0,,,-0.5480141045304684,0.5836822181199999,0,1,1.0,-1.120427277858062,0.6854463265774928,,,,True
RPL7L1P8,1,0.8219477492959731,1.5187566236466945,0.0,,,0.5411978038471958,0.5883712510637747,1,0,1.0,0.8219477492959731,0.689690260437543,,,,True
RPL12P12,1,-0.6524846560998359,1.2068594277675813,0.0,,,-0.5406467738390923,0.5887510718194933,0,1,1.0,-0.6524846560998359,0.6899492379489816,,,,True
RPL21P89,1,0.8492270807588578,1.5870930815372757,0.0,,,0.5350833486945121,0.5925922236232575,1,0,1.0,0.8492270807588578,0.6930735948746913,,,,True
RPL21P75,1,-1.1537792852566966,2.2147379186591536,0.0,,,-0.5209552225281886,0.6023979647202343,0,1,1.0,-1.1537792852566966,0.7014200849152908,,,,True
RPS3P6,1,-1.030110221263553,1.983510540212225,0.0,,,-0.5193369031219449,0.6035258233439493,0,1,1.0,-1.030110221263553,0.7025458052482673,,,,True
RPS4XP11,1,-0.7435725035375812,1.4594832007997305,0.0,,,-0.5094765757702022,0.6104182132411071,0,1,1.0,-0.7435725035375812,0.7090930082976589,,,,True
RPL37P6,1,0.4675261245549095,0.9374326615546442,0.0,,,0.49873035550048067,0.6179693566470772,1,0,1.0,0.4675261245549095,0.7155780020426203,,,,True
RPL9P32,1,-0.2938475229889873,0.5917682140560261,0.0,,,-0.4965584767977536,0.6195004407854481,0,1,1.0,-0.2938475229889873,0.7167800855984415,,,,True
RPS20P22,1,0.4752847573563611,0.9792193122172852,0.0,,,0.4853711027003286,0.6274131268842646,1,0,1.0,0.4752847573563611,0.7237084989076482,,,,True
RPL24P2,1,-0.5858358784027644,1.2307870415232731,0.0,,,-0.4759847631136168,0.6340852330951308,0,1,1.0,-0.5858358784027644,0.7292832850184466,,,,True
RPL11P3,1,0.6890753561645974,1.4794701483050228,0.0,,,0.46575820198470846,0.6413885867490067,1,0,1.0,0.6890753561645974,0.7355035703269792,,,,True
RPL23AP7,1,0.2048926651115801,0.4480697880294885,0.0,,,0.4572784655101443,0.6474709059845349,1,0,1.0,0.2048926651115801,0.7407745907558976,,,,True
RPL7P50,1,-0.542133051084744,1.2120486800078552,0.0,,,-0.44728653232082266,0.6546681897161226,0,1,1.0,-0.542133051084744,0.7468908938488589,,,,True
EIF2S3B,1,-0.273874968379253,0.6174991007400414,0.0,,,-0.4435228618973335,0.6573875867032928,0,1,1.0,-0.273874968379253,0.7490529891854562,,,,True
EIF1AXP1,1,-0.3743423933650471,0.8513212818341976,0.0,,,-0.4397192944108187,0.6601404264453398,0,1,1.0,-0.3743423933650471,0.7510278096266343,,,,True
RPS26P3,1,-0.6331296751679999,1.4523292379222246,0.0,,,-0.43594087252129354,0.6628796294625385,0,1,1.0,-0.6331296751679999,0.7536537513401084,,,,True
RPL7P48,1,-0.8520446493110978,1.9620883469517876,0.0,,,-0.4342539675314805,0.664104027287571,0,1,1.0,-0.8520446493110978,0.7544985588968027,,,,True
RPS27AP11,1,-0.6547847091235574,1.5235601578096192,0.0,,,-0.4297727961493319,0.6673609235243007,0,1,1.0,-0.6547847091235574,0.7571732685878895,,,,True
RPL37A-DT,1,0.4993845756177059,1.1947136681170476,0.0,,,0.41799519746415137,0.6759506285444192,1,0,1.0,0.4993845756177059,0.7637710141168715,,,,True
RPS15AP1,1,0.2641519091728593,0.6361677873580197,0.0,,,0.41522364763213176,0.677978189046403,1,0,1.0,0.2641519091728593,0.765436603328608,,,,True
EIF3LP2,1,-0.422411806408781,1.024243531645245,0.0,,,-0.4124134479328953,0.680036408009002,0,1,1.0,-0.422411806408781,0.7670852887859495,,,,True
RPL34P33,1,-0.651529328137958,1.5867896667021342,0.0,,,-0.41059589800080326,0.681368872046678,0,1,1.0,-0.651529328137958,0.7681115986632577,,,,True
EIF1B-AS1,1,0.1631981247783632,0.4039668890693456,0.0,,,0.40398886441989645,0.6862209078200976,1,0,1.0,0.1631981247783632,0.7721047255239541,,,,True
RPL23AP53,1,0.2637479025737415,0.6563712228990609,0.0,,,0.4018273400360539,0.6878110997521136,1,0,1.0,0.2637479025737415,0.7735228777126061,,,,True
RPL36AP54,1,0.3728936038966739,0.935887790782085,0.0,,,0.3984383678999181,0.6903070805710361,1,0,1.0,0.3728936038966739,0.7753024062647045,,,,True
RPL12P8,1,-0.8168114870979953,2.0741220819582105,0.0,,,-0.39381070873457513,0.6937207975832591,0,1,1.0,-0.8168114870979953,0.7782147204655324,,,,True
RPS26P13,1,0.44623111051838676,1.133904888236566,0.0,,,0.39353486800145954,0.6939244761621775,1,0,1.0,0.44623111051838676,0.7783823006639422,,,,True
RPS21P4,1,-0.8127784988080861,2.072890328256814,0.0,,,-0.3920991321772377,0.6949849687060403,0,1,1.0,-0.8127784988080861,0.7792005667167234,,,,True
RPL36AP16,1,-0.5046461585180333,1.313720268823946,0.0,,,-0.38413516978755075,0.7008782657153907,0,1,1.0,-0.5046461585180333,0.7841466592414421,,,,True
RPL23AP57,1,0.4850322256390113,1.283304630906864,0.0,,,0.37795564198677983,0.7054635465176271,1,0,1.0,0.4850322256390113,0.7880235569551572,,,,True
RPS10P2,1,0.3903832223308172,1.047948477267115,0.0,,,0.3725213889798049,0.7095046899845958,1,0,1.0,0.3903832223308172,0.791402715110931,,,,True
RPS15AP24,1,-0.5625973223964789,1.528368266662489,0.0,,,-0.3681032475406124,0.7127962494621825,0,1,1.0,-0.5625973223964789,0.7940183973017109,,,,True
RPL12P7,1,0.6124707662752313,1.6836198337327428,0.0,,,0.3637821044893052,0.7160207269406269,1,0,1.0,0.6124707662752313,0.7967150683421801,,,,True
RPL5P29,1,0.5772113562775717,1.5918221216082349,0.0,,,0.36261046284141907,0.7168958932968299,1,0,1.0,0.5772113562775717,0.7974040918402621,,,,True
DDX25,1,0.1739407122294437,0.4862430040126943,0.0,,,0.3577238351894162,0.7205499940015274,1,0,1.0,0.1739407122294437,0.8004643907513583,,,,True
RPL10P3,1,-0.4199113023704955,1.1740678012051944,0.0,,,-0.357655070635147,0.7206014602481507,0,1,1.0,-0.4199113023704955,0.8004643907513583,,,,True
RPS6KA2-IT1,1,0.6001173760203681,1.6914952395194678,0.0,,,0.354785140389076,0.7227505614109271,1,0,1.0,0.6001173760203681,0.8023612819083946,,,,True
RPL7P22,1,0.5716737159461228,1.6189854980381095,0.0,,,0.35310613754037845,0.7240088718021125,1,0,1.0,0.5716737159461228,0.8035127973745203,,,,True
RPL23AP87,1,0.5510655110785779,1.611797392271483,0.0,,,0.3418950258394259,0.7324298931256175,1,0,1.0,0.5510655110785779,0.8102610179594074,,,,True
RPS10P3,1,-0.2272494672044009,0.6818004508036697,0.0,,,-0.33330788640067843,0.7389018869361436,0,1,1.0,-0.2272494672044009,0.814981802067224,,,,True
DDX43,1,0.707612997827308,2.14615831489242,0.0,,,0.3297114629974436,0.7416179914451152,1,0,1.0,,,0.707612997827308,,,True
RPL13AP3,1,-0.7283993400409176,2.210735140752495,0.0,,,-0.32948286143087374,0.7417907460476374,0,1,1.0,-0.7283993400409176,0.817176289084704,,,,True
RPL21P93,1,-0.6713971498295879,2.0397112172617473,0.0,,,-0.32916284626356024,0.7420326039237981,0,1,1.0,-0.6713971498295879,0.8173601561403049,,,,True
RPL31P17,1,0.5568112787991829,1.7094932605376263,0.0,,,0.325717153528917,0.7446383647523265,1,0,1.0,0.5568112787991829,0.8194027616169646,,,,True
RPS26P39,1,0.5568102134419212,1.711091665324243,0.0,,,0.32541226441916454,0.7448690745399271,1,0,1.0,0.5568102134419212,0.8195913286852644,,,,True
RPL22P16,1,-0.5113180750298881,1.601420025386548,0.0,,,-0.31929042157847815,0.7495062953473324,0,1,1.0,-0.5113180750298881,0.8228911302051507,,,,True
RPS7P10,1,-0.1919601136072988,0.6040671086759448,0.0,,,-0.317779450081393,0.7506522397796194,0,1,1.0,-0.1919601136072988,0.8237760566364849,,,,True
RPSAP11,1,0.5236821268232519,1.66501763041782,0.0,,,0.3145204694870642,0.7531257722919564,1,0,1.0,0.5236821268232519,0.8254147791317216,,,,True
DDX4,1,0.373837787162382,1.19728129669996,0.0,,,0.3122388933935432,0.7548589759346985,1,0,1.0,,,0.373837787162382,,,True
RPS26P58,1,-0.6332229642557383,2.051136095068937,0.0,,,-0.3087181614998864,0.7575359273487976,0,1,1.0,-0.6332229642557383,0.8289112269454785,,,,True
RPL7P59,1,-0.6626896714346121,2.168596694291216,0.0,,,-0.30558456220980523,0.7599209761219384,0,1,1.0,-0.6626896714346121,0.8306421534773099,,,,True
RPL14P3,1,-0.6286545349830194,2.0727737132274733,0.0,,,-0.30329144516414885,0.7616677651245244,0,1,1.0,-0.6286545349830194,0.8319297855251342,,,,True
EIF4A2P4,1,0.3133046187017445,1.0554260465201448,0.0,,,0.29685132343923487,0.7665800201006283,1,0,1.0,0.3133046187017445,0.8362481987893114,,,,True
RPS9P1,1,-0.3722745652310654,1.2750960113288472,0.0,,,-0.29195806584250683,0.7703186863534812,0,1,1.0,-0.3722745652310654,0.8390675997287831,,,,True
RPS4XP14,1,0.3666166524735339,1.3376083666823184,0.0,,,0.27408370163148454,0.7840202986330078,1,0,1.0,0.3666166524735339,0.8491709344649926,,,,True
RPS24P17,1,-0.5820260960921153,2.1306893168258365,0.0,,,-0.27316328640497445,0.7847277002820121,0,1,1.0,-0.5820260960921153,0.8493330923105892,,,,True
RPS4XP16,1,-0.4282891879250743,1.5771813383498343,0.0,,,-0.2715535477823892,0.7859653210652455,0,1,1.0,-0.4282891879250743,0.850377202720161,,,,True
RPL9P18,1,0.2764485310504189,1.0370644017545427,0.0,,,0.2665683351802582,0.78980153851716,1,0,1.0,0.2764485310504189,0.8533073761075755,,,,True
RPL31P49,1,0.4107611606087704,1.5533163058097097,0.0,,,0.2644414142003419,0.7914398029969678,1,0,1.0,0.4107611606087704,0.8547737993148394,,,,True
RPS20P14,1,0.1723956293557087,0.6761626262437586,0.0,,,0.2549617838439352,0.7987526160249402,1,0,1.0,0.1723956293557087,0.8602380527357981,,,,True
RPS15AP12,1,-0.4238793906038546,1.7116919822510346,0.0,,,-0.24763765618999609,0.8044147725715431,0,1,1.0,-0.4238793906038546,0.8645893138166536,,,,True
RPS3AP44,1,0.5326378989630497,2.236096912552233,0.0,,,0.23819982755358673,0.8117261108629166,1,0,1.0,0.5326378989630497,0.8703906822969623,,,,True
RPS26P15,1,-0.5519833774562415,2.330994945807495,0.0,,,-0.23680161917512238,0.8128106953593947,0,1,1.0,-0.5519833774562415,0.8711681785733154,,,,True
RPSAP5,1,-0.491732168430234,2.1936167258442416,0.0,,,-0.22416503422720052,0.8226288897951686,0,1,1.0,-0.491732168430234,0.8791853818019615,,,,True
RPL26P30,1,-0.2040081539986372,0.9131754289733188,0.0,,,-0.2234052160470449,0.8232201450937405,0,1,1.0,-0.2040081539986372,0.8796029512084317,,,,True
RPL17P50,1,0.1980918094501386,0.920571455585615,0.0,,,0.21518352350402165,0.8296242363783025,1,0,1.0,0.1980918094501386,0.8840016655286299,,,,True
RPL21P39,1,-0.5043533255794914,2.471830275491345,0.0,,,-0.20404043537303027,0.8383219006679404,0,1,1.0,-0.5043533255794914,0.890589413227851,,,,True
EIF1P5,1,-0.3197043009320319,1.5809665717070591,0.0,,,-0.2022207848372335,0.8397441248364287,0,1,1.0,-0.3197043009320319,0.8916007939188748,,,,True
RPL7P10,1,-0.3356110529370376,1.6990963381996962,0.0,,,-0.19752326303795079,0.8434180787565981,0,1,1.0,-0.3356110529370376,0.8937830182052089,,,,True
RPL39P16,1,0.193074463511088,1.0795843219519063,0.0,,,0.17884148517644846,0.8580621699160895,1,0,1.0,0.193074463511088,0.9045548806549332,,,,True
RPL23AP18,1,-0.2452774079999134,1.3773346207852346,0.0,,,-0.17808120430464303,0.858659202882166,0,1,1.0,-0.2452774079999134,0.9049627343418086,,,,True
EIF4E1B,1,0.403204403393366,2.31091052553721,0.0,,,0.1744785870926934,0.8614893576748006,1,0,1.0,,,0.403204403393366,,,True
RPL23AP3,1,-0.2934158502597283,1.7616812338007428,0.0,,,-0.16655445073153083,0.8677206360150626,0,1,1.0,-0.2934158502597283,0.9113887344805448,,,,True
RPL23AP10,1,-0.3537653713192421,2.151748388093447,0.0,,,-0.16440833569425617,0.869409701930145,0,1,1.0,-0.3537653713192421,0.9126353948643432,,,,True
RPL3P6,1,-0.3667468248263854,2.2811694398047555,0.0,,,-0.1607714089216341,0.8722734446405148,0,1,1.0,-0.3667468248263854,0.914079479895847,,,,True
RPS19P1,1,-0.2698306326442791,1.7340083082643505,0.0,,,-0.15561092259953765,0.876339714840747,0,1,1.0,-0.2698306326442791,0.917217064050134,,,,True
RPS4XP2,1,-0.3429523081291472,2.2401198631929944,0.0,,,-0.15309551679092478,0.8783229512841566,0,1,1.0,-0.3429523081291472,0.9183673027234026,,,,True
RPL5P9,1,-0.2056411230899471,1.5164230761331103,0.0,,,-0.13560933378456191,0.8921301263293839,0,1,1.0,-0.2056411230899471,0.928530568133804,,,,True
RPL39P15,1,0.0950359130032366,0.7094161980130949,0.0,,,0.13396355097248902,0.8934313966911149,1,0,1.0,0.0950359130032366,0.9294721625141698,,,,True
DHX58,1,-0.221650163937969,1.69325678084675,0.0,,,-0.13090168392955023,0.8958530825636029,0,1,1.0,,,-0.221650163937969,0.999899862550801,,True
RPS27AP1,1,-0.288280655361658,2.3636359827728053,0.0,,,-0.12196491230577436,0.9029268066875694,0,1,1.0,-0.288280655361658,0.9359711812669148,,,,True
RPL12P1,1,-0.1116018311249317,0.9238955656677944,0.0,,,-0.12079485525430093,0.9038535251782108,0,1,1.0,-0.1116018311249317,0.9367537247736544,,,,True
RPL26P6,1,0.1486385025876473,1.2472746058628263,0.0,,,0.1191706316227161,0.9051401733829949,1,0,1.0,0.1486385025876473,0.9377307230421392,,,,True
RPL23AP2,1,-0.1125785547735427,1.0182409964986692,0.0,,,-0.11056179741402687,0.9119638429447876,0,1,1.0,-0.1125785547735427,0.9424721102457266,,,,True
RPS18P9,1,-0.0322316573167688,0.2947952470090554,0.0,,,-0.10933574283773552,0.9129361978344974,0,1,1.0,-0.0322316573167688,0.9431775165604968,,,,True
RPL7P42,1,-0.3587319133466952,3.3032265384634445,0.0,,,-0.10860045751314587,0.9135193978587457,0,1,1.0,-0.3587319133466952,0.9434106097737268,,,,True
RPS15AP38,1,-0.3564474928836438,3.365646927940692,0.0,,,-0.10590757156507206,0.9156556866172809,0,1,1.0,-0.3564474928836438,0.944810073573492,,,,True
EIF1P7,1,0.1497518566644743,1.695345522046691,0.0,,,0.08833117185674792,0.9296134642194758,1,0,1.0,0.1497518566644743,0.9542328684519196,,,,True
EIF1P3,1,-0.158290854288246,1.7981658480880116,0.0,,,-0.08802906275667316,0.9298535770614411,0,1,1.0,-0.158290854288246,0.954287467404092,,,,True
RPS4XP1,1,0.1249280312663854,1.451972456048487,0.0,,,0.08604022118048606,0.9314344438801822,1,0,1.0,0.1249280312663854,0.9553510732236066,,,,True
RPL23AP43,1,-0.1897422596843559,2.224573244594024,0.0,,,-0.08529377944531699,0.9320278367963561,0,1,1.0,-0.1897422596843559,0.9557349720498624,,,,True
RPS2P48,1,-0.1031962891301722,1.2198709479920815,0.0,,,-0.08459607083850486,0.9325825228884548,0,1,1.0,-0.1031962891301722,0.955934606538755,,,,True
RPL5P17,1,-0.0914263288305592,1.222331512957037,0.0,,,-0.07479667165692447,0.9403764900343408,0,1,1.0,-0.0914263288305592,0.9617984131856776,,,,True
RPL15P20,1,-0.1769400067504386,2.39323158994875,0.0,,,-0.07393350793695136,0.9410632933224324,0,1,1.0,-0.1769400067504386,0.9621297279842144,,,,True
RPS2P35,1,0.1194595840336145,1.620443616775472,0.0,,,0.07372029658849077,0.9412329483897067,1,0,1.0,0.1194595840336145,0.962143354161019,,,,True
RPL9P21,1,0.1171813645207094,1.6365316978434208,0.0,,,0.07160347989295165,0.9429174706324588,1,0,1.0,0.1171813645207094,0.9635117504394262,,,,True
RPS15AP11,1,-0.1544620824467963,2.4632451165952034,0.0,,,-0.06270674461350399,0.950000026541028,0,1,1.0,-0.1544620824467963,0.9682462067788132,,,,True
RPL21P4,1,-0.1290880419721913,2.3538413912115868,0.0,,,-0.05484143598381798,0.956264788914597,0,1,1.0,-0.1290880419721913,0.9719756195560432,,,,True
RPL30P4,1,0.0982958769477293,1.8216891779950988,0.0,,,0.05395864351344012,0.9569681139065246,1,0,1.0,0.0982958769477293,0.9722585626450506,,,,True
DDX10P2,1,0.1480502727590671,3.5425137861083646,0.0,,,0.04179243376261014,0.9666641667276408,1,0,1.0,0.1480502727590671,0.9782361486790018,,,,True
RPL37P23,1,-0.0784246977011841,3.468093428017419,0.0,,,-0.022613202132220702,0.9819588127424526,0,1,1.0,-0.0784246977011841,0.9876652380675494,,,,True
RPL29P12,1,-0.0329985596210791,1.6755513801948254,0.0,,,-0.019694149645976346,0.9842873577822379,0,1,1.0,-0.0329985596210791,0.989070669641326,,,,True
RPSAP8,1,0.0020358659239251,0.8880578092942741,0.0,,,0.002292492563680028,0.9981708571798679,1,0,1.0,0.0020358659239251,0.9989036613330696,,,,True
