gene_id,gene_symbol,baseMean,log2FoldChange,lfcSE,stat,pvalue,padj,gene_id_base,significant,direction
ENSG00000132507.18,EIF5A,17281.78800752311,1.3213887470443768,0.06710957418924936,19.69001834698062,2.62594454434244e-86,2.9515051959152175e-84,ENSG00000132507,True,up
ENSG00000165732.13,DDX21,10990.262799385855,1.3968904916090545,0.07234199034986645,19.309539105204248,4.465394995722625e-83,4.553831599052546e-81,ENSG00000165732,True,up
ENSG00000173674.11,EIF1AX,5825.3199744334415,1.1522510920697306,0.07206572270726068,15.988892482911858,1.5272200580441406e-57,9.227763737997341e-56,ENSG00000173674,True,up
ENSG00000110321.19,EIF4G2,41295.32505466625,1.0448021897173863,0.06747551496906729,15.484167704334729,4.4376840556873876e-54,2.4286445777015846e-52,ENSG00000110321,True,up
ENSG00000187840.5,EIF4EBP1,5338.478564059381,1.1312887661118693,0.07494416334022279,15.095088338983468,1.7445410384547747e-51,8.809510857472348e-50,ENSG00000187840,True,up
ENSG00000125977.7,EIF2S2,7237.4002433338355,0.8934862721371184,0.06535354961851587,13.671579850713682,1.5010054176357405e-42,5.715850502931292e-41,ENSG00000125977,True,up
ENSG00000114867.22,EIF4G1,21695.76728198741,1.1265387236874305,0.08360971802418438,13.473777334849705,2.231512870527234e-41,8.256992578980947e-40,ENSG00000114867,True,up
ENSG00000242372.9,EIF6,3417.950224552275,0.9399679173902318,0.07688219091839209,12.226081309102867,2.2556013529800326e-34,6.338118532983946e-33,ENSG00000242372,True,up
ENSG00000151247.13,EIF4E,2173.8266183622814,1.1045002975529197,0.09372604983669724,11.784347035614282,4.700487759491083e-32,1.1925776347077742e-30,ENSG00000151247,True,up
ENSG00000158417.11,EIF5B,7266.419982810224,0.8249948451270954,0.07148556391391601,11.540719551720493,8.223441819000332e-31,1.9806368049311168e-29,ENSG00000158417,True,up
ENSG00000135829.17,DHX9,9299.682458184448,0.747391359042762,0.06506576528962482,11.486706653121294,1.5386658385070245e-30,3.65538045679862e-29,ENSG00000135829,True,up
ENSG00000134001.15,EIF2S1,3489.9410098107196,1.0367360017678517,0.09130529024626732,11.354610439018181,7.035277156658172e-30,1.619818328602376e-28,ENSG00000134001,True,up
ENSG00000146223.16,RPL7L1,6879.96201723026,0.7704562757408516,0.06968690058128478,11.05596990702965,2.051077678432032e-28,4.420601025288667e-27,ENSG00000146223,True,up
ENSG00000123136.15,DDX39A,4174.77565956754,0.7910800922135749,0.07381019457934329,10.717761912457668,8.401161156749875e-27,1.6647836506446717e-25,ENSG00000123136,True,up
ENSG00000106263.18,EIF3B,10978.902647693103,0.8249236678192462,0.07701215295111402,10.711603769120616,8.979261299931286e-27,1.7692783858281191e-25,ENSG00000106263,True,up
ENSG00000109606.13,DHX15,7503.194439807875,0.7043737216176243,0.06747913785014666,10.438392428514014,1.6559106166963141e-25,3.060872444973753e-24,ENSG00000109606,True,up
ENSG00000163584.18,RPL22L1,1861.862881778308,0.8480286600817378,0.08153080517743695,10.401328163461134,2.4450117520079967e-25,4.444818755432972e-24,ENSG00000163584,True,up
ENSG00000070785.17,EIF2B3,714.8579673528401,1.0789104437097856,0.10498498484045506,10.276807158179794,8.96483255964298e-25,1.5657375897401517e-23,ENSG00000070785,True,up
ENSG00000104131.13,EIF3J,2877.4014870371316,0.8328319417084794,0.08758306808022319,9.50905192023683,1.9240806099090763e-21,2.791866802139318e-20,ENSG00000104131,True,up
ENSG00000187051.9,RPS19BP1,2394.028869120389,0.7262881852870207,0.07734349757730724,9.390423345686857,5.975957487168935e-21,8.301220413737792e-20,ENSG00000187051,True,up
ENSG00000136271.11,DDX56,3129.742664318042,0.7199829580114668,0.07766083678807748,9.270862738398911,1.8464626856858682e-20,2.47926454122985e-19,ENSG00000136271,True,up
ENSG00000088205.13,DDX18,4594.763003311061,0.7885983741106563,0.08534296882910246,9.240343814260882,2.4570644183148294e-20,3.263493566028578e-19,ENSG00000088205,True,up
ENSG00000141543.12,EIF4A3,4344.3158754270835,0.648011878015901,0.07024537537301487,9.224975659605317,2.836253111372046e-20,3.736276467948582e-19,ENSG00000141543,True,up
ENSG00000071242.12,RPS6KA2,374.86197024974496,1.1481434264565291,0.12987505610199007,8.840369050966178,9.540294477846782e-19,1.1325916885511914e-17,ENSG00000071242,True,up
ENSG00000106682.16,EIF4H,15730.040686762675,0.5515409638325836,0.06263636575465145,8.805443246707291,1.3033647214992966e-18,1.5333788895703034e-17,ENSG00000106682,True,up
ENSG00000079785.16,DDX1,3451.6309588117733,0.6145676408645628,0.07189649397363365,8.547950072362932,1.2529389255795143e-17,1.3888622045686812e-16,ENSG00000079785,True,up
ENSG00000178105.11,DDX10,1017.2206195086816,0.7773743260585211,0.09579451785708348,8.11501893269395,4.857090841769903e-16,4.846889791791962e-15,ENSG00000178105,True,up
ENSG00000136643.12,RPS6KC1,1650.5299566018896,0.6428927685070118,0.08196078270794106,7.843907137855124,4.367401216931062e-15,4.076111153623249e-14,ENSG00000136643,True,up
ENSG00000117676.14,RPS6KA1,14739.813984088783,0.5908201178148759,0.07679624248851515,7.693346688195492,1.4333543438450595e-14,1.2899572067337414e-13,ENSG00000117676,True,up
ENSG00000197728.11,RPS26,5661.364020164499,0.5839899395177868,0.07683382847107594,7.600687758747172,2.945610486179293e-14,2.5972557074679164e-13,ENSG00000197728,True,up
ENSG00000177189.14,RPS6KA3,3068.392282626388,0.6241287073184127,0.08284543093571985,7.533652734604968,4.934023831394223e-14,4.255392005739589e-13,ENSG00000177189,True,up
ENSG00000135930.14,EIF4E2,4084.40100435466,0.5450353967078951,0.0737916917778016,7.386134991308811,1.511583324906159e-13,1.2515311283361649e-12,ENSG00000135930,True,up
ENSG00000184708.18,EIF4ENIF1,1384.8416773476274,0.6437076988292919,0.08806678689559959,7.309312869474699,2.6851190659923796e-13,2.1800038521800654e-12,ENSG00000184708,True,up
ENSG00000063046.18,EIF4B,26071.11277254035,-0.4647667172324102,0.06544357015006441,-7.101793440771702,1.2314819928689338e-12,9.472171649344344e-12,ENSG00000063046,True,down
ENSG00000175634.15,RPS6KB2,2149.512159154283,0.533239681114441,0.0758720867447934,7.028140439949527,2.093041759137794e-12,1.5819642449940245e-11,ENSG00000175634,True,up
ENSG00000105671.12,DDX49,1744.9268266487124,0.5584536480880096,0.0810959104948105,6.886335509159197,5.724788500845456e-12,4.1788557401772034e-11,ENSG00000105671,True,up
ENSG00000084623.12,EIF3I,6874.273319787747,0.46494508278720564,0.06896689151405912,6.741569361472891,1.5668490392252934e-11,1.1025427806813862e-10,ENSG00000084623,True,up
ENSG00000108443.14,RPS6KB1,1805.99687829441,0.5384850957270653,0.08059372923151852,6.68147634886307,2.365469597816927e-11,1.6315574863728366e-10,ENSG00000108443,True,up
ENSG00000132153.15,DHX30,3918.697305974302,0.5185396114266061,0.07789796441020719,6.656651625657376,2.8013611990558e-11,1.9182855298873422e-10,ENSG00000132153,True,up
ENSG00000175376.9,EIF1AD,1307.4759300009416,0.5694367251968758,0.08781261837357704,6.484679943995615,8.892034134099351e-11,5.829412568152023e-10,ENSG00000175376,True,up
ENSG00000145191.15,EIF2B5,3539.6713436033556,0.4533273532546064,0.06993736846308243,6.48190464149223,9.057188091477953e-11,5.935723330421257e-10,ENSG00000145191,True,up
ENSG00000104408.11,EIF3E,19811.771943155618,-0.39503785815820147,0.06144241540753792,-6.429399878536304,1.2810870706756726e-10,8.30204782998934e-10,ENSG00000104408,True,down
ENSG00000107581.13,EIF3A,14709.524838303512,0.464198563235683,0.07313546926423721,6.347105828480316,2.1940321056179974e-10,1.3946012526618988e-09,ENSG00000107581,True,up
ENSG00000140829.12,DHX38,4034.5694541527027,0.45589087041747395,0.07213322777614518,6.320122979000245,2.6135522746292427e-10,1.6487303516414891e-09,ENSG00000140829,True,up
ENSG00000100784.12,RPS6KA5,89.16123837893036,-1.6101645691711974,0.25486954403581474,-6.317602894698686,2.6565156417397997e-10,1.6743176366057356e-09,ENSG00000100784,True,down
ENSG00000108654.16,DDX5,38156.96146645315,0.4670073197346874,0.07438314596256873,6.278402367784982,3.4206972165575563e-10,2.126467321122577e-09,ENSG00000108654,True,up
ENSG00000089737.17,DDX24,7218.858902618347,0.44444347721378946,0.07113690477115578,6.247720204351654,4.1648687877493433e-10,2.5578950316300756e-09,ENSG00000089737,True,up
ENSG00000213876.4,RPL7AP64,96.62999870450835,-1.5152817572485413,0.2525068162195143,-6.000953874968848,1.9616171333610763e-09,1.1247824407582738e-08,ENSG00000213876,True,down
ENSG00000175390.15,EIF3F,14645.285457411897,-0.4014448533892815,0.06786554537369284,-5.915296947497842,3.312773655450551e-09,1.8532739106462195e-08,ENSG00000175390,True,down
ENSG00000177954.14,RPS27,49999.54272414636,-0.4463984932376083,0.0772483121812587,-5.778747530304093,7.52587590803307e-09,4.075005483898973e-08,ENSG00000177954,True,down
ENSG00000265681.7,RPL17,684.2260199312777,0.6650654246186262,0.11610002483126437,5.728383138463652,1.0139236279260588e-08,5.4129436581772696e-08,ENSG00000265681,True,up
ENSG00000125485.17,DDX31,891.6549494345487,0.5462387146052312,0.09704827881471555,5.628525526435245,1.817566075345645e-08,9.412443985924214e-08,ENSG00000125485,True,up
ENSG00000005100.13,DHX33,1539.4845294684437,0.5297136040491792,0.09480908957190938,5.587160539574742,2.3081233672871973e-08,1.18559280384536e-07,ENSG00000005100,True,up
ENSG00000182774.13,RPS17,464.5118108092832,0.6587959762493549,0.11922800745707626,5.5255135961785715,3.285231338096904e-08,1.6601654907965646e-07,ENSG00000182774,True,up
ENSG00000150990.9,DHX37,1913.2804256952593,0.4914170768046807,0.08921436740384643,5.508272838837542,3.623714631681159e-08,1.8224050538832408e-07,ENSG00000150990,True,up
ENSG00000240356.6,RPL23AP7,182.63612433018906,0.994707409453258,0.18106780728975014,5.4935630156579816,3.9390446193100226e-08,1.9729196648609328e-07,ENSG00000240356,True,up
ENSG00000184110.15,EIF3C,765.9277309803841,0.573586404272483,0.10608620146937459,5.406795571222976,6.416230473045754e-08,3.1421343234831235e-07,ENSG00000184110,True,up
ENSG00000075151.22,EIF4G3,3603.1798740442377,0.4195737561504891,0.07868265010357103,5.332481247113543,9.687977704983724e-08,4.638956983517859e-07,ENSG00000075151,True,up
ENSG00000119718.11,EIF2B2,1316.2549142528708,0.4600389348876145,0.08674476135119422,5.303362735936343,1.136886970013369e-07,5.396857174182446e-07,ENSG00000119718,True,up
ENSG00000174953.14,DHX36,2314.7534334265747,0.43790718843465437,0.08579098579039737,5.104349651658503,3.3193404990115026e-07,1.500738159003773e-06,ENSG00000174953,True,up
ENSG00000183258.12,DDX41,4073.855147407547,0.3555883900216523,0.06970909131144631,5.101033212912707,3.378042709658841e-07,1.5252993712338603e-06,ENSG00000183258,True,up
ENSG00000123064.13,DDX54,2866.9341477846447,0.4044027448901549,0.08059265879987376,5.01786081899048,5.225000687965854e-07,2.305971382364664e-06,ENSG00000123064,True,up
ENSG00000174243.10,DDX23,5340.1043843108255,0.3666698123026842,0.07413327664516035,4.946089379776814,7.571920271663723e-07,3.284884108723839e-06,ENSG00000174243,True,up
ENSG00000100664.11,EIF5,8349.165506448393,0.3925056974382421,0.07939185309509253,4.943903966671665,7.657343477176765e-07,3.3191876992298867e-06,ENSG00000100664,True,up
ENSG00000064703.13,DDX20,1377.4230043809177,0.4349528146603659,0.08812869948257689,4.935427587313443,7.997534997031038e-07,3.460908024175758e-06,ENSG00000064703,True,up
ENSG00000111364.16,DDX55,1061.4764518324969,0.5081331661666331,0.10338539747741389,4.914941360820734,8.880903714567928e-07,3.828780674010678e-06,ENSG00000111364,True,up
ENSG00000173812.11,EIF1,35047.46817647464,0.3171153843295265,0.065403138200362,4.848626427650092,1.2431928792697075e-06,5.272913437616657e-06,ENSG00000173812,True,up
ENSG00000115211.16,EIF2B4,1580.037536199008,0.41770806120033965,0.08657848796419888,4.824617188660841,1.4027242256482667e-06,5.911177718484714e-06,ENSG00000115211,True,up
ENSG00000089876.12,DHX32,1234.995277106504,0.41481832644918193,0.08663657826704774,4.788027583113336,1.6842850310403793e-06,7.0451506320388496e-06,ENSG00000089876,True,up
ENSG00000071082.11,RPL31,38949.676617323414,-0.3912463230613037,0.08266637752904088,-4.732834977846441,2.214054895568765e-06,9.113414382114707e-06,ENSG00000071082,True,down
ENSG00000143486.16,EIF2D,1265.258755250773,-0.40635375773129795,0.08672135160567405,-4.68574059568406,2.789493906479735e-06,1.1323720312401038e-05,ENSG00000143486,True,down
ENSG00000145592.14,RPL37,39577.70310033688,-0.3594222529097204,0.07709984838567044,-4.661776390425712,3.1349169745500803e-06,1.2659566210149503e-05,ENSG00000145592,True,down
ENSG00000215301.11,DDX3X,19357.314249314928,0.35223946400345296,0.07569934098347363,4.65313778729398,3.269216312171393e-06,1.3181530611813913e-05,ENSG00000215301,True,up
ENSG00000181381.14,DDX60L,1384.3359158242731,-0.4397218633166445,0.0961164846793962,-4.574884992760295,4.764816554133618e-06,1.8816255172028222e-05,ENSG00000181381,True,down
ENSG00000185163.10,DDX51,1062.9871719634093,0.4468040502997748,0.09828270359584466,4.546110698552918,5.46463029288369e-06,2.1462750001345516e-05,ENSG00000185163,True,up
ENSG00000214826.5,DDX12P,252.33148538318667,-0.694120465609913,0.15293514509560946,-4.538658953610527,5.6613112485102015e-06,2.2201345518918455e-05,ENSG00000214826,True,down
ENSG00000100129.18,EIF3L,12426.31472766831,-0.3280123318568826,0.07274459879432385,-4.50909534581799,6.51046464720773e-06,2.535589119082258e-05,ENSG00000100129,True,down
ENSG00000163412.13,EIF4E3,221.44994866077263,-0.7148249967407868,0.16094136880161117,-4.441524277216354,8.932386680665925e-06,3.413278668360479e-05,ENSG00000163412,True,down
ENSG00000204560.10,DHX16,2374.50974918079,0.3355773350927403,0.07576206304420939,4.429358462650642,9.451381664997436e-06,3.597134263397713e-05,ENSG00000204560,True,up
ENSG00000179523.5,EIF3J-DT,236.5852583437668,-0.6912888361165614,0.15748608122127744,-4.389523383626893,1.1359936329968332e-05,4.276032209476377e-05,ENSG00000179523,True,down
ENSG00000114784.4,EIF1B,1390.7377669567695,0.4088342954612626,0.0955767337072175,4.277550399594681,1.8896118456375487e-05,6.901785587094099e-05,ENSG00000114784,True,up
ENSG00000174748.22,RPL15,74352.75665775176,-0.27603186077182695,0.06574083719103399,-4.198788341707844,2.683469977571352e-05,9.603980123035391e-05,ENSG00000174748,True,down
ENSG00000013573.17,DDX11,1298.4585718436676,-0.4161411505756186,0.09957742208568424,-4.179071338255152,2.9270186743939566e-05,0.00010435240860654852,ENSG00000013573,True,down
ENSG00000224796.1,RPL32P1,13.197849687320256,-3.1959508243771495,0.7674133634963776,-4.164575411895646,3.119325138277775e-05,0.00011084924586237493,ENSG00000224796,True,down
ENSG00000108771.13,DHX58,710.167860877807,-0.5359245175030803,0.13374226097438605,-4.007144141265259,6.145735921415791e-05,0.00020976947031702516,ENSG00000108771,True,down
ENSG00000148730.7,EIF4EBP2,6882.806128038156,-0.2924271656496213,0.07342108676143654,-3.9828771072238447,6.80859672088603e-05,0.00023084742628420908,ENSG00000148730,True,down
ENSG00000184319.16,RPL23AP82,332.48460737133985,0.5906845559565497,0.14942308582591493,3.953101039853544,7.714484159079291e-05,0.00026012742875759944,ENSG00000184319,True,up
ENSG00000147403.18,RPL10,94892.01533190056,-0.2924112971708279,0.07421516979291463,-3.9400475399672876,8.146546362235751e-05,0.0002736370473150717,ENSG00000147403,True,down
ENSG00000253626.4,EIF5AL1,62.877390865504445,1.1845535650749215,0.3013760742622839,3.9304830948326006,8.477535434224443e-05,0.00028379720702625494,ENSG00000253626,True,up
ENSG00000170889.14,RPS9,47000.14944723146,-0.25180097408081226,0.0641402772436713,-3.9257855578673446,8.644714595384797e-05,0.00028897729985787426,ENSG00000170889,True,down
ENSG00000240342.3,RPS2P5,7500.855981657292,-0.28133721541123535,0.07403561376987401,-3.8000254348632803,0.0001446812373076387,0.0004696019169621945,ENSG00000240342,True,down
ENSG00000134815.19,DHX34,1684.4795410638299,0.3265535282392487,0.08652839008331549,3.7739466540960778,0.0001606851347020798,0.0005177687154873119,ENSG00000134815,True,up
ENSG00000142676.14,RPL11,45437.59457939631,-0.2980777014238055,0.07936450566736993,-3.7558061871272734,0.00017278437314441182,0.0005534288501542934,ENSG00000142676,True,down
ENSG00000230071.2,RPL4P6,18.444364937639314,2.1744130802700607,0.5791219445036508,3.7546722256116354,0.00017356846519636437,0.0005556848902596008,ENSG00000230071,True,up
ENSG00000142541.18,RPL13A,132557.07059072287,-0.2633183074820366,0.07265413497695257,-3.6242714549635306,0.0002897771313054203,0.0008989584073410175,ENSG00000142541,True,down
ENSG00000108298.12,RPL19,70295.31971734027,-0.26847416266387275,0.07496334074547575,-3.5814060578680373,0.0003417500219120499,0.0010477527435244632,ENSG00000108298,True,down
ENSG00000063177.13,RPL18,41208.75412104336,-0.29018561457281405,0.08105237895823231,-3.5802232865040486,0.0003433007244143161,0.0010518899229965838,ENSG00000063177,True,down
ENSG00000147677.11,EIF3H,18624.47288562324,-0.23944182491422775,0.0669137529423324,-3.5783649008684875,0.0003457505104648189,0.0010592409395922483,ENSG00000147677,True,down
ENSG00000236698.1,EIF1AXP1,36.22162642855398,1.3500025744853144,0.3776744407876419,3.5745139958898924,0.0003508790443601712,0.001074165661355065,ENSG00000236698,True,up
ENSG00000198231.13,DDX42,6447.196706576243,0.23633565925898012,0.06617803576179479,3.5712099420668957,0.0003553359204800492,0.0010866009686646245,ENSG00000198231,True,up
ENSG00000156482.11,RPL30,31238.362969393886,-0.2737310474642915,0.07679571000240282,-3.5644054525406026,0.0003646818723148627,0.0011121866116140802,ENSG00000156482,True,down
ENSG00000147604.14,RPL7,74312.26930059544,-0.24413948248493075,0.06852119246599445,-3.562977725556831,0.0003666718028017737,0.0011179292269759195,ENSG00000147604,True,down
ENSG00000223396.4,RPS10P7,57.1366912752948,-1.0393113715972302,0.2933408551202021,-3.5430160969952587,0.0003955785557847963,0.0012020298382611847,ENSG00000223396,True,down
ENSG00000109475.17,RPL34,24972.100285269957,-0.29715831193741093,0.08435871917822224,-3.5225559945927243,0.0004274067435459933,0.0012907984516171112,ENSG00000109475,True,down
ENSG00000172071.14,EIF2AK3,690.7143070535043,-0.35818195700016214,0.10306131972593005,-3.4754256781561876,0.0005100433014975979,0.0015226281966455493,ENSG00000172071,True,down
ENSG00000122406.14,RPL5,43202.723287488676,-0.24083938772823055,0.0700611224087199,-3.437561081639985,0.0005869783142734082,0.0017352048413744163,ENSG00000122406,True,down
ENSG00000067596.12,DHX8,3943.8213142290297,0.2442447918465874,0.07162417807161457,3.4100885821317957,0.0006494178296652081,0.0019081839981701814,ENSG00000067596,True,up
ENSG00000149100.13,EIF3M,5733.839688299294,0.2282327480841521,0.06769747385861728,3.371362845248916,0.0007479727239986958,0.0021763559871839575,ENSG00000149100,True,up
ENSG00000168872.17,DDX19A,658.4178014329344,0.34878957228334173,0.10586584307102045,3.2946374596890053,0.0009854873219318288,0.0028072759166516983,ENSG00000168872,True,up
ENSG00000130741.11,EIF2S3,9648.239989347354,0.21117641965542172,0.06486051889238688,3.255854613278602,0.0011305162415075293,0.003186970407895956,ENSG00000130741,True,up
ENSG00000140988.16,RPS2,123086.37085847049,-0.2648406491966529,0.0814860062049048,-3.250136575974582,0.0011534959693386975,0.0032469350659747958,ENSG00000140988,True,down
ENSG00000108107.15,RPL28,53497.46837220263,-0.2830703496136189,0.08805675218105008,-3.214635364152528,0.001306103171677986,0.0036382935252631545,ENSG00000108107,True,down
ENSG00000241081.1,RPL22P2,28.10635398383434,-1.3647885756109337,0.42833435480400744,-3.186269231744016,0.0014412041158291115,0.003989118660866332,ENSG00000241081,True,down
ENSG00000223508.5,RPL23AP53,126.66120869375975,0.6383735433916337,0.20193100608196046,3.161344836426598,0.0015704246185716498,0.004318202956182942,ENSG00000223508,True,up
ENSG00000124228.15,DDX27,2986.2383136016383,0.2225834841742993,0.0714071399069389,3.117104038397007,0.0018263710652540487,0.004963873308658495,ENSG00000124228,True,up
ENSG00000163577.8,EIF5A2,20.25924490341798,1.6606656420169124,0.5366501403719514,3.0945033217841096,0.0019714272709182748,0.005324312724126919,ENSG00000163577,True,up
ENSG00000161960.16,EIF4A1,716.0725420714367,0.3093185019291856,0.10081318279592694,3.0682346628746924,0.0021532745603292883,0.0057750298855989875,ENSG00000161960,True,up
ENSG00000163214.21,DHX57,951.09533011028,0.28870445945401635,0.09481351194521806,3.0449716873774886,0.0023270221496406738,0.00619391985975722,ENSG00000163214,True,up
ENSG00000233927.5,RPS28,26522.729757301047,-0.2560194755129792,0.08408400164432064,-3.044806033327884,0.0023283041685984726,0.006195968297953114,ENSG00000233927,True,down
ENSG00000125691.14,RPL23,55592.627524574425,-0.22944411739621612,0.07539670870017816,-3.0431582671416257,0.0023410917147467826,0.006225243371724274,ENSG00000125691,True,down
ENSG00000236552.2,RPL13AP5,802.8810043019935,-0.31584565083196003,0.10399992802664357,-3.03697951359201,0.002389616959260332,0.00634620581177547,ENSG00000236552,True,down
ENSG00000188846.14,RPL14,25485.265021758136,-0.1875313492943803,0.06514962271155927,-2.8784717622180067,0.0039960705404338305,0.010165715589962236,ENSG00000188846,True,down
ENSG00000251474.6,RPL32P3,662.9720350734607,-0.2940295132347088,0.1021465039561609,-2.878507847521634,0.00399561339671298,0.010165715589962236,ENSG00000251474,True,down
ENSG00000224892.6,RPS4XP16,31.40197873002856,-1.1778484957761897,0.41043498942682244,-2.8697565415196933,0.004107879514659809,0.010424778967404461,ENSG00000224892,True,down
ENSG00000198034.11,RPS4X,92182.4662084031,-0.2256782267436528,0.07867420839117766,-2.8685160150776916,0.004124023196210342,0.010460668398443755,ENSG00000198034,True,down
ENSG00000111361.13,EIF2B1,2471.568795619629,0.2156133668022106,0.07517409271645947,2.8681871507975214,0.004128312538555235,0.010469007997457029,ENSG00000111361,True,up
ENSG00000118181.11,RPS25,26970.76963336351,-0.21412364032411244,0.0750166209017216,-2.8543493128627224,0.0043125084704123675,0.010889878256122837,ENSG00000118181,True,down
ENSG00000145425.10,RPS3A,49172.12128463455,-0.20769351526579313,0.07318246817573648,-2.838022827640207,0.00453939360272593,0.011403576382911356,ENSG00000145425,True,down
ENSG00000128692.8,EIF2S2P4,44.14407897080347,0.9575559597791716,0.3387456975699485,2.826769363119198,0.004702017994906141,0.011782379024512499,ENSG00000128692,True,up
ENSG00000227032.1,RPS2P36,16.175537845554395,1.6394974159607296,0.5809168598558461,2.8222582769719735,0.00476867556623658,0.011927964990158166,ENSG00000227032,True,up
ENSG00000215030.5,RPL13P12,8815.593070869758,-0.23474631466733803,0.08524049987994713,-2.7539293528071185,0.005888447742860965,0.014441707458505914,ENSG00000215030,True,down
ENSG00000037241.7,RPL26L1,763.0720775711821,0.29356117493648687,0.10693157306969327,2.7453180245011146,0.006045228372256169,0.014786655475650811,ENSG00000037241,True,up
ENSG00000144895.12,EIF2A,3585.0447194889834,0.21911425484520156,0.08061698615975627,2.717966340381287,0.006568451986303113,0.01596002524705403,ENSG00000144895,True,up
ENSG00000197958.13,RPL12,53824.45623159194,-0.22193233768422374,0.08171949909219081,-2.7157819143489075,0.006611945672895514,0.016060106452602953,ENSG00000197958,True,down
ENSG00000100201.23,DDX17,21118.85056008411,-0.17373344724766554,0.06433263148418993,-2.700549367242368,0.006922506253741639,0.016761861911133043,ENSG00000100201,True,down
ENSG00000229648.1,RPSAP22,6.147257289140132,-2.993771203892856,1.108895022372386,-2.6997787378357416,0.0069385605009775735,0.016785734051867996,ENSG00000229648,True,down
ENSG00000240463.1,RPS19P3,37.230714634130884,-1.014358781754559,0.3758196168886817,-2.6990575695653836,0.006953614626791243,0.016815762566535306,ENSG00000240463,True,down
ENSG00000214485.6,RPL7P1,227.90373355780477,-0.41543782151737163,0.15781056687335482,-2.632509531828539,0.008475664470031993,0.020121762594877225,ENSG00000214485,True,down
ENSG00000198208.12,RPS6KL1,193.11515150935156,0.45645970930004826,0.17506607832326465,2.6073566830987214,0.009124425810498287,0.021474191826441204,ENSG00000198208,True,up
ENSG00000212802.4,RPL15P3,260.57827100501476,-0.3878279668095269,0.1495991221754501,-2.5924481452149273,0.009529554611419949,0.022344646557463595,ENSG00000212802,True,down
ENSG00000089009.16,RPL6,49981.672828407296,-0.1789152801685728,0.06942742444778582,-2.577011628929564,0.009965859778472379,0.023234779137810142,ENSG00000089009,True,down
ENSG00000178464.6,RPL10P16,298.97270582323927,-0.4654604151280198,0.18257690377245914,-2.549393737710171,0.010791039107684818,0.0249444342752387,ENSG00000178464,True,down
ENSG00000233762.3,RPS15P4,220.33520578162822,-0.43797361455401407,0.17306494492304214,-2.5306893591233655,0.011383861891545654,0.02619027365518361,ENSG00000233762,True,down
ENSG00000137154.13,RPS6,64793.528186183335,-0.1899524388266999,0.07567188243612656,-2.510211623016459,0.012065882830671842,0.02758308004185336,ENSG00000137154,True,down
ENSG00000167526.14,RPL13,89951.21153306327,-0.1879569201082291,0.07629412998650958,-2.4635829799941864,0.013755605063204134,0.031075716387653513,ENSG00000167526,True,down
ENSG00000280739.3,EIF1B-AS1,26.94665054172921,-1.1710836715210624,0.48434206515520806,-2.417885531263503,0.015610986878445776,0.03479723762456417,ENSG00000280739,True,down
ENSG00000116251.11,RPL22,7363.708443180985,-0.17704439356374035,0.07324899756128846,-2.4170213853862617,0.01564809774331824,0.03486508914225846,ENSG00000116251,True,down
ENSG00000241343.10,RPL36A,198.0262481004701,0.40322596020555684,0.16744110687758057,2.4081658782891537,0.016032894464421906,0.03563130558873226,ENSG00000241343,True,up
ENSG00000231579.3,RPL7P21,36.14685969062716,0.9559244546994724,0.39714807351999964,2.4069724076134387,0.016085385122818135,0.03572896954713514,ENSG00000231579,True,up
ENSG00000234028.3,EIF2AK3-DT,20.201349113847808,-1.2329318148989923,0.5198418393002148,-2.3717440992412304,0.017704347869816662,0.038858487828492085,ENSG00000234028,True,down
ENSG00000176054.6,RPL23P2,10.55537481473124,-1.6687754916527497,0.7075532525248203,-2.3585157522743643,0.018348181054212244,0.04015777566157466,ENSG00000176054,True,down
ENSG00000189343.7,RPS2P46,845.2011051108411,-0.2514623922512779,0.10755143969825669,-2.3380662588690004,0.019383811214454403,0.0421420504627063,ENSG00000189343,True,down
ENSG00000174444.15,RPL4,89884.20924850048,-0.17827593948090112,0.07630934554272448,-2.336226817475286,0.019479423327749733,0.04232351112969611,ENSG00000174444,True,down
ENSG00000145833.16,DDX46,3509.9336258497165,0.16474633360786417,0.07131316621827324,2.3101811677189237,0.02087812620967856,0.045016306367526814,ENSG00000145833,True,up
ENSG00000172809.13,RPL38,20675.33337261454,-0.1935733392253895,0.08380808050036359,-2.309721664900197,0.02090356858207642,0.04506651590975453,ENSG00000172809,True,down
ENSG00000137970.7,RPL7P9,517.1650662887972,-0.3131384779909364,0.1373752057766832,-2.279439555489901,0.022640949219905945,0.048373192068610495,ENSG00000137970,True,down
ENSG00000186468.13,RPS23,29406.992530811156,-0.18046069814764734,0.07961614689147753,-2.2666344101483347,0.02341256821673055,0.04976241878192038,ENSG00000186468,True,down
ENSG00000229944.3,EIF4EP2,18.696896392156244,1.16859412667774,0.5156241851632751,2.266367948407421,0.023428864312141258,0.04979199322045594,ENSG00000229944,True,up
ENSG00000148303.17,RPL7A,81574.59190497732,-0.1744360844183967,0.07705136352701274,-2.2638935436521215,0.02358066314800304,0.05008405402541416,ENSG00000148303,False,down
ENSG00000242208.1,RPL5P29,3.1585822141150506,-4.097951682027279,1.8279587359694305,-2.241818483858714,0.024973106119162383,0.052635120125739364,ENSG00000242208,False,down
ENSG00000257790.1,EIF4A1P4,13.948755102880503,1.373301744635037,0.6173724396723859,2.2244299492277175,0.026119530712872673,0.05476980030925939,ENSG00000257790,False,up
ENSG00000227097.5,RPS28P7,195.7387578716483,-0.3914322242127073,0.17637925861244266,-2.2192644832054746,0.02646873639728182,0.0554371258804366,ENSG00000227097,False,down
ENSG00000110367.13,DDX6,5858.6104328877,0.149961546892674,0.06773835618076049,2.2138350463140863,0.026840128256018256,0.056100751981635444,ENSG00000110367,False,up
ENSG00000136149.6,RPL13AP25,314.2920798914291,-0.32071742961305366,0.14650117619829917,-2.1891798955862383,0.028583767295364517,0.059212469191130664,ENSG00000136149,False,down
ENSG00000231500.7,RPS18,68505.43798630958,-0.17608230634406788,0.08059531108633795,-2.184771098599511,0.028905634141187436,0.059772619916485116,ENSG00000231500,False,down
ENSG00000105193.9,RPS16,44268.896943002386,-0.18380546069319503,0.08488454104666177,-2.1653584790209988,0.03036024317460764,0.06233659829192175,ENSG00000105193,False,down
ENSG00000242071.3,RPL7AP6,310.28072093967296,-0.31226308844471784,0.14527723611194315,-2.1494288905944217,0.03160041732729916,0.06462274524547747,ENSG00000242071,False,down
ENSG00000229132.2,EIF4A1P10,89.84099526587255,0.4948710870907762,0.23108408129434155,2.141519590267397,0.03223216040146628,0.065773113260425,ENSG00000229132,False,up
ENSG00000164587.13,RPS14,48117.19803756002,-0.19199582165644102,0.09021135484248821,-2.1282888611048087,0.033313141076561706,0.06770142192540089,ENSG00000164587,False,down
ENSG00000198242.14,RPL23A,26146.996176153512,-0.1537697010097653,0.0723329179966366,-2.1258606077099698,0.03351486772607063,0.06807168218024216,ENSG00000198242,False,down
ENSG00000162244.12,RPL29,54015.541730081335,-0.15023217073707723,0.07105330609858516,-2.114358627150056,0.03448464849941721,0.06975000595286535,ENSG00000162244,False,down
ENSG00000138326.21,RPS24,51982.599989766226,-0.16263237670177444,0.0774779857319437,-2.0990785339263422,0.035809978375308894,0.07211669472249377,ENSG00000138326,False,down
ENSG00000197756.10,RPL37A,58049.169520105526,-0.19757351902024994,0.09420691778551817,-2.097229414405294,0.035973271835707435,0.07240369895035137,ENSG00000197756,False,down
ENSG00000107625.14,DDX50,1272.440829751086,0.19438799523193304,0.09353662751031369,2.0782018809743716,0.03769076893453766,0.07537432708489042,ENSG00000107625,False,up
ENSG00000230799.1,RPS2P16,4.099662011925378,2.7136430092032278,1.3088037971198097,2.073376479480688,0.0381372561283641,0.07609935358112396,ENSG00000230799,False,up
ENSG00000213442.5,RPL18AP3,486.3401216527775,-0.23777019414249945,0.11622913957003811,-2.0457020934859655,0.04078568965558996,0.08072191876737325,ENSG00000213442,False,down
ENSG00000115268.10,RPS15,39719.00024251211,-0.1705575334138761,0.08372841048956156,-2.0370329786105223,0.04164673729261659,0.08217712976304317,ENSG00000115268,False,down
ENSG00000161970.15,RPL26,5047.516267418246,-0.20747973548536747,0.10276968116716496,-2.018880793722434,0.043499610921463566,0.08536589373172977,ENSG00000161970,False,down
ENSG00000197258.5,EIF4BP6,158.1330741099966,-0.36423873590892764,0.18198274795403485,-2.001501461011716,0.045338376484111265,0.0884100455906007,ENSG00000197258,False,down
ENSG00000229585.4,RPL21P44,4.019572631485953,-2.4334432640534893,1.22615609377829,-1.984611320207244,0.047187731902388196,0.09155514832030882,ENSG00000229585,False,down
ENSG00000157349.17,DDX19B,682.1345189556368,0.20623868910677456,0.10457809678522537,1.9721021461150903,0.04859794703109636,0.09385576726393537,ENSG00000157349,False,up
ENSG00000105640.13,RPL18A,56926.49647779286,-0.15077955294766615,0.07715603876434528,-1.9542158379616448,0.050675697054259165,0.09742745287992848,ENSG00000105640,False,down
ENSG00000182810.7,DDX28,728.1220893856615,0.22468316235139527,0.11712082284541858,1.9183878399483443,0.055061851778955014,0.1047173524906849,ENSG00000182810,False,up
ENSG00000243404.2,RPL35AP32,2.945641980432036,-2.9547116713622406,1.5481900375064208,-1.908494176930128,0.05632737507309402,0.10674221385769612,ENSG00000243404,False,down
ENSG00000240231.1,RPS27P29,26.06474503513184,-0.8755225237328594,0.46399967097059786,-1.8869033288352017,0.05917332930603878,0.11144843445694115,ENSG00000240231,False,down
ENSG00000183298.5,RPSAP19,34.35050319777732,-0.6961132797029349,0.3694432414893408,-1.8842225314413261,0.059534881059720296,0.11199822041163615,ENSG00000183298,False,down
ENSG00000198918.8,RPL39,25198.126600794276,-0.12074793730603249,0.06457644757949788,-1.869844840216455,0.061505367500175386,0.11518688640676042,ENSG00000198918,False,down
ENSG00000229605.5,RPL21P93,6.1501371045861495,1.8084116302382895,0.9681993481360591,1.8678091797105374,0.06178867347572835,0.11564494249629158,ENSG00000229605,False,up
ENSG00000175886.10,RPL7AP66,51.861162548003755,-0.5669096725829317,0.3036681570424327,-1.8668723059550667,0.06191942209644271,0.11583780208932719,ENSG00000175886,False,down
ENSG00000242829.1,RPS26P21,3.4462679441935555,2.4660679238240446,1.342783274708892,1.8365345847479928,0.06627863197601214,0.12262133452128404,ENSG00000242829,False,up
ENSG00000100316.16,RPL3,102027.12809155912,-0.13127172396892156,0.07176632140033021,-1.8291549769794604,0.0673763950001915,0.1243002924350515,ENSG00000100316,False,down
ENSG00000142534.7,RPS11,76170.66591426433,-0.14426989452775532,0.07896050501604228,-1.827114637861602,0.06768253481961757,0.12476598826725377,ENSG00000142534,False,down
ENSG00000260088.1,DDX59-AS1,8.269278524255254,-1.390281697452411,0.7616455005315264,-1.8253658644109119,0.06794583694889067,0.12516306875085983,ENSG00000260088,False,down
ENSG00000234743.1,EIF5AP4,21.59515922142734,0.9984639365479093,0.5484102278805608,1.8206515593384711,0.0686598399850991,0.12628916195042073,ENSG00000234743,False,up
ENSG00000134419.15,RPS15A,17880.11356236653,-0.1837540660140738,0.10123151722983165,-1.8151863277608153,0.0694952800814669,0.12764613647716982,ENSG00000134419,False,down
ENSG00000162302.13,RPS6KA4,1655.0789550201127,-0.1534624057341442,0.08482255887604713,-1.8092168848431212,0.07041731546165009,0.12913547342467163,ENSG00000162302,False,down
ENSG00000228754.1,RPL13AP19,3.308626206054593,2.546056260811388,1.4078785547880268,1.8084345785029217,0.07053889027788204,0.1292677103917779,ENSG00000228754,False,up
ENSG00000257074.3,RPL29P33,4.652174386413068,-1.911814050956119,1.0572661105766008,-1.8082619236830297,0.07056574498969653,0.12930558898716765,ENSG00000257074,False,down
ENSG00000110700.7,RPS13,21432.9501025616,-0.12505231206567627,0.06921951191417128,-1.8066049385140834,0.07082389895446388,0.12971930421288938,ENSG00000110700,False,down
ENSG00000235001.3,EIF4A1P2,20.491860570626194,0.9105422045257092,0.5082134784037582,1.7916530025642388,0.07318856721927572,0.13330547014167782,ENSG00000235001,False,up
ENSG00000142937.12,RPS8,71484.46414672503,-0.11863240116583694,0.06630017389241467,-1.7893226246788099,0.07356287243788195,0.1338007143889299,ENSG00000142937,False,down
ENSG00000225907.1,RPS27P16,3.7927460523528964,2.55537545418689,1.433086208809089,1.783127517716074,0.07456554793950823,0.13527137671150288,ENSG00000225907,False,up
ENSG00000165502.7,RPL36AL,6871.662680918991,0.12546132796336695,0.07046083012297118,1.7805825980818932,0.0749806647124284,0.13596545897111875,ENSG00000165502,False,up
ENSG00000235174.1,RPL39P3,367.2902924804225,-0.24080236561371635,0.13553902958919498,-1.7766274876215642,0.07562954997977306,0.13686905919989054,ENSG00000235174,False,down
ENSG00000067248.10,DHX29,1417.7396980660408,0.15432431840163074,0.08710106225896434,1.7717845729917931,0.07643032436578395,0.13810305628272077,ENSG00000067248,False,up
ENSG00000236493.2,EIF2S2P3,8.132003471331508,-1.5709067937513856,0.894482184447242,-1.756219208236271,0.0790509861297598,0.1422115064132827,ENSG00000236493,False,down
ENSG00000171863.15,RPS7,31050.647684879063,-0.13567512476468746,0.07800850197793453,-1.7392351003364286,0.08199341773245865,0.14664679537298148,ENSG00000171863,False,down
ENSG00000233578.1,EIF4EP1,6.311412452024846,-1.530806004434604,0.9006124646502671,-1.6997388605198334,0.08918005627555718,0.15746606896087825,ENSG00000233578,False,down
ENSG00000214389.2,RPS3AP26,303.1122894218009,-0.23133503408625908,0.13690613314616248,-1.6897346289028794,0.09107873512648579,0.16023664365516385,ENSG00000214389,False,down
ENSG00000213741.11,RPS29,20270.320083552193,-0.1394362012247998,0.0838460131303558,-1.6630033560214446,0.09631176371236393,0.16808529361137658,ENSG00000213741,False,down
ENSG00000225037.1,EIF1AX-AS1,3.808992469380738,2.1254245661360684,1.2799896944537426,1.6605013113352678,0.09681364431528514,0.16886251026659027,ENSG00000225037,False,up
ENSG00000229816.1,DDX50P1,7.660750187798502,-1.4271808854797117,0.8603045403242697,-1.6589252044883693,0.09713086504635916,0.16933104275009878,ENSG00000229816,False,down
ENSG00000232938.2,RPL23AP87,16.857791195271883,0.8961547484954177,0.5422329852889407,1.652711607018673,0.0983895710144318,0.171097352489412,ENSG00000232938,False,up
ENSG00000215472.10,RPL17-C18orf32,17.083144270546473,0.8933768009424413,0.5406226564709635,1.6524960436807443,0.09843347098838622,0.17115945641547053,ENSG00000215472,False,up
ENSG00000230629.2,RPS23P8,152.96268806608342,-0.3370676117469153,0.20428712094259216,-1.6499699549911249,0.09894908132074949,0.1718416260252192,ENSG00000230629,False,down
ENSG00000232818.2,RPS2P32,40.51726130602531,0.5936128153515144,0.3662801379621051,1.6206524837907779,0.10509218952325082,0.18057510595652845,ENSG00000232818,False,up
ENSG00000243431.1,RPL5P30,7.451078220969461,-1.4105395005954096,0.87790538736761,-1.6067101545246205,0.1081179650232545,0.18493815879366376,ENSG00000243431,False,down
ENSG00000166441.13,RPL27A,57966.125397966855,-0.13775224785759718,0.08579650469417704,-1.605569461700301,0.10836853977566319,0.1853094032732024,ENSG00000166441,False,down
ENSG00000225093.1,RPL3P7,12.022831306004349,-1.009687909736037,0.6377342939802226,-1.5832422989743582,0.11336624883163117,0.19231051590993845,ENSG00000225093,False,down
ENSG00000239272.1,RPL21P10,4.484250763444508,-1.6481483405699147,1.0542075260029724,-1.5634002792779036,0.117958474516255,0.19858591304854464,ENSG00000239272,False,down
ENSG00000234492.4,RPL34-DT,5.003307722415269,-1.7272689637597824,1.1164300251142605,-1.5471358928948602,0.12183048047760262,0.20386266846203466,ENSG00000234492,False,down
ENSG00000233913.7,RPL10P9,206.3023755319364,-0.2639507026684985,0.1705992564437867,-1.5471972631690314,0.12181568573302815,0.20386266846203466,ENSG00000233913,False,down
ENSG00000236397.3,DDX11L2,15.150198737217522,0.8859532333727735,0.5733338171088455,1.5452659636237336,0.12228194467870672,0.20446175621889084,ENSG00000236397,False,up
ENSG00000182899.17,RPL35A,23390.170467558946,-0.11997952701281935,0.07834175948893145,-1.531488797232984,0.12564863306138618,0.20899119442925765,ENSG00000182899,False,down
ENSG00000229638.1,RPL4P4,358.3549936285901,-0.1986404210830652,0.13087121332253718,-1.5178312788581565,0.12905693769501206,0.21381013980794145,ENSG00000229638,False,down
ENSG00000213613.2,RPL11P3,6.946840006750661,-1.3053756073742422,0.8660630115723066,-1.5072524630793076,0.13174595734950748,0.2173322791437506,ENSG00000213613,False,down
ENSG00000244134.1,RPS12P20,6.751332959645599,1.2765393395843083,0.8487505397678127,1.5040218294689074,0.13257574610038927,0.21846209095725846,ENSG00000244134,False,up
ENSG00000163923.10,RPL39L,121.94940100409177,-0.32437610250666166,0.21625399936785406,-1.4999773574355444,0.13362026785833542,0.21987133568251557,ENSG00000163923,False,down
ENSG00000256338.2,RPL41P2,69.57534086293516,-0.43638415615937826,0.29144540196380225,-1.4973101418617594,0.13431257715999473,0.22088882458360995,ENSG00000256338,False,down
ENSG00000227063.5,RPL41P1,4886.006733660033,-0.12608161952592548,0.08495918746930445,-1.4840257220148023,0.13780209684363262,0.22564353703319429,ENSG00000227063,False,down
ENSG00000213860.4,RPL21P75,57.77292327723191,-0.4485623800056082,0.31063286659542755,-1.4440274299429554,0.1487312596493582,0.24008769316882733,ENSG00000213860,False,down
ENSG00000219451.3,RPL23P8,21.19529628502703,-0.6790313166148757,0.47051614744616893,-1.4431626210927493,0.14897466639207502,0.24036925025798564,ENSG00000219451,False,down
ENSG00000107201.11,DDX58,46.73300543729056,-0.46442818308271344,0.3242810621121621,-1.4321779386613618,0.1520929037430558,0.24455393480959298,ENSG00000107201,False,down
ENSG00000216866.5,RPS2P55,114.74960209554843,-0.3235050645527912,0.2287752957199418,-1.414073418787377,0.15734034681855547,0.25142224952906217,ENSG00000216866,False,down
ENSG00000225405.3,RPS15AP17,3.2238819062721262,-1.8698919058125096,1.3279745691456324,-1.408078098224069,0.1591079455779958,0.2536651193665508,ENSG00000225405,False,down
ENSG00000178982.10,EIF3K,6804.8878830825715,0.10193504878673726,0.07253047392389164,1.4054099369831874,0.15989941354917392,0.25480623203533237,ENSG00000178982,False,up
ENSG00000225338.1,RPL23AP18,2.8988681600781305,-1.8467490823309618,1.3258049498188913,-1.3929266764189052,0.16364196461541558,0.2597645339597478,ENSG00000225338,False,down
ENSG00000149273.15,RPS3,60592.23635488508,-0.10813838831457606,0.07936323579277958,-1.3625753440412824,0.17301638378283835,0.2717566130250953,ENSG00000149273,False,down
ENSG00000238172.2,RPS2P35,9.195865539786295,-0.9919724960494727,0.7302089860544242,-1.3584775249198846,0.17431220943848513,0.27342219766814,ENSG00000238172,False,down
ENSG00000213253.5,RPL12P42,23.776336716273235,-0.6112411490348194,0.4510592215509607,-1.3551239390097722,0.17537807278264406,0.27478483021763894,ENSG00000213253,False,down
ENSG00000234797.5,RPS3AP6,391.9816931598819,-0.16529296427376927,0.12333095095932908,-1.3402391126318165,0.18016761944821713,0.2808787660092787,ENSG00000234797,False,down
ENSG00000233426.3,EIF3FP3,58.34290138917004,-0.38052887445906275,0.2877118324406493,-1.3226041877772277,0.1859670408640044,0.28820066392163646,ENSG00000233426,False,down
ENSG00000213178.3,RPL22P1,53.0731931231023,-0.4156309344622585,0.31426347917313346,-1.3225556324770396,0.18598319705301203,0.2882043120614991,ENSG00000213178,False,down
ENSG00000144713.13,RPL32,41873.120798999895,-0.10727813435140342,0.08117811883671792,-1.321515402040582,0.1863295704127741,0.28854859252218185,ENSG00000144713,False,down
ENSG00000230207.1,RPL4P5,41.931803113114334,0.44125931890862247,0.33410229579352096,1.3207311786367544,0.1865910141812669,0.288825095696251,ENSG00000230207,False,up
ENSG00000242445.1,RPL7AP11,24.03481031498781,-0.6041892437784833,0.4598601341215839,-1.313854363419856,0.1888952189497306,0.29165756627496814,ENSG00000242445,False,down
ENSG00000226525.5,RPS7P10,45.838629387936784,-0.4315844201992007,0.3302380611801285,-1.3068887900349948,0.19125048381399634,0.29435931786905745,ENSG00000226525,False,down
ENSG00000008988.11,RPS20,64130.72936091075,-0.09413446228777309,0.07243129602676812,-1.299637966618521,0.19372508067406513,0.29742355412881,ENSG00000008988,False,down
ENSG00000241112.1,RPL29P14,2.850721026093133,1.7711144833502799,1.3739092489077966,1.2891058741749104,0.19736128166845912,0.3019860173139725,ENSG00000241112,False,up
ENSG00000229117.9,RPL41,24945.668538347545,-0.09356837275248389,0.07310480370570015,-1.2799209902698658,0.20057292463002752,0.30622782168373297,ENSG00000229117,False,down
ENSG00000177600.9,RPLP2,46892.719761285734,-0.10874214097871163,0.08596397700872496,-1.2649733616637442,0.20588087713610126,0.31291498490783953,ENSG00000177600,False,down
ENSG00000242085.1,RPS20P33,6.088949810163027,-1.1145639849388136,0.9034580994149043,-1.2336642791299621,0.21732802981970478,0.3263937333441332,ENSG00000242085,False,down
ENSG00000156976.17,EIF4A2,11387.297522052773,-0.10198369998936813,0.08282622863781239,-1.2312971587216497,0.21821174417689682,0.3273724236643132,ENSG00000156976,False,down
ENSG00000240622.1,RPL7P15,8.730442032141502,-0.9236008647188905,0.7506954198597328,-1.2303270278263656,0.2185746670965113,0.3278227986455029,ENSG00000240622,False,down
ENSG00000205609.13,EIF3CL,87.85437261923623,0.289697961557217,0.2363062319865171,1.2259429602082872,0.22022014069734763,0.32981748416209966,ENSG00000205609,False,up
ENSG00000234618.1,RPSAP9,22.256366981919474,0.5552516355576101,0.458717785714288,1.2104427882450761,0.22610903155878082,0.33675539030903123,ENSG00000234618,False,up
ENSG00000236549.1,RPS27AP7,14.579004356929424,-0.7062749075285913,0.5871944882116219,-1.202795533179551,0.22905545377809122,0.3403193317237421,ENSG00000236549,False,down
ENSG00000137818.12,RPLP1,60867.56674938021,-0.10603996551641393,0.08873547202391109,-1.1950121309755346,0.2320822905240728,0.3438146517641912,ENSG00000137818,False,down
ENSG00000241923.2,RPL14P3,3.5029738495808274,-1.3656855110855612,1.1611546407213509,-1.1761443852449733,0.2395371839268704,0.3528333944321252,ENSG00000241923,False,down
ENSG00000227008.2,RPS24P19,8.38588011620587,-0.9831170858403112,0.8405464910970367,-1.169616548582814,0.2421553146946227,0.3556363053866216,ENSG00000227008,False,down
ENSG00000213935.3,RPL22P16,6.013884833025625,-1.0446472515018361,0.8982900925945552,-1.1629286130547802,0.244858467204201,0.35870023932247397,ENSG00000213935,False,down
ENSG00000225912.1,RPL26P36,54.809758755054354,-0.35391359496856384,0.3043195006662569,-1.162967191368706,0.24484281400936625,0.35870023932247397,ENSG00000225912,False,down
ENSG00000228149.1,RPL3P1,2.936411159869124,-1.5944313965991006,1.378570682989287,-1.1565829857499523,0.24744277690350736,0.3616750817272408,ENSG00000228149,False,down
ENSG00000239559.2,RPL37P2,31.26200119559324,-0.47522518383613,0.41186750550277607,-1.153830242703929,0.24856977266932,0.36294172841352174,ENSG00000239559,False,down
ENSG00000225067.4,RPL23AP2,4.080409253213919,-1.2953674767905674,1.1247367439622322,-1.151707262827776,0.2494413867806906,0.36403544803312904,ENSG00000225067,False,down
ENSG00000205871.5,RPS3AP47,23.34945123536033,-0.5832855787647837,0.5087636375633738,-1.146476547652498,0.2515980256329272,0.36667189431035035,ENSG00000205871,False,down
ENSG00000215003.4,RPL15P20,19.351271557772506,-0.5782622967815328,0.5072907322321771,-1.139903136485595,0.2543266582029394,0.3695863869764587,ENSG00000215003,False,down
ENSG00000224546.2,EIF4BP3,57.386546262755985,-0.34034060125106386,0.30241265350055974,-1.1254178597074935,0.2604120064652664,0.37673333382899865,ENSG00000224546,False,down
ENSG00000225447.1,RPS15AP10,16.104791570469146,0.652961941613062,0.5816297701129521,1.122641885208622,0.2615896188798008,0.3779661740480417,ENSG00000225447,False,up
ENSG00000218208.1,RPS27AP11,3.9692114065336335,-1.2338817321802529,1.1127748783578195,-1.1088332026340828,0.26750214413745776,0.38483345894148724,ENSG00000218208,False,down
ENSG00000146677.7,RPL32P18,77.22087771186303,-0.2908924825881552,0.26447915119145404,-1.0998692383793258,0.27138909939773614,0.3892200392405208,ENSG00000146677,False,down
ENSG00000241458.1,RPL7P19,2.8136281266317575,-1.492946143793201,1.359311987184907,-1.0983101435639115,0.2720690840850958,0.3899277625202586,ENSG00000241458,False,down
ENSG00000237991.3,RPL35P1,11.357593100318757,0.7187391526709969,0.6593997106867682,1.0899900940545248,0.27571750767180003,0.3941299292572069,ENSG00000237991,False,up
ENSG00000213553.4,RPLP0P6,393.5218182847004,-0.13800973103841385,0.12703287413615044,-1.0864095768666835,0.27729782641144474,0.39585988695630103,ENSG00000213553,False,down
ENSG00000140986.8,RPL3L,4.969535407874942,-1.1406410778970033,1.0509861211984677,-1.085305557219252,0.27778634540483116,0.39640964757907166,ENSG00000140986,False,down
ENSG00000260615.1,RPL23AP97,5.070236059187864,-1.0435171141176862,0.9629751351420048,-1.0836386901763608,0.2785250291616781,0.3971304754491082,ENSG00000260615,False,down
ENSG00000233830.2,EIF4HP1,34.813760052143046,0.4218387602038506,0.3897486857366756,1.0823352987233827,0.2791035665653875,0.39777347894307663,ENSG00000233830,False,up
ENSG00000224858.5,RPL29P11,64.12071532962302,-0.3344116024186218,0.3092664725157948,-1.081305709274848,0.27956114863765036,0.39823558009121823,ENSG00000224858,False,down
ENSG00000112306.8,RPS12,38733.99147223257,-0.08610166654027819,0.08018148835023882,-1.0738347255937628,0.2828967631036974,0.40216508428164677,ENSG00000112306,False,down
ENSG00000240914.1,RPL15P2,44.37730125772227,-0.34535656699156536,0.32195616251907877,-1.0726819585914897,0.28341383779859075,0.40276321752548017,ENSG00000240914,False,down
ENSG00000089157.16,RPLP0,92764.87185890459,-0.07227021000331268,0.0683462972156794,-1.057412221985496,0.29032349598455054,0.41096235405599657,ENSG00000089157,False,down
ENSG00000213363.4,RPS3P6,3.4980499038065194,1.3151472140671712,1.2531190220678776,1.0494990427141835,0.2939484955946359,0.4150818810470421,ENSG00000213363,False,up
ENSG00000229917.2,RPL7P46,27.798388220893468,0.44180097164440696,0.4265435759547208,1.0357698405269284,0.30030953092993007,0.42245907879468825,ENSG00000229917,False,up
ENSG00000171858.18,RPS21,17872.561629154723,-0.09669623496897865,0.09386692315146641,-1.0301417338772973,0.30294347664954635,0.42545588625792125,ENSG00000171858,False,down
ENSG00000236058.3,RPL17P36,14.66585092536927,-0.5881365735668003,0.5741227294178193,-1.0244091436045242,0.3056420649719175,0.4285548631993902,ENSG00000236058,False,down
ENSG00000139239.7,RPL14P1,93.54719150009937,-0.24692484082546584,0.24186127643916236,-1.0209358209832204,0.30728484645415133,0.43022347977300346,ENSG00000139239,False,down
ENSG00000230592.2,RPSAP8,11.474160407095773,-0.7001460057775499,0.6883797763312034,-1.0170926425367346,0.3091093600220758,0.4323147097017338,ENSG00000230592,False,down
ENSG00000237039.1,RPS28P4,32.76633516518067,-0.3950828471652101,0.39174286127535735,-1.0085259649122362,0.31320202919080486,0.43712448071389437,ENSG00000237039,False,down
ENSG00000227470.1,RPL39P16,4.202520237290645,-1.2585468090550809,1.2502563168818783,-1.0066310340217908,0.3141121151728098,0.43802213712665167,ENSG00000227470,False,down
ENSG00000232888.4,RPS11P5,40.66498552214495,-0.3401060462793172,0.33826444964363805,-1.0054442511993773,0.3146829809942584,0.43861340093779355,ENSG00000232888,False,down
ENSG00000232439.1,RPL18AP7,9.921281223784698,-0.6833693462822189,0.680404154280478,-1.0043579863278123,0.3152060931488584,0.43916684994135513,ENSG00000232439,False,down
ENSG00000213772.3,EIF1P7,6.533766259336449,-0.8968482690784597,0.8932924549154929,-1.003980571137034,0.3153879785019442,0.4393909821779052,ENSG00000213772,False,down
ENSG00000109832.14,DDX25,5.424177003255088,-0.9293319126950567,0.9317548627151226,-0.9973995842500831,0.31857059307244184,0.44261559239532594,ENSG00000109832,False,down
ENSG00000224261.2,RPSAP18,6.327217648015078,-0.8840058445397901,0.8884300608114981,-0.9950201862061411,0.3197264466634324,0.44398545957792884,ENSG00000224261,False,down
ENSG00000231767.4,RPS27AP5,34.889462546498315,-0.3617788193931149,0.36395988327028506,-0.9940074058229367,0.32021926197583606,0.44440413508144105,ENSG00000231767,False,down
ENSG00000100353.18,EIF3D,13434.747691822746,0.06339157604467177,0.06422358567892186,0.9870451077208672,0.32362052582710876,0.44811304231961424,ENSG00000100353,False,up
ENSG00000237676.1,RPL30P4,6.207356159223874,-0.9838239620265506,1.0099960524819431,-0.9740869378735909,0.33001337456528523,0.45453465071734905,ENSG00000237676,False,down
ENSG00000234498.3,RPL13AP20,48.375189009018634,-0.3171517612009164,0.3264689981198646,-0.9714605767389671,0.33131897564158197,0.45578433274744445,ENSG00000234498,False,down
ENSG00000237977.1,EIF4HP2,3.4074597211416937,-1.3786061506497278,1.4217248804287357,-0.9696715374594802,0.33221024210461536,0.4566798606943115,ENSG00000237977,False,down
ENSG00000163682.17,RPL9,31054.304561576046,-0.06445448461001767,0.06649315222658803,-0.9693401869470227,0.3323754846891934,0.45684693510271385,ENSG00000163682,False,down
ENSG00000233614.6,DDX11L10,24.239992720896367,-0.4281588774378291,0.4451081053718218,-0.9619210979772338,0.336089239684474,0.4607397799897452,ENSG00000233614,False,down
ENSG00000235065.1,RPL24P2,14.661808382976432,-0.5838331004658042,0.6083132139144659,-0.9597573866739908,0.3371773336943227,0.46186799490325714,ENSG00000235065,False,down
ENSG00000231684.3,EIF1P3,4.553936968043508,1.0304669149088583,1.0777749830372196,0.9561058023493505,0.3390187836241958,0.4637978235442782,ENSG00000231684,False,up
ENSG00000233045.1,RPL15P5,7.651049520654811,-0.8021384099315754,0.8412129677160315,-0.9535497439007067,0.340311605058806,0.465155568183027,ENSG00000233045,False,down
ENSG00000240371.1,RPS4XP13,6.571053508979414,-0.7978201245484235,0.8588860139913145,-0.9289010550316069,0.3529403661832,0.4782274480151649,ENSG00000240371,False,down
ENSG00000232713.2,RPS12P3,22.92952300985637,0.4700814853735814,0.5145047679456116,0.9136581712363719,0.36089648963821375,0.48635995696361095,ENSG00000232713,False,up
ENSG00000229870.1,RPL21P89,6.857325329125508,-0.8037101222166295,0.880569467579126,-0.9127163180279243,0.3613917594072641,0.4869195574354284,ENSG00000229870,False,down
ENSG00000220749.4,RPL21P28,283.8794469982193,-0.12878720933731405,0.14267191576440288,-0.9026808720363932,0.3666952911416138,0.4923023218987014,ENSG00000220749,False,down
ENSG00000187504.6,RPL7P48,3.0738691824147906,-1.1122306079994697,1.2328022880528746,-0.9021970666165461,0.3669521928103192,0.49261558742005607,ENSG00000187504,False,down
ENSG00000137628.18,DDX60,680.0746806279991,-0.308021230333377,0.34742807724756314,-0.8865755260012955,0.3753074751965023,0.5013532317225609,ENSG00000137628,False,down
ENSG00000217716.3,RPS10P3,23.343797576720558,0.4230753604017724,0.47813373095306705,0.884847340844273,0.3762389725450146,0.5023407817106958,ENSG00000217716,False,up
ENSG00000245614.4,DDX11-AS1,3.8633308729178886,0.9875256361934388,1.1178206757168885,0.8834383346506915,0.37699948634551195,0.5031955092599931,ENSG00000245614,False,up
ENSG00000105372.8,RPS19,49744.52019190115,-0.06386514850090431,0.0733358569679262,-0.8708584196246053,0.3838314626319054,0.5101277506306173,ENSG00000105372,False,down
ENSG00000240370.6,RPL13P5,54.253084307199714,0.29416247365258247,0.33965866100037984,0.8660532099673252,0.38646098266965223,0.5128156382582726,ENSG00000240370,False,up
ENSG00000242100.2,RPL9P32,19.231109226676953,-0.4341746574857319,0.5029762133098149,-0.8632111141571943,0.38802140407418595,0.5142950278054227,ENSG00000242100,False,down
ENSG00000122026.10,RPL21,31064.644861259087,-0.05497264335684826,0.06423232946173561,-0.8558407240951221,0.39208588598530525,0.5184858651204346,ENSG00000122026,False,down
ENSG00000214784.4,RPS3AP21,10.504884978801785,-0.5585808043138574,0.6563030262688763,-0.8511019787451297,0.3947127063447562,0.520950999926987,ENSG00000214784,False,down
ENSG00000234009.1,RPL5P34,28.975105279314164,-0.3769449363255213,0.4436331502896082,-0.8496771174098415,0.3955046238383205,0.5217985400709283,ENSG00000234009,False,down
ENSG00000239218.2,RPS20P22,4.7514924116532296,-0.861186546804192,1.0212815358132425,-0.843241081528447,0.39909362687662,0.525472437554013,ENSG00000239218,False,down
ENSG00000213609.3,RPL7AP50,12.3312490545115,-0.5269239619606858,0.6367710067725529,-0.8274936458419766,0.40795732211557756,0.5342492969273531,ENSG00000213609,False,down
ENSG00000130255.13,RPL36,21766.50001326101,-0.06908532441856026,0.08428972529833323,-0.8196173872205794,0.4124342584928974,0.5387906976509214,ENSG00000130255,False,down
ENSG00000266563.1,EIF1P5,4.483616776918551,0.868738291168354,1.0636025281521346,0.8167884789420998,0.4140493173292533,0.5402306077566854,ENSG00000266563,False,up
ENSG00000242899.1,RPL7P16,6.089945244399722,-0.7632665239702313,0.9351063071165043,-0.8162350292811535,0.41436572570957253,0.5405422352230328,ENSG00000242899,False,down
ENSG00000235508.3,RPS2P7,31.652182303222133,-0.3309148956741489,0.40539941656241735,-0.8162688009769238,0.41434641426117447,0.5405422352230328,ENSG00000235508,False,down
ENSG00000240392.1,RPL9P3,7.739061633198161,-0.6128133914480258,0.7590845669419503,-0.8073058235353239,0.4194903097071101,0.5452200444349918,ENSG00000240392,False,down
ENSG00000237641.1,RPL28P2,9.925674344398608,-0.5407338744454123,0.6703406691423127,-0.8066553311427013,0.4198650860459694,0.5455081096966691,ENSG00000237641,False,down
ENSG00000136942.15,RPL35,22683.734057043195,0.06368428234968213,0.07931897877813332,0.8028883292587049,0.42203928221446685,0.5476477707141483,ENSG00000136942,False,up
ENSG00000263266.2,RPS7P1,205.8192369935015,-0.126413508772188,0.1587089466441478,-0.7965115479950124,0.4257347661145272,0.550870274208721,ENSG00000263266,False,down
ENSG00000243094.1,RPL32P2,4.825563200571601,-0.8115972313881039,1.0274750320893542,-0.7898948451698469,0.42958918209369856,0.5547676860862345,ENSG00000243094,False,down
ENSG00000214914.3,RPL23AP3,6.141363349508374,-0.6870594801974709,0.8846709617670242,-0.7766271414912861,0.4373787836302452,0.5623864229395353,ENSG00000214914,False,down
ENSG00000235045.2,RPL7P8,4.206271314186924,-0.7886814608902891,1.0332711614484071,-0.7632860475702624,0.44529282119248426,0.5704572412433406,ENSG00000235045,False,down
ENSG00000229503.1,RPL21P37,3.733886428294705,-0.8724034455833252,1.1434494247850775,-0.7629576146293501,0.44548867409121273,0.5706382097022789,ENSG00000229503,False,down
ENSG00000086232.13,EIF2AK1,5247.658369108494,0.05327422324066533,0.069970322255582,0.7613831339245445,0.4464282583974185,0.5715965929725889,ENSG00000086232,False,up
ENSG00000213782.7,DDX47,48.584359461315266,0.2460592978977129,0.3253406146528045,0.7563128819938492,0.44946162638806997,0.5742144195348932,ENSG00000213782,False,up
ENSG00000241030.1,RPL29P24,3.09010801212149,-0.9701254678061283,1.3079625163830129,-0.7417073927232061,0.4582646397298038,0.58256332227024,ENSG00000241030,False,down
ENSG00000229659.1,RPL26P6,14.500535536805396,0.4379717957906324,0.5919548769892514,0.7398736167496512,0.4593766845630989,0.5836713849201498,ENSG00000229659,False,up
ENSG00000227939.1,RPL3P2,92.67926355753157,-0.20049462161044554,0.2722649077042623,-0.7363953852922736,0.46149011221669123,0.5858937442158345,ENSG00000227939,False,down
ENSG00000213309.3,RPL9P18,3.6585580979106904,-0.9022493886123737,1.227748457193829,-0.7348813051450102,0.46241178483806666,0.5867075786747965,ENSG00000213309,False,down
ENSG00000235552.4,RPL6P27,520.776279694174,-0.08910741728512402,0.12164739398871896,-0.7325057641052914,0.463859925823943,0.5880453343808957,ENSG00000235552,False,down
ENSG00000131469.15,RPL27,25496.658071634058,-0.053770759154663735,0.07410011921119408,-0.7256501032260249,0.46805329759949676,0.5921405288723195,ENSG00000131469,False,down
ENSG00000220842.6,RPL21P16,229.31697527539495,-0.11019812345486693,0.15255983410939464,-0.7223272370357208,0.470093310949643,0.5939221007364782,ENSG00000220842,False,down
ENSG00000114391.13,RPL24,27319.643716917864,-0.05282135653797215,0.0731602939543583,-0.7219948647407736,0.4702976347647686,0.5940452149351853,ENSG00000114391,False,down
ENSG00000234851.4,RPL23AP42,77.1708905244779,-0.18718852874834344,0.26199892821445475,-0.7144629561046275,0.47494095463515296,0.5986498080983363,ENSG00000234851,False,down
ENSG00000240509.1,RPL34P18,22.615944998424496,-0.3396395913067609,0.4762485821584225,-0.7131561206281575,0.4757491553287714,0.5990851609024994,ENSG00000240509,False,down
ENSG00000240003.2,RPL7P24,3.3457631818022633,0.9826477606573312,1.3804399944040275,0.711836635160347,0.47656594384710127,0.5999330175267958,ENSG00000240003,False,up
ENSG00000226318.1,RPS3AP38,20.258825195258822,-0.3406251182806056,0.47884839658126815,-0.7113422968782901,0.47687214704364833,0.6002823402031859,ENSG00000226318,False,down
ENSG00000243175.1,RPSAP36,5.291179906854404,-0.6815257557879142,0.9589514807245081,-0.7106988929961369,0.4772708458036228,0.6006395558855367,ENSG00000243175,False,down
ENSG00000234118.1,RPL13AP6,19.128492607085775,0.36658388399134356,0.5171955956422191,0.7087915811350715,0.4784538229536336,0.6016936731634182,ENSG00000234118,False,up
ENSG00000224321.1,RPL12P14,5.040993362827213,0.7113424498355981,1.0270035307279577,0.6926387578544998,0.48853628103274094,0.6116138386292881,ENSG00000224321,False,up
ENSG00000234093.3,RPS15AP11,4.634187659508587,-0.6671219688248058,0.9688901326440095,-0.6885424325710625,0.4911112587897458,0.6140208278622147,ENSG00000234093,False,down
ENSG00000278053.5,DDX52,1899.0492571518962,-0.05279884597478365,0.07702899069712822,-0.6854412279966702,0.4930655355017868,0.6158253209345101,ENSG00000278053,False,down
ENSG00000268785.1,RPL7P50,3.9850077232318575,0.7377025203887726,1.076277125595124,0.6854206066870208,0.4930785442993765,0.6158253209345101,ENSG00000268785,False,up
ENSG00000185088.14,RPS27L,3961.143329200387,0.05551959855529895,0.08137561456470509,0.6822633396046803,0.49507244986303145,0.6174303308976039,ENSG00000185088,False,up
ENSG00000213013.4,RPS15AP36,12.298318153027251,-0.42558370486625613,0.6290974189274123,-0.6764988888237063,0.4987239512942917,0.6207529687559319,ENSG00000213013,False,down
ENSG00000241680.1,RPL31P49,8.98966237467931,-0.47083372231317666,0.7010304817722015,-0.6716308841848236,0.5018187117348099,0.6235377109972027,ENSG00000241680,False,down
ENSG00000240395.1,RPL5P23,16.05612205524288,-0.3770449018217739,0.5617048810201848,-0.6712508909250957,0.5020607136708561,0.6236160228152171,ENSG00000240395,False,down
ENSG00000272721.5,EIF2B5-DT,6.752862095706797,-0.6160202798394047,0.9228214340465815,-0.6675400647535347,0.5044272270345954,0.6257375902441851,ENSG00000272721,False,down
ENSG00000101452.15,DHX35,665.4362200477291,0.06804389909394658,0.1021863861121743,0.6658802770385863,0.5054876279611732,0.6267926660828166,ENSG00000101452,False,up
ENSG00000244582.2,RPL21P120,6.639050399190386,-0.6437065860461154,0.9774537012050789,-0.6585545537885888,0.5101818543536678,0.631198394663179,ENSG00000244582,False,down
ENSG00000241511.1,RPS15AP24,6.144737652600635,0.6078465865178981,0.928143578126132,0.6549057719551377,0.5125284237872534,0.633381759632105,ENSG00000241511,False,up
ENSG00000235828.5,RPL36AP26,12.066898132437935,-0.400471418532872,0.6150293629141778,-0.6511419497685909,0.5149548590431852,0.6355913498144309,ENSG00000235828,False,down
ENSG00000228071.4,RPL7P47,4.469822225828626,0.7469644768229385,1.1534086636138712,0.6476147616947338,0.5172341472334958,0.6376925569965353,ENSG00000228071,False,up
ENSG00000225031.1,EIF4BP7,79.26703168828885,-0.17632621097709064,0.2723396618214054,-0.6474496215417996,0.5173409895641226,0.6376925569965353,ENSG00000225031,False,down
ENSG00000213399.3,RPS2P17,9.207419444706945,-0.46835838676641806,0.7306408171030875,-0.641024119927229,0.5215070121666028,0.6412632620737836,ENSG00000213399,False,down
ENSG00000226855.1,RPSAP17,14.054833593535873,-0.37365522366008286,0.5874002357513474,-0.6361169112949675,0.5247002237455516,0.6439698765776977,ENSG00000226855,False,down
ENSG00000233416.1,RPS25P3,3.439709864776342,-0.764220638986668,1.2064264841537244,-0.633458108740665,0.5264345287059438,0.6456056935018748,ENSG00000233416,False,down
ENSG00000235354.1,RPS29P16,10.029934461193553,-0.46160394583130404,0.7466641613862048,-0.618221644620417,0.5364292441498556,0.6541894092870674,ENSG00000235354,False,down
ENSG00000233971.1,RPS20P10,9.479538253812104,0.4204304418783625,0.6993582354758411,0.6011660699073672,0.5477293811042246,0.6644325427274527,ENSG00000233971,False,up
ENSG00000198755.11,RPL10A,33766.94606022686,-0.044653172893058465,0.07435752474539753,-0.6005198941997102,0.5481598064740075,0.6648775188063125,ENSG00000198755,False,down
ENSG00000261336.1,EIF4BP5,5.809030352247113,-0.5340169277631049,0.8930763047297269,-0.5979521849756336,0.5498718380211746,0.666258296375952,ENSG00000261336,False,down
ENSG00000241061.3,RPL5P1,32.958027260046386,-0.23476603697752688,0.39320109750689974,-0.5970635343239531,0.5504649629180931,0.6666678551017062,ENSG00000241061,False,down
ENSG00000143947.15,RPS27A,34167.04038337294,-0.04346424085655098,0.07337158414256695,-0.592385204224246,0.5535926718009433,0.6691378582718849,ENSG00000143947,False,down
ENSG00000243007.1,RPL12P35,4.123350120297186,0.667697593802735,1.1292765787151848,0.5912613494228283,0.5543453223633501,0.6699314011982309,ENSG00000243007,False,up
ENSG00000130811.12,EIF3G,8812.930711070521,-0.040608257296041034,0.07000785623591078,-0.580052860913214,0.5618789710641048,0.6764160871280764,ENSG00000130811,False,down
ENSG00000124614.16,RPS10,108.08546568453495,0.132606210145469,0.23017921770452196,0.5760998384992942,0.5645477006140796,0.6787689342671926,ENSG00000124614,False,up
ENSG00000243056.2,EIF4EBP3,35.67984343534213,0.2516327937548652,0.43969102537905247,0.5722945869498599,0.56712241632052,0.6808856162405553,ENSG00000243056,False,up
ENSG00000229133.1,RPS7P4,5.07791911880624,-0.5417124974508885,0.9567543359451799,-0.5661981107362627,0.5712591141013503,0.6844855451794095,ENSG00000229133,False,down
ENSG00000237506.3,RPSAP15,40.580311704622964,-0.19210572357819183,0.3430555581289394,-0.559984291249955,0.5754901525512773,0.68789005884717,ENSG00000237506,False,down
ENSG00000101278.6,RPS10P5,3.7542264156029757,-0.6486925937290983,1.1653447031525759,-0.5566529731282147,0.5777645531386153,0.6898592579768057,ENSG00000101278,False,down
ENSG00000225918.1,RPL7P59,4.891408132161669,-0.5465475278793316,0.9883474708149896,-0.5529912748485605,0.5802693847634808,0.692039695802653,ENSG00000225918,False,down
ENSG00000256393.1,RPL41P5,501.27663135512586,-0.07837331898730995,0.14631741433177156,-0.5356390375352051,0.5922080435693093,0.7026105986527429,ENSG00000256393,False,down
ENSG00000236762.1,RPL19P16,2.9415608643345124,0.7476209115723342,1.4127741681440615,0.5291864251414446,0.596676132643897,0.7065083387547184,ENSG00000236762,False,up
ENSG00000225573.4,RPL35P5,12.31305154098804,0.32192989924257515,0.6195258532700155,0.5196391684759353,0.6033150928531843,0.7119901400614548,ENSG00000225573,False,up
ENSG00000178429.9,RPS3AP5,36.922183590148,0.17915554725146055,0.35960482893076723,0.4982011720592116,0.6183422564360919,0.7246924101946931,ENSG00000178429,False,up
ENSG00000083845.9,RPS5,31693.711465350574,-0.039314544686261055,0.07939063670408782,-0.4952037962965065,0.6204562711477107,0.72656081347233,ENSG00000083845,False,down
ENSG00000242083.2,RPL7AP31,4.401982010361022,-0.5120017383807406,1.0413973919059858,-0.49164876190410367,0.6229676658072938,0.7288467189751684,ENSG00000242083,False,down
ENSG00000228501.2,RPL15P18,10.532678054635225,-0.3330776317803641,0.6868268984707042,-0.4849513502193903,0.6277108557245585,0.7332470888851551,ENSG00000228501,False,down
ENSG00000233254.1,RPL21P134,7.451396753169814,-0.4028021380271308,0.8369135416527679,-0.4812948028438663,0.6303069902789218,0.7355153712310865,ENSG00000233254,False,down
ENSG00000235472.1,EIF4A1P7,5.518148313740407,-0.4452623310632436,0.9517481133847351,-0.46783631593420405,0.6399016481222195,0.7437473650771735,ENSG00000235472,False,down
ENSG00000214612.3,RPS19P1,4.106006521757287,0.5078847542393167,1.0915765107969138,0.46527636790986965,0.6417335559981697,0.7452964680683148,ENSG00000214612,False,up
ENSG00000230580.1,RPL19P5,7.4606664125145405,-0.44288800811918355,0.9778179828297455,-0.4529350205213987,0.6505955324962089,0.752786705909107,ENSG00000230580,False,down
ENSG00000244073.1,RPS4XP6,14.612575572688888,-0.25869654003077497,0.5719015545900663,-0.45234453019839443,0.651020800896797,0.7531953992002457,ENSG00000244073,False,down
ENSG00000224993.3,RPL29P12,4.552336311028092,-0.46116673666804564,1.0443710824461316,-0.44157363643954833,0.6587977649833615,0.7591680120572238,ENSG00000224993,False,down
ENSG00000262154.1,EIF1P4,5.48852820310216,0.4206324975314908,0.9623883250606873,0.4370714882736822,0.6620595038960558,0.7619519313123978,ENSG00000262154,False,up
ENSG00000230734.1,RPL10P3,5.843286243744547,-0.3867968965711718,0.8892316140409838,-0.4349787956969158,0.6635778187762278,0.7629753850995381,ENSG00000230734,False,down
ENSG00000240970.1,RPL23AP64,19.62724110630977,-0.22324116421588044,0.5224856133145765,-0.4272675812060534,0.6691844426038778,0.7675410082337558,ENSG00000240970,False,down
ENSG00000226221.1,RPL26P19,85.10923419561625,-0.1025405933187012,0.24017735135686374,-0.426936981107527,0.6694252289350906,0.7676712284480375,ENSG00000226221,False,down
ENSG00000229994.1,RPL5P4,14.16716985374938,0.2558317541231401,0.6046005486438614,0.42314178294574656,0.6721918190142521,0.7700609440688231,ENSG00000229994,False,up
ENSG00000231414.1,RPL39P15,46.956788053076025,0.14578489971694578,0.36118379239186144,0.403630790716042,0.686484240005187,0.7814668947208516,ENSG00000231414,False,up
ENSG00000118197.14,DDX59,510.84585616229924,-0.05201496955195443,0.13060162954644408,-0.39827197970341593,0.6904297126709398,0.7846936573890302,ENSG00000118197,False,down
ENSG00000219747.1,RPL32P16,23.919972126543726,0.17914208446213797,0.4554682872656732,0.3933140670178975,0.6940875297666849,0.7872073942007439,ENSG00000219747,False,up
ENSG00000234335.1,RPS4XP11,17.054741462056082,-0.23905629782884144,0.6076703142992569,-0.393398018964465,0.694025532597276,0.7872073942007439,ENSG00000234335,False,down
ENSG00000242060.1,RPS3AP49,15.724700890723426,0.21202706506448502,0.5528265669054598,0.38353269860264194,0.7013248303857609,0.792235203114752,ENSG00000242060,False,up
ENSG00000233873.1,RPL7P44,3.6621625886524036,-0.4434984123312613,1.1751239407987,-0.3774056479777167,0.7058721702191262,0.7956523206233381,ENSG00000233873,False,down
ENSG00000225071.1,RPS26P58,5.942083394516338,0.3727230358740046,1.0345015475379868,0.36029239082440156,0.7186284890143586,0.805989656187456,ENSG00000225071,False,up
ENSG00000236312.3,RPL34P34,7.124561304149576,0.3091112814038673,0.8599945083670738,0.3594340177715745,0.7192704301793817,0.8065798215593066,ENSG00000236312,False,up
ENSG00000185834.10,RPL12P4,73.79679875940916,-0.08866164556976275,0.25227379164600794,-0.35145008520811105,0.7252507131926349,0.8110238785774391,ENSG00000185834,False,down
ENSG00000230076.1,RPL10P6,60.32461771914469,-0.11271849221526363,0.3260891639699613,-0.3456677027932368,0.7295924591104261,0.8140068283788329,ENSG00000230076,False,down
ENSG00000226243.1,RPL37AP1,36.64962162756079,-0.11858139651845287,0.3588027821946817,-0.3304918534720619,0.7410283471442138,0.8229012336872906,ENSG00000226243,False,down
ENSG00000236264.5,RPL26P30,3.06552463209511,0.4134640472984364,1.2589345910515073,0.32842377216206,0.7425912713185072,0.8239912966973758,ENSG00000236264,False,up
ENSG00000231084.2,RPL22P24,15.138471347511043,-0.1739387495103509,0.5459132380109203,-0.31861976848942336,0.7500148610681394,0.8285674638284993,ENSG00000231084,False,down
ENSG00000261777.6,DDX19A-DT,5.351452226794483,-0.33124806357896225,1.0396132675314893,-0.31862623720212274,0.7500099552324057,0.8285674638284993,ENSG00000261777,False,down
ENSG00000213152.5,RPL7AP60,4.225321402978501,-0.3740896495273743,1.1838686761741612,-0.3159891439448316,0.7520107481748035,0.8301144042104884,ENSG00000213152,False,down
ENSG00000224839.1,RPL12P17,8.691467292526646,-0.2529297877020783,0.8007129707663706,-0.31588071748106766,0.7520930483631788,0.830126466055096,ENSG00000224839,False,down
ENSG00000234040.3,RPL10P12,8.23335561923102,-0.25200362891910094,0.7978077402634255,-0.3158701228392353,0.7521010902874569,0.830126466055096,ENSG00000234040,False,down
ENSG00000128829.12,EIF2AK4,2091.2033250315058,0.026895018927612303,0.08535591128593205,0.31509263415297883,0.7526913209813618,0.8306463659436417,ENSG00000128829,False,up
ENSG00000213228.5,RPL12P38,5.942800157906338,-0.2901997895754508,0.9264723812105544,-0.31323091271891745,0.7541052343081781,0.8316349535859207,ENSG00000213228,False,down
ENSG00000236801.1,RPL24P8,25.22902410244564,-0.1318591993971964,0.42938080937032785,-0.3070915060003808,0.7587737227813562,0.8350225534803934,ENSG00000236801,False,down
ENSG00000237668.1,RPS15AP38,3.6934953510104336,0.32968591404752695,1.0780691592289693,0.30581146972362794,0.7597481950153891,0.8357869798459128,ENSG00000237668,False,up
ENSG00000232485.3,RPL37A-DT,12.970139221950987,-0.1827125210031895,0.597647655935217,-0.30571946394949956,0.7598182523325807,0.8358200675224905,ENSG00000232485,False,down
ENSG00000213433.5,RPLP1P6,10.875967006007334,0.21562239553578638,0.7270155432951385,0.29658567485159326,0.7667828488547093,0.841135598601981,ENSG00000213433,False,up
ENSG00000220744.1,RPL5P18,3.3548813579549015,-0.3345213069386694,1.1302995807473861,-0.2959580916746642,0.7672620863709604,0.8413720513105035,ENSG00000220744,False,down
ENSG00000244585.1,RPL12P33,4.16185980413186,-0.315959982145622,1.071700291495343,-0.29482121508501513,0.7681304590897935,0.8419512073470993,ENSG00000244585,False,down
ENSG00000240522.1,RPL7AP10,16.28754961466963,-0.17473422560157872,0.5945416951676888,-0.2938973448317959,0.76883634707605,0.8423274642056336,ENSG00000240522,False,down
ENSG00000226086.5,EIF3LP3,3.103480743204276,0.36001897526334176,1.2310027115709714,0.29245993682978616,0.7699349872438623,0.8430892962141309,ENSG00000226086,False,up
ENSG00000232385.2,RPS3AP25,12.994993853575451,-0.17211256615136003,0.5986736745731268,-0.28748978527255553,0.7737373221562776,0.8456848744113846,ENSG00000232385,False,down
ENSG00000226279.2,RPL12P10,3.0040745764152383,-0.36766484051109266,1.331451508781633,-0.2761383633471793,0.7824417960524479,0.851432864265692,ENSG00000226279,False,down
ENSG00000233609.3,RPL10P19,2.956208178864422,0.3908666462926828,1.447173542630593,0.2700896850160671,0.7870912574854677,0.8548015495579838,ENSG00000233609,False,up
ENSG00000243859.3,RPL5P17,7.088145180283316,-0.20682001262133412,0.8175879637081763,-0.2529636220221496,0.8002963245170267,0.8648743840968188,ENSG00000243859,False,down
ENSG00000224631.4,RPS27AP16,300.7387871191584,-0.034469728461601366,0.1365879506152704,-0.25236287905580224,0.8007605899491331,0.8650630887493064,ENSG00000224631,False,down
ENSG00000227791.3,RPS10P9,3.5877067521820916,0.3433902902255744,1.3655041921938753,0.25147509043811095,0.8014468184752328,0.8655360671062722,ENSG00000227791,False,up
ENSG00000242607.1,RPS3AP34,3.285697355196349,-0.34637252211577807,1.404068625361755,-0.24669201765443338,0.8051465846681518,0.8687239109760725,ENSG00000242607,False,down
ENSG00000184612.8,RPL7P26,35.98879532567586,-0.10159512755663815,0.42129893874813346,-0.24114736167748835,0.8094409063544337,0.8719622604341624,ENSG00000184612,False,down
ENSG00000242276.2,RPL5P3,3.9411511999924986,0.26942027434038024,1.1193814570199963,0.24068674056619413,0.8097979164095366,0.8722247077531715,ENSG00000242276,False,up
ENSG00000224094.1,RPS24P8,29.605964925645665,0.09825360964102024,0.4157865342290374,0.2363078203655747,0.8131938189914341,0.8747553008285098,ENSG00000224094,False,up
ENSG00000214016.3,RPSAP61,5.33329562017083,-0.2532831383609326,1.0859420031548168,-0.23323818180446917,0.8155764585169767,0.8762138716198381,ENSG00000214016,False,down
ENSG00000238103.4,RPL9P7,29.284953945544846,0.0899362409169022,0.4097986558034352,0.2194644605179993,0.8262882614292241,0.8833290240048762,ENSG00000238103,False,up
ENSG00000161016.18,RPL8,106143.4251523731,0.0153814525028403,0.07070488776694314,0.217544401647882,0.8277841079107228,0.8845662727449177,ENSG00000161016,False,up
ENSG00000198563.14,DDX39B,8170.756957240483,0.015465599680917735,0.07167751462988517,0.2157664054170416,0.8291698360822323,0.8854586807547197,ENSG00000198563,False,up
ENSG00000240087.3,RPSAP12,18.73521211476,0.10763214922932093,0.5096169024096988,0.21120207889571074,0.8327295886189385,0.888125892855385,ENSG00000240087,False,up
ENSG00000232573.1,RPL3P4,211.5667730188038,0.038102415043360455,0.18599928013407924,0.20485248661120617,0.8376873780821685,0.8916849453251434,ENSG00000232573,False,up
ENSG00000188873.4,RPL10AP2,12.078395488476467,0.13236496966302091,0.6625103085222794,0.19979307183651113,0.8416424199625374,0.8946195053760833,ENSG00000188873,False,up
ENSG00000213757.3,RPS3AP20,17.702912828240166,-0.10705686353932956,0.5557457998468016,-0.19263638801920074,0.8472437451198832,0.8986543752144232,ENSG00000213757,False,down
ENSG00000213885.4,RPL13AP7,29.201394381692143,-0.08180619740799994,0.4382828077016023,-0.18665162303992625,0.8519337886044048,0.9017030951766919,ENSG00000213885,False,down
ENSG00000219932.6,RPL12P8,6.062079342086975,-0.1605738037650855,0.8639316750642976,-0.18586400799939984,0.8525514077997184,0.9019132568571274,ENSG00000219932,False,down
ENSG00000220848.5,RPS18P9,57.71809358381938,-0.05176948476845742,0.31778796483505467,-0.1629057437569354,0.8705926483800209,0.9145575552501239,ENSG00000220848,False,down
ENSG00000236992.2,RPL12P12,9.030872727752365,0.11610748806485062,0.7255075082269173,0.1600362322212324,0.8728525328486445,0.9160076108127545,ENSG00000236992,False,up
ENSG00000233837.1,EIF3LP2,5.336088892315435,0.14438191705000158,0.9148654342577228,0.15781765453533178,0.8746004866882138,0.9172763988564031,ENSG00000233837,False,up
ENSG00000241741.1,RPL7AP30,32.985576436162,-0.058189549491218115,0.3787258590453626,-0.15364556737132742,0.877889205933688,0.919819161993168,ENSG00000241741,False,down
ENSG00000232134.1,RPS15AP12,10.36783929142716,0.10019240164792968,0.6775882334115144,0.14786620650639398,0.8824483582838416,0.922977055147188,ENSG00000232134,False,up
ENSG00000230777.1,RPS29P5,10.675208663673539,-0.09635467553703167,0.6692134404066077,-0.1439819790207553,0.8855147000082308,0.9250918750335455,ENSG00000230777,False,down
ENSG00000220793.5,RPL21P119,8.977683807277776,0.09248292048285969,0.695858074635048,0.1329048607093675,0.8942686227197016,0.9312444720429455,ENSG00000220793,False,up
ENSG00000267119.1,RPL10P15,4.598801890772468,-0.12981969473543364,1.0115482972716965,-0.12833761381990122,0.8978817996860071,0.9338864131460529,ENSG00000267119,False,down
ENSG00000214203.4,RPS4XP1,3.861842689709704,0.1312282256897357,1.0614760986004108,0.1236280551797296,0.9016097780651958,0.9365524207607565,ENSG00000214203,False,up
ENSG00000244363.3,RPL7P23,58.90132428575199,-0.03665581598409441,0.2977801393850042,-0.12309691324545183,0.9020303555649476,0.9368496504267869,ENSG00000244363,False,down
ENSG00000214541.3,RPS4XP3,33.72138982359498,0.04747383611081431,0.39498008834498594,0.12019298570147013,0.9043302740949134,0.9385855488372268,ENSG00000214541,False,up
ENSG00000233084.2,RPL23AP25,5.5170366282354015,0.11313421717918962,0.9555393852663306,0.11839827737467518,0.9057520906353682,0.9394549120273371,ENSG00000233084,False,up
ENSG00000239912.1,RPL39P36,13.120790553270963,0.07860317725813425,0.6693080942815284,0.11743945416125763,0.9065118204730158,0.9398698729819911,ENSG00000239912,False,up
ENSG00000213621.3,RPSAP54,15.52135468240173,-0.06779089944379212,0.584899132472606,-0.11590186355245984,0.9077303187504233,0.9406200765202651,ENSG00000213621,False,down
ENSG00000234006.1,DDX39B-AS1,3.383431452580862,0.1414076457573359,1.2958183149056015,0.10912613607227586,0.9131024450908672,0.9446417120481825,ENSG00000234006,False,up
ENSG00000226360.5,RPL10AP6,108.2632797924713,-0.02292949522759711,0.2140299110884099,-0.10713219993875325,0.9146841023046587,0.9454856878038492,ENSG00000226360,False,down
ENSG00000228929.1,RPS13P2,35.59684128678126,0.039267934020817914,0.37302720179106946,0.10526828561637087,0.9161629275349574,0.9465432252555385,ENSG00000228929,False,up
ENSG00000231006.1,RPL7P32,8.249528709733262,-0.0702212741364551,0.7376449025627713,-0.0951965829255893,0.9241586840926954,0.9519158052856438,ENSG00000231006,False,down
ENSG00000237294.1,EIF4BP9,3.1365720071726244,-0.10910254565368,1.2104567149538281,-0.09013337222706194,0.9281812299370346,0.9543772637053018,ENSG00000237294,False,down
ENSG00000108406.10,DHX40,970.5429694542573,0.008732559920455669,0.10168876691910057,0.08587536445793406,0.9315654954650956,0.9565945404093172,ENSG00000108406,False,up
ENSG00000242571.1,RPL21P11,10.568075795920876,0.06490290804721735,0.7579374784741951,0.08563095227573847,0.9317597924646972,0.9566737392548914,ENSG00000242571,False,up
ENSG00000226544.4,RPL7P22,4.1086692989640285,-0.08538206550183708,1.0543105606204557,-0.08098379044177478,0.9354548435124668,0.9592727642613641,ENSG00000226544,False,down
ENSG00000181524.6,RPL24P4,84.10371933434918,0.01961183293549575,0.2474365844674621,0.07926003738575976,0.9368257918078651,0.9602510297869791,ENSG00000181524,False,up
ENSG00000055332.19,EIF2AK2,2049.348268666496,-0.010308411819425937,0.13219331873960943,-0.07797982468184453,0.9378441016870263,0.9609178979547623,ENSG00000055332,False,down
ENSG00000080007.8,DDX43,3.561508192839393,0.08551738642056331,1.2294348976388136,0.06955828778311353,0.9445452380113009,0.96555976460145,ENSG00000080007,False,up
ENSG00000243422.2,RPL23AP49,14.312256577268633,0.03907635106371148,0.5816420264353841,0.0671828191356674,0.9464361625630975,0.9664531047987162,ENSG00000243422,False,up
ENSG00000213326.4,RPS7P11,56.27920083804498,-0.01884307823178712,0.3091558046134845,-0.06095010331552817,0.9513989469107942,0.9695318734641513,ENSG00000213326,False,down
ENSG00000243964.1,RPL23AP65,39.8564345176483,-0.019925578861626537,0.3425188132114229,-0.058173677161865237,0.95361028778588,0.9705955112395205,ENSG00000243964,False,down
ENSG00000224401.2,RPL7P57,3.930088288747053,0.05130079914262386,1.0991684143353475,0.04667237383603746,0.9627743488282603,0.9763648089548199,ENSG00000224401,False,up
ENSG00000243824.1,RPL12P6,16.902015971798164,-0.02444730372048831,0.5262641453235622,-0.04645443535861143,0.9629480501668197,0.9763988717037313,ENSG00000243824,False,down
ENSG00000180574.3,EIF2S3B,17.930286759123202,-0.02263294040205405,0.5065509311565557,-0.04468048326429602,0.9643619902590991,0.9772637793677522,ENSG00000180574,False,down
ENSG00000240616.1,RPS6P25,21.213528671699354,-0.019486706330599776,0.49662834367446457,-0.039238006808916925,0.9687006319048276,0.980662215418252,ENSG00000240616,False,down
ENSG00000168028.14,RPSA,39802.973385201454,-0.0023921419367428603,0.06768872618476171,-0.035340330237761015,0.9718083645236221,0.9827820678232579,ENSG00000168028,False,down
ENSG00000214535.3,RPS15AP1,26.934913377531576,-0.014715782023181481,0.430914240786101,-0.03415014086407546,0.9727574251525113,0.983483254194719,ENSG00000214535,False,down
ENSG00000223803.1,RPS20P14,40.01685912603503,-0.01006447988303956,0.35431170539265927,-0.028405722221019454,0.9773385603718615,0.9865404829865355,ENSG00000223803,False,down
ENSG00000243806.1,RPL7P18,3.9568243138211145,-0.03382924822971455,1.2099936219681846,-0.027958203758700517,0.9776954866729503,0.9867102024805552,ENSG00000243806,False,down
ENSG00000241431.1,RPL37P6,2.8532040030644352,-0.03661628608903608,1.3250354957862365,-0.027634192597466283,0.9779539103228553,0.9868423730918536,ENSG00000241431,False,down
ENSG00000230508.1,RPL19P21,3.128686869624232,0.031017231568719206,1.2018544079368654,0.02580781113243508,0.9794106315425328,0.9875830156286206,ENSG00000230508,False,up
ENSG00000213700.3,RPL17P50,27.320763452731168,0.010014186682879555,0.42090512129423546,0.02379202859800581,0.9810184985084622,0.9879177615519226,ENSG00000213700,False,up
ENSG00000230897.1,RPS18P12,31.297390629335272,-0.005080392371766823,0.4446891834433631,-0.0114245917393983,0.9908846929283722,0.9944045406279065,ENSG00000230897,False,down
ENSG00000206147.5,RPL23AP57,12.494554263723707,-0.0016726209673944184,0.6253507006795119,-0.0026746927213432926,0.9978659065172928,0.9987736219490844,ENSG00000206147,False,down
ENSG00000226457.1,RPL22P3,2.2968105376368464,-0.8622468743574431,1.4415971613098124,-0.598119153879312,0.5497604307155768,,ENSG00000226457,False,down
ENSG00000232341.2,RPL4P2,2.004949671933883,-1.1664126577614122,1.6722307224743318,-0.6975189739580425,0.48547806936772775,,ENSG00000232341,False,down
ENSG00000230364.1,RPL4P3,2.47884626474653,-0.6040090579949604,1.3252545249157517,-0.45576834233662256,0.6485565712883834,,ENSG00000230364,False,down
ENSG00000231940.1,RPS7P3,2.0064736926099314,1.4669252010435374,1.7135487026718934,0.8560744137334398,0.39195662016976096,,ENSG00000231940,False,up
ENSG00000235369.1,RPL36AP15,2.3194351117271306,0.5373128471487938,1.4968629368840405,0.3589592833845538,0.7196255491936304,,ENSG00000235369,False,up
ENSG00000232228.1,RPL36AP16,1.8790217011533772,-0.8339240230836885,1.5416317054466735,-0.5409359577500819,0.58855172545235,,ENSG00000232228,False,down
ENSG00000237916.1,RPL37P12,1.9046005154164511,-2.3250357368305252,1.726992461072694,-1.3462917697894095,0.17820843903824068,,ENSG00000237916,False,down
ENSG00000224442.1,RPL4P7,2.054992238244625,-1.6393141945841492,1.57663718396702,-1.039753604224547,0.29845438933036883,,ENSG00000224442,False,down
ENSG00000235225.1,RPL31P17,2.747276234799625,-0.017968385837918734,1.3928810070800304,-0.01290015855380698,0.9897074481297435,,ENSG00000235225,False,down
ENSG00000271153.1,RPL23AP88,1.5512357052593606,-1.272663146659601,1.8576969901531983,-0.6850757434637651,0.4932961259092793,,ENSG00000271153,False,down
ENSG00000213872.3,RPL32P11,2.149279206057571,-1.7752990002024445,1.5516586454347052,-1.1441298673685314,0.25256978281795195,,ENSG00000213872,False,down
ENSG00000237433.1,RPSAP11,1.6108133689009747,0.02144997289410578,1.809702338943163,0.0118527629834596,0.9905430848436612,,ENSG00000237433,False,up
ENSG00000227337.1,RPL23AP43,2.476453014017347,0.1435769403766548,1.3266428614610843,0.1082257663667883,0.9138166063897608,,ENSG00000227337,False,up
ENSG00000242052.1,RPL10P7,1.8615542482465806,1.2396580762658733,1.8621884077387252,0.6656995989848327,0.5056031298940589,,ENSG00000242052,False,up
ENSG00000239483.1,RPS15AP16,2.530581922906381,-0.12708689998439746,1.3914521133726472,-0.091334009099573,0.9272271955570122,,ENSG00000239483,False,down
ENSG00000242285.1,RPL6P8,1.836359502386293,-3.273893588704428,1.9881001754167327,-1.6467447813680594,0.09961051548213139,,ENSG00000242285,False,down
ENSG00000228766.3,RPL7L1P8,2.6695516523724763,0.6605160601728477,1.5103084769800958,0.437338510801163,0.6618658703245068,,ENSG00000228766,False,up
ENSG00000243417.1,RPS3AP18,1.814867030701512,-1.314349690437706,1.667253966714715,-0.7883320218020543,0.4305025218280377,,ENSG00000243417,False,down
ENSG00000240785.2,RPL36AP21,2.013405111367552,-1.1560579345081505,1.6013883584256083,-0.7219097906048969,0.4703499414469161,,ENSG00000240785,False,down
ENSG00000213891.3,RPL3P6,2.4040124084545345,2.491343636011492,1.636889651266509,1.5219985257307158,0.12800945009442136,,ENSG00000213891,False,up
ENSG00000218265.1,RPS4XP7,1.6285594901239546,0.621071898236259,1.6992421972091405,0.36549933803216295,0.7147387008578658,,ENSG00000218265,False,up
ENSG00000238024.1,DDX39BP2,2.567576898506677,-2.6682320211010313,1.6468807840576527,-1.6201731460652127,0.10519508824600929,,ENSG00000238024,False,down
ENSG00000229054.1,RPS29P14,1.4449133101324296,0.33526715325951406,2.0366639531116033,0.16461584285777478,0.8692463605456732,,ENSG00000229054,False,up
ENSG00000225224.1,RPS27AP12,2.5784589248697336,-0.6985083905965305,1.354977901097659,-0.5155127548801152,0.6061947589270915,,ENSG00000225224,False,down
ENSG00000244018.1,RPL35P6,1.838576594667565,0.7894364735714766,1.6096764695382575,0.4904317659547634,0.6238284028896761,,ENSG00000244018,False,up
ENSG00000188856.6,RPSAP47,2.4167707723894627,-0.9959313000633081,1.5580492393532865,-0.6392168327598544,0.5226818831888872,,ENSG00000188856,False,down
ENSG00000212994.5,RPS26P6,1.6175476067660994,1.0568449004133753,1.7223656132978113,0.6136007896661589,0.539479161599244,,ENSG00000212994,False,up
ENSG00000212829.8,RPS26P3,1.599799900849878,1.2047875776670576,1.8014765065336913,0.6687778460043579,0.5036372007953034,,ENSG00000212829,False,up
ENSG00000236862.1,RPS20P24,2.0401019222633514,-2.2341250357260214,1.8160661442762571,-1.2302002560685201,0.2186221240292523,,ENSG00000236862,False,down
ENSG00000213657.3,RPL31P44,2.380654339283972,-0.03810933848366939,1.3392973235558876,-0.028454726081649732,0.9772994767464513,,ENSG00000213657,False,down
ENSG00000243663.1,RPS4XP14,2.3952507965293344,-1.8380416699663487,1.6385059503407688,-1.1217790631667108,0.26195639034459406,,ENSG00000243663,False,down
ENSG00000227525.4,RPL7P6,2.7034871601078065,0.09644194180729522,1.4201072909869037,0.06791172921890491,0.9458559017443334,,ENSG00000227525,False,up
ENSG00000239617.1,RPL32P27,2.5005862937141092,1.9659579840866408,1.468560666354378,1.3386971537015386,0.18066928326409137,,ENSG00000239617,False,up
ENSG00000219355.2,RPL31P52,1.8055300474590883,0.24069519890820246,1.5470249395034836,0.15558585563944005,0.8763594747256236,,ENSG00000219355,False,up
ENSG00000234354.3,RPS26P47,2.5990417430263246,0.7943967283609822,1.362105242718122,0.5832124445653991,0.5597502946940912,,ENSG00000234354,False,up
ENSG00000177350.6,RPL13AP3,2.4688791183924326,-0.9798373681555381,1.434505134774752,-0.6830490490432394,0.49457584932980136,,ENSG00000177350,False,down
ENSG00000258613.1,RPL21P7,2.0877934533371225,-0.6726403925202215,1.4555036904334036,-0.4621358207068029,0.6439839238825991,,ENSG00000258613,False,down
ENSG00000259165.1,DDX18P1,2.122943202398932,0.3686715960014738,1.533651206528052,0.24038816285750464,0.8100293538822072,,ENSG00000259165,False,up
ENSG00000258501.1,EIF3LP1,1.7937353662538909,1.941444029352211,1.8222879318222458,1.065388183419956,0.28670030188352524,,ENSG00000258501,False,up
ENSG00000243904.1,RPSAP5,2.3894824665607595,-0.537145559941907,1.4219907826025195,-0.3777419421515702,0.7056223069231278,,ENSG00000243904,False,down
ENSG00000213307.4,RPL18P11,1.6080800039359684,-4.164797000758837,2.646080181449033,-1.5739496595594966,0.11549908794366216,,ENSG00000213307,False,down
ENSG00000243711.1,RPL21P116,1.6279907729319205,-0.3617361096284297,1.8176206527243257,-0.19901628488114093,0.8422500059050686,,ENSG00000243711,False,down
ENSG00000225193.5,RPS12P26,2.196464382433365,-1.6683503229851615,1.5554572329848495,-1.0725787167954952,0.28346017821466785,,ENSG00000225193,False,down
ENSG00000219274.1,RPS20P2,1.6183288199202,0.5967761918199855,1.8095798457943053,0.32978715650871643,0.7415607925956507,,ENSG00000219274,False,up
ENSG00000243988.1,RPS24P17,2.4424634770804756,0.06854520295612236,1.4504446582944126,0.04725806156349675,0.9623075527371844,,ENSG00000243988,False,up
ENSG00000244378.1,RPS2P45,1.8751766047301632,1.498798030123147,1.742255918533759,0.8602628432363137,0.3896441700956189,,ENSG00000244378,False,up
ENSG00000284670.1,RPSAP56,1.6498066296927565,-0.3655412729425444,1.768837410405259,-0.20665623125801885,0.8362783418425089,,ENSG00000284670,False,down
ENSG00000228331.2,RPL17P43,2.478112769666252,-1.3507510677045336,1.4531369719565077,-0.9295414635867936,0.3526085474250029,,ENSG00000228331,False,down
ENSG00000204652.6,RPS26P8,2.5902924448567446,-0.9586129931544042,1.5549160625477179,-0.6165046565817349,0.5375614995320285,,ENSG00000204652,False,down
ENSG00000242067.1,RPL9P28,2.7392027956507436,1.063779692344824,1.3583831726956765,0.7831219597882536,0.43355549681593586,,ENSG00000242067,False,up
ENSG00000233380.1,RPS2P48,2.293893286475501,-2.011946371846684,1.67669242561371,-1.199949579965606,0.23015892277094951,,ENSG00000233380,False,down
ENSG00000241157.1,RPL32P32,2.761491670909353,-0.18399631141748,1.2782977249652747,-0.143938542503843,0.885549000059873,,ENSG00000241157,False,down
ENSG00000267938.1,EIF1P6,2.3270583101191087,0.18323736341625646,1.446344250010603,0.1266900071783831,0.8991857552219883,,ENSG00000267938,False,up
ENSG00000241464.3,RPL39P38,1.8916372428405985,3.2717362435931556,1.9963856448842425,1.6388297781929113,0.10124871560445736,,ENSG00000241464,False,up
ENSG00000241282.1,RPL34P33,1.5439374766366794,-0.028147076970188055,1.79686837228972,-0.01566451800491134,0.9875020340527102,,ENSG00000241282,False,down
ENSG00000244071.1,RPL9P33,1.7322989163005058,0.8352007099149993,1.7348884460816227,0.4814146476111265,0.630221828327006,,ENSG00000244071,False,up
ENSG00000243680.1,RPL37P23,1.8261591670687922,0.3512061881923584,1.6174526403717413,0.21713537659541002,0.8281028450454972,,ENSG00000243680,False,up
ENSG00000226948.2,RPS4XP2,2.556333242806127,1.099772834977919,1.5485005736411466,0.7102179060818244,0.4775690185899628,,ENSG00000226948,False,up
ENSG00000213950.2,RPS10P2,1.7998915744853121,-0.638850814410565,1.7649459585959648,-0.3619662184550842,0.7173772749183411,,ENSG00000213950,False,down
ENSG00000225419.1,RPL21P3,2.2493618374113957,-0.5575415374144342,1.393798390394525,-0.4000159142504232,0.6891447953301875,,ENSG00000225419,False,down
ENSG00000231307.1,RPS3P2,2.294844003952323,0.12314589574534919,1.5059956372616345,0.08177041997894927,0.9348292787167305,,ENSG00000231307,False,up
ENSG00000228820.2,RPSAP1,2.3094801085256087,3.5751206115874568,1.8783534954730863,1.9033268339551916,0.05699791151582917,,ENSG00000228820,False,up
ENSG00000226580.1,RPL39P40,1.5691466043705846,-0.5983862242106924,1.7205418152093521,-0.3477894108245675,0.7279983427515551,,ENSG00000226580,False,down
ENSG00000217026.3,RPL10P1,1.4954917574812925,-0.13287505191201882,1.8703728334400218,-0.0710420134084351,0.9433643180776307,,ENSG00000217026,False,down
ENSG00000213695.3,RPS7P14,2.192150899472771,-1.3404670653909299,1.5697811393722951,-0.8539197164306226,0.3931494742897135,,ENSG00000213695,False,down
ENSG00000183911.7,RPL21P132,2.684045756798388,2.87036301616516,1.6037790074265057,1.7897497116956722,0.07349415681405053,,ENSG00000183911,False,up
ENSG00000226107.1,RPL36AP54,1.8924694838822897,4.3419767489513665,2.433246184146615,1.7844379155881342,0.07435253466134477,,ENSG00000226107,False,up
ENSG00000231164.1,RPL7P56,1.9058792039765204,1.0067404610903101,1.6840836335120135,0.5977971883681562,0.5499752669610511,,ENSG00000231164,False,up
