gene_symbol,dataset_count,significant_dataset_count,mean_log2_fold_change,direction_consistency,log2fc_GSE278320_primary,log2fc_GSE287860,log2fc_GSE288000_NTC,padj_GSE278320_primary,padj_GSE287860,padj_GSE288000_NTC
DHX15,3,3.0,0.7979729797496007,1.0,0.7642139391541203,0.7043737216176243,0.9253312784770574,4.286859595420798e-10,3.060872444973753e-24,1.4316478895113495e-14
DHX57,3,3.0,0.5924757380984274,1.0,1.0027515035896104,0.28870445945401635,0.48597125125165536,6.084574550273562e-05,0.00619391985975722,0.007114210412990701
EIF1AD,3,3.0,1.0669494921373708,1.0,1.774602850976282,0.5694367251968758,0.8568089002389547,3.732753473093515e-09,5.829412568152023e-10,3.67071316523742e-09
EIF2B5,3,3.0,0.5793680596434438,1.0,0.6171419322872697,0.4533273532546064,0.6676348933884555,0.000763778492581,5.935723330421257e-10,5.662032377514969e-07
EIF3F,3,3.0,-0.7469156459044034,1.0,-1.2930986121678836,-0.4014448533892815,-0.5462034721560453,0.0012066318716176,1.8532739106462195e-08,1.8658024318293113e-05
EIF3L,3,3.0,-1.0755224820747133,1.0,-2.229925088818498,-0.3280123318568826,-0.6686300255487594,3.817799152690796e-11,2.535589119082258e-05,6.72279559799613e-08
EIF4B,3,3.0,-1.0504413917544,1.0,-2.0729162729545703,-0.4647667172324102,-0.6136411850762195,8.344665391484628e-13,9.472171649344344e-12,3.0868479910986597e-07
EIF4ENIF1,3,3.0,0.6476598352714767,1.0,0.4746335764623669,0.6437076988292919,0.8246382305227715,0.0221926996807789,2.1800038521800654e-12,2.0410319237929667e-08
EIF5,3,3.0,0.9859849342147037,1.0,1.4226433594061156,0.3925056974382421,1.1428057457997534,7.542177627895458e-05,3.3191876992298867e-06,1.0356499575701763e-15
EIF5A2,3,3.0,1.6924855798836884,1.0,1.555477623977144,1.6606656420169124,1.8613134736570096,1.1092476331533515e-06,0.005324312724126919,0.036913074388985674
RPL10,3,3.0,-1.0569723632299282,1.0,-2.4499401794467626,-0.2924112971708279,-0.4285656130721941,2.4227543679100055e-05,0.0002736370473150717,0.0005154629096392058
RPL11,3,3.0,-0.7592312108392124,1.0,-1.6220877706998853,-0.2980777014238055,-0.35752816039394647,0.0008897880377771,0.0005534288501542934,0.003619901572633186
RPL13,3,3.0,-0.7672706764653915,1.0,-1.6179962634549554,-0.1879569201082291,-0.49585884583299,0.0017801466233027,0.031075716387653513,0.0005199867479312339
RPL13A,3,3.0,-0.885651789785259,1.0,-1.856025140073757,-0.2633183074820366,-0.5376119217999834,0.0003273673348341,0.0008989584073410175,0.0004516538718363661
RPL13P12,3,3.0,-0.7002488162788363,1.0,-1.3095519360093832,-0.23474631466733803,-0.5564481981597875,0.0440417074391054,0.014441707458505914,0.0007011566889500479
RPL15,3,3.0,-0.8224213017998259,1.0,-1.7292620577997757,-0.27603186077182695,-0.4619699868278749,5.5970225573868234e-05,9.603980123035391e-05,0.0002178740267497018
RPL17,3,3.0,1.1864393224414325,1.0,1.9611105712888413,0.6650654246186262,0.9331419714168302,3.251993369755796e-08,5.4129436581772696e-08,4.3147968224553236e-07
RPL18,3,3.0,-0.7764611192922047,1.0,-1.5960648149559462,-0.29018561457281405,-0.4431329283478539,3.41657375880165e-06,0.0010518899229965838,0.016998553892033898
RPL22,3,3.0,-0.814724798720531,1.0,-1.9316100662101736,-0.17704439356374035,-0.335519936387679,5.765142956390664e-10,0.03486508914225846,0.026707057887825465
RPL28,3,3.0,-1.0966251239450877,1.0,-2.4088305404373793,-0.2830703496136189,-0.597974481784265,5.144703489881536e-08,0.0036382935252631545,0.0005112695063509025
RPL30,3,3.0,-0.6341395571366456,1.0,-1.0448061534562243,-0.2737310474642915,-0.5838814704894211,0.0021385322566802,0.0011121866116140802,5.3581394195651626e-05
RPL31,3,3.0,-0.8060827459582368,1.0,-1.4646685480070374,-0.3912463230613037,-0.5623333668063693,0.0008718722204491,9.113414382114707e-06,8.621859429221084e-06
RPL34,3,3.0,-0.8960265923107343,1.0,-1.8773797993492107,-0.29715831193741093,-0.5135416656455812,1.1242666650342816e-08,0.0012907984516171112,7.69664337390147e-05
RPL38,3,3.0,-0.5469196409363548,1.0,-1.1301195604630223,-0.1935733392253895,-0.3170660231206526,0.0025481608018747,0.04506651590975453,0.018213987964050837
RPL7,3,3.0,-0.9501794391204604,1.0,-2.3336055056538227,-0.24413948248493075,-0.2727933292226279,5.863667828794949e-07,0.0011179292269759195,0.039330706327194424
RPS17,3,3.0,1.367001635595746,1.0,2.6774472050696803,0.6587959762493549,0.7647617254682025,1.4421195682283926e-19,1.6601654907965646e-07,0.0006786147882416113
RPS23,3,3.0,-0.7752688980214973,1.0,-1.71333215349277,-0.18046069814764734,-0.432013842424075,0.0002903359527768,0.04976241878192038,0.0006500420997185833
RPS25,3,3.0,-0.7891537505896741,1.0,-1.880219891939944,-0.21412364032411244,-0.2731177195049659,6.248995778556065e-05,0.010889878256122837,0.03910859072227857
RPS27,3,3.0,-0.9500627049653527,1.0,-1.3077240503458296,-0.4463984932376083,-1.0960655713126202,0.0087212412701394,4.075005483898973e-08,1.669933585104271e-18
RPS28,3,3.0,-0.8338006844203601,1.0,-1.8076062173018952,-0.2560194755129792,-0.4377763604462062,8.727239013630574e-05,0.006195968297953114,0.02269180002092625
RPS3A,3,3.0,-0.6915363914317482,1.0,-1.3496427999389784,-0.20769351526579313,-0.5172728590904732,0.0136579262040246,0.011403576382911356,0.00043206202441764226
RPS4X,3,3.0,-0.9948292456419443,1.0,-2.0775528781919763,-0.2256782267436528,-0.6812566319902036,2.2068275440005685e-06,0.010460668398443755,2.5537939992766363e-08
RPS9,3,3.0,-0.8349196484715217,1.0,-1.8235420518412873,-0.25180097408081226,-0.42941591949246594,3.3529610450014077e-06,0.00028897729985787426,0.008686847286953443
DHX33,3,3.0,0.05696685642376945,0.6666666666666666,-1.260003285741127,0.5297136040491792,0.9011902509632561,8.889607176545174e-10,1.18559280384536e-07,8.210936292844133e-09
EIF1AX,3,3.0,0.5515657788806548,0.6666666666666666,-0.9334573816980656,1.1522510920697306,1.4359036262702993,0.0005084748173404,9.227763737997341e-56,7.666083318766101e-25
EIF2A,3,3.0,-0.030356075245535446,0.6666666666666666,-0.9080977062303786,0.21911425484520156,0.5979152256485707,0.0284575038918364,0.01596002524705403,0.00022899590607728068
EIF2B3,3,3.0,0.30883217780775385,0.6666666666666666,-1.868679883885288,1.0789104437097856,1.716265973598764,1.5339692201174727e-08,1.5657375897401517e-23,6.561237458726674e-23
EIF2S2,3,3.0,0.3127677622142182,0.6666666666666666,-1.2828823553277708,0.8934862721371184,1.327699369833307,0.0075123600409879,5.715850502931292e-41,5.1159672641183047e-26
EIF3B,3,3.0,0.1126597735273746,0.6666666666666666,-1.5469196224879147,0.8249236678192462,1.0599752752507923,8.07473518125793e-06,1.7692783858281191e-25,2.4808777747022736e-16
EIF3C,3,3.0,-0.09974501110319989,0.6666666666666666,-1.972701916547896,0.573586404272483,1.0998804789658134,4.35735583365579e-06,3.1421343234831235e-07,3.842828216536075e-12
EIF3I,3,3.0,-0.2961001284033718,0.6666666666666666,-2.246011246805568,0.46494508278720564,0.892765778808247,2.1701060504477152e-16,1.1025427806813862e-10,5.523894982664563e-11
EIF3J,3,3.0,0.1824690186957105,0.6666666666666666,-1.4478004696111413,0.8328319417084794,1.1623755839897933,3.785477052742728e-05,2.791866802139318e-20,1.1658847163175182e-16
EIF3M,3,3.0,-0.05949795079541065,0.6666666666666666,-0.9368553835654584,0.2282327480841521,0.5301287830950744,0.001939996099164,0.0021763559871839575,5.776871417681614e-05
EIF4A3,3,3.0,0.0023801388935698053,0.6666666666666666,-1.51805394076059,0.648011878015901,0.8771824794253984,0.0001601946077792,3.736276467948582e-19,7.284270151290287e-08
EIF4EBP1,3,3.0,-0.8289957355496796,0.6666666666666666,-4.4135379447419165,1.1312887661118693,0.795261971981008,7.918971248582481e-08,8.809510857472348e-50,0.00014232451180049222
EIF4H,3,3.0,0.05898623440468398,0.6666666666666666,-1.271945929930445,0.5515409638325836,0.8973636693119134,0.0008246471857836,1.5333788895703034e-17,9.689229138092778e-13
EIF5A,3,3.0,0.41942882738179427,0.6666666666666666,-2.1138944578124153,1.3213887470443768,2.050792192913421,1.0983961234367202e-06,2.9515051959152175e-84,1.3781304719758448e-29
EIF5AL1,3,3.0,0.070408145507447,0.6666666666666666,-3.216578442919523,1.1845535650749215,2.2432493143669423,0.0002607752038839,0.00028379720702625494,1.3603830968407846e-06
EIF5B,3,3.0,0.5131087971075732,0.6666666666666666,-0.6376778748940607,0.8249948451270954,1.352009421089685,0.0002713195852268,1.9806368049311168e-29,2.5853882633939216e-27
EIF6,3,3.0,0.2052664602271821,0.6666666666666666,-1.6275222759930423,0.9399679173902318,1.3033537392843568,3.5049627656386015e-05,6.338118532983946e-33,1.8482826965854763e-16
RPL22L1,3,3.0,0.1800308801631919,0.6666666666666666,-1.4468575996050528,0.8480286600817378,1.1389215800128907,0.0002480324200372,4.444818755432972e-24,9.953012008785824e-13
RPL26L1,3,3.0,0.023486028733959625,0.6666666666666666,-0.8981268373341973,0.29356117493648687,0.6750237485995894,0.0466305019400376,0.014786655475650811,0.0068131594964338325
RPL37,3,3.0,-0.14457190899418662,0.6666666666666666,0.5651841399334386,-0.3594222529097204,-0.6394776140062781,0.0129436173022094,1.2659566210149503e-05,2.9168061994741994e-06
RPL7L1,3,3.0,0.3308645640362207,0.6666666666666666,-0.9356132677696006,0.7704562757408516,1.1577506841374112,0.0005672228403504,4.420601025288667e-27,2.206858436662795e-20
RPS19BP1,3,3.0,0.1590234512910982,0.6666666666666666,-0.9519163617819024,0.7262881852870207,0.7026985303681764,0.0014491926028122,8.301220413737792e-20,1.56138589087409e-05
RPS26,3,3.0,-0.062068604365178436,0.6666666666666666,-2.0809172675959964,0.5839899395177868,1.3107215149826743,1.7932918239690503e-06,2.5972557074679164e-13,2.5831127600453647e-20
RPS6KA1,3,3.0,-0.13892643681774494,0.6666666666666666,-1.989047266619224,0.5908201178148759,0.9814478383511135,4.361470957115947e-08,1.2899572067337414e-13,1.3730317457665806e-14
RPS6KB1,3,3.0,0.19462313841179468,0.6666666666666666,-0.7122745665439228,0.5384850957270653,0.7576588860522416,0.002996084093487,1.6315574863728366e-10,6.523850415757856e-07
RPS6KB2,3,3.0,0.1935591151109707,0.6666666666666666,-0.6083917775766209,0.533239681114441,0.6558294417950921,0.0209520776853342,1.5819642449940245e-11,2.7233910638079356e-05
DHX29,3,2.0,0.5436783458358755,1.0,0.9748369892726652,0.15432431840163074,0.5018737298333306,1.563354929906063e-05,0.13810305628272077,0.008553390860147852
DHX30,3,2.0,0.4644328018722272,1.0,0.0536306445737988,0.5185396114266061,0.8211281496162766,0.8449365762144221,1.9182855298873422e-10,2.024233211265099e-07
DHX34,3,2.0,0.5738163727190566,1.0,1.3091297032950695,0.3265535282392487,0.08576588662285169,3.148454162173526e-05,0.0005177687154873119,0.6763580346358132
DHX36,3,2.0,0.3940525532979445,1.0,0.1743752487869281,0.43790718843465437,0.5698752226722509,0.5585215951596416,1.500738159003773e-06,0.00047224903093443985
DHX38,3,2.0,0.35562298410006327,1.0,0.0805547189859051,0.45589087041747395,0.5304233628968107,0.8295816800683581,1.6487303516414891e-09,5.204686173181348e-05
DHX9,3,2.0,0.6616067199272316,1.0,0.0716318623289401,0.747391359042762,1.1657969384099927,0.8267365971860828,3.65538045679862e-29,6.230134596767971e-20
EIF2B2,3,2.0,0.504582853817953,1.0,0.3197481205790236,0.4600389348876145,0.7339615059872208,0.4840716211018952,5.396857174182446e-07,1.0694354238626365e-05
EIF2D,3,2.0,-0.3790358103284113,1.0,-0.097266661704109,-0.40635375773129795,-0.6334870115498271,0.6689978766192021,1.1323720312401038e-05,6.1019801894771674e-05
EIF2S1,3,2.0,0.8969305180653212,1.0,0.1731592839494001,1.0367360017678517,1.480896268478712,0.6481446507346013,1.619818328602376e-28,5.049104891076468e-27
EIF3E,3,2.0,-0.6452469448402129,1.0,-1.2271808517746154,-0.39503785815820147,-0.31352212458782186,1.2294367978196812e-08,8.30204782998934e-10,0.0743036624588606
EIF3H,3,2.0,-0.6222794553810139,1.0,-1.4122132355481232,-0.23944182491422775,-0.2151833056806907,2.1458600025345077e-05,0.0010592409395922483,0.19177596990200482
EIF4BP6,3,2.0,-1.2073420119019167,1.0,-2.286235350738091,-0.36423873590892764,-0.971551949058732,0.0014185975309566,0.0884100455906007,0.007559548146497274
EIF4E3,3,2.0,-0.6000696683856468,1.0,-0.9941325690522308,-0.7148249967407868,-0.09125143936392269,0.0090807944656578,3.413278668360479e-05,0.8594354939552625
RPL12,3,2.0,-0.7358869537251077,1.0,-1.835396406785477,-0.22193233768422374,-0.15033211670562233,0.0001848998329709,0.016060106452602953,0.3005568254544548
RPL13AP5,3,2.0,-0.75948416793782,1.0,-1.4804805898364788,-0.31584565083196003,-0.48212626314502116,0.0224693271162556,0.00634620581177547,0.23345227073010735
RPL14,3,2.0,-0.6834848458938426,1.0,-1.71696336461623,-0.1875313492943803,-0.1459598237709178,5.3571110562464585e-08,0.010165715589962236,0.2952847118694255
RPL19,3,2.0,-0.8232475173726614,1.0,-1.969920552251659,-0.26847416266387275,-0.23134783720245283,1.7967041334507122e-05,0.0010477527435244632,0.091619599103815
RPL23,3,2.0,-0.8609618144955441,1.0,-2.151858986420453,-0.22944411739621612,-0.20158233966996317,6.14523781818659e-06,0.006225243371724274,0.12749499379348744
RPL23A,3,2.0,-0.5688769515348769,1.0,-1.201547400684184,-0.1537697010097653,-0.3513137529106813,0.015735151013717,0.06807168218024216,0.014469004110750283
RPL29,3,2.0,-0.6620788962330435,1.0,-1.5263625766796216,-0.15023217073707723,-0.30964194128243155,0.0065126535130157,0.06975000595286535,0.017728590170346854
RPL36A,3,2.0,0.9110957899797271,1.0,1.8518376166882875,0.40322596020555684,0.47822379304533663,6.82777821377332e-05,0.03563130558873226,0.1444864999562992
RPL4,3,2.0,-0.7269793682432697,1.0,-1.8923327544684423,-0.17827593948090112,-0.11032941078046556,2.718581734185079e-06,0.04232351112969611,0.4670280847638757
RPL41P1,3,2.0,-0.7769722499759005,1.0,-1.8535820968307304,-0.12608161952592548,-0.3512530335710455,4.329449216825903e-05,0.22564353703319429,0.03950322138923321
RPL5,3,2.0,-0.5521679908153072,1.0,-1.334228238999401,-0.24083938772823055,-0.08143634571829036,0.000272511581019,0.0017352048413744163,0.6307251177853772
RPL6,3,2.0,-0.7307292044904159,1.0,-1.863662606809818,-0.1789152801685728,-0.14960972649285686,4.555766905318151e-07,0.023234779137810142,0.28308000604225547
RPL7P1,3,2.0,-1.8349146357645527,1.0,-4.3437744627570005,-0.41543782151737163,-0.7455316230192869,0.0013332368373825,0.020121762594877225,0.1054808908145516
RPL7P9,3,2.0,-0.9097796369354577,1.0,-2.41318577493627,-0.3131384779909364,-0.003014657879166449,0.0003771423069435,0.048373192068610495,0.9931535098692965
RPLP0,3,2.0,-0.9000693511068557,1.0,-2.350456924182879,-0.07227021000331268,-0.2774809191343755,1.4051461905579088e-05,0.41096235405599657,0.03933337306028081
RPS13,3,2.0,-0.6324001296447479,1.0,-1.3024182717082375,-0.12505231206567627,-0.4697298051603299,0.0027823620844297,0.12971930421288938,0.0002012157005178594
RPS14,3,2.0,-0.7760808363559528,1.0,-1.5379706094250634,-0.19199582165644102,-0.5982760779863542,0.0005082235277387,0.06770142192540089,3.056530177509471e-06
RPS15P4,3,2.0,-1.2118162685809188,1.0,-2.8660672839353314,-0.43797361455401407,-0.3314079072534109,9.844349379217786e-05,0.02619027365518361,0.4851867412896702
RPS19,3,2.0,-0.5631545151957253,1.0,-1.2733966722199173,-0.06386514850090431,-0.3522017248663544,0.0027302874346186,0.5101277506306173,0.01613608016183293
RPS19P3,3,2.0,-1.4455852318199056,1.0,-1.5282188105273633,-1.014358781754559,-1.7941781031777948,0.508535470432201,0.016815762566535306,0.00428365426404379
RPS2,3,2.0,-0.8093162567111231,1.0,-1.9285841757717943,-0.2648406491966529,-0.2345239451649223,0.0004064203997536,0.0032469350659747958,0.1893650958400786
RPS2P46,3,2.0,-0.7611415348471599,1.0,-1.8451430425161743,-0.2514623922512779,-0.18681916977402752,0.0329975584866042,0.0421420504627063,0.4294107076987365
RPS2P5,3,2.0,-0.8306963831011728,1.0,-2.03749904940871,-0.28133721541123535,-0.17325288448357332,0.001442056672108,0.0004696019169621945,0.39806075116491013
RPS3,3,2.0,-0.7747649398604315,1.0,-1.9037624779309008,-0.10813838831457606,-0.3123939533358177,3.965231261115194e-06,0.2717566130250953,0.04240037910574301
RPS6,3,2.0,-0.5279263210843563,1.0,-1.132295559347832,-0.1899524388266999,-0.2615309650785369,0.0019011006521618,0.02758308004185336,0.05272779168707734
RPS6KA3,3,2.0,0.5693556861586546,1.0,0.9940020750592174,0.6241287073184127,0.08993627609833384,0.0105991463674545,4.255392005739589e-13,0.6470425203276792
RPS6KL1,3,2.0,1.0116109488269258,1.0,0.8433111563455399,0.45645970930004826,1.7350619808351893,0.0600233811498129,0.021474191826441204,2.546907072514581e-14
DHX16,3,2.0,0.12540757671411276,0.6666666666666666,-0.5336824064533103,0.3355773350927403,0.5743278015029083,0.0760799250341769,3.597134263397713e-05,9.41687864993745e-05
DHX32,3,2.0,0.35443901734188815,0.6666666666666666,-0.2862909493856261,0.41481832644918193,0.9347896749621087,0.2889294410304507,7.0451506320388496e-06,3.6802664772021275e-09
DHX37,3,2.0,0.21090764887049288,0.6666666666666666,-0.5707444174104155,0.4914170768046807,0.7120502872172134,0.1666410440098473,1.8224050538832408e-07,0.00011277360239269418
DHX40,3,2.0,-0.1648354870766722,0.6666666666666666,-1.3821128957947115,0.008732559920455669,0.8788738746442392,1.7700096243587194e-09,0.9565945404093172,5.531408822906936e-06
DHX8,3,2.0,0.18375875539325506,0.6666666666666666,-0.0556915321343172,0.2442447918465874,0.36272300646749506,0.8206172071942043,0.0019081839981701814,0.0073611901909277
EIF1,3,2.0,-0.07056369905109161,0.6666666666666666,-1.1604851785788148,0.3171153843295265,0.6316786970960135,0.0744095299430537,5.272913437616657e-06,1.2270813896273535e-06
EIF1B,3,2.0,0.21209625535435192,0.6666666666666666,-0.5626020796847063,0.4088342954612626,0.7900565502864995,0.3404764050815707,6.901785587094099e-05,1.5155513303152727e-07
EIF2AK1,3,2.0,-0.41085988859452444,0.6666666666666666,-1.631465085265922,0.05327422324066533,0.3456111962416834,4.963557406469245e-06,0.5715965929725889,0.008902100217410327
EIF2AK2,3,2.0,0.48600084182440334,0.6666666666666666,0.9982891366943348,-0.010308411819425937,0.4700218005983013,0.0043132616892125,0.9609178979547623,0.04966569778447279
EIF2AK3,3,2.0,0.2916935386963135,0.6666666666666666,1.2205972425997305,-0.35818195700016214,0.012665330489372156,1.2076561028989096e-06,0.0015226281966455493,0.9662163213179489
EIF2AK3-DT,3,2.0,0.3632825137111521,0.6666666666666666,2.430992254073856,-1.2329318148989923,-0.1082128980414074,4.103473134361499e-06,0.038858487828492085,0.8980778354987262
EIF2B4,3,2.0,0.23082310667927894,0.6666666666666666,-0.1779566017794195,0.41770806120033965,0.4527178606169166,0.6071006174848301,5.911177718484714e-06,0.0036890383891422557
EIF2S3,3,2.0,-0.18687487089680033,0.6666666666666666,-0.6773798064394962,0.21117641965542172,-0.09442122590632644,0.0008819421802532,0.003186970407895956,0.5217535856910861
EIF3A,3,2.0,0.2116707751814806,0.6666666666666666,-0.5737572167811188,0.464198563235683,0.7445709790898777,0.0588595911031518,1.3946012526618988e-09,1.5939781111548266e-09
EIF3D,3,2.0,-0.15377302838356569,0.6666666666666666,-1.019987120275798,0.06339157604467177,0.4952764590804292,8.137664757814566e-05,0.44811304231961424,0.00018722979519971534
EIF3J-DT,3,2.0,-0.3575315446225325,0.6666666666666666,0.6524200568884116,-0.6912888361165614,-1.0337258546394479,0.0775083667435324,4.276032209476377e-05,2.386452012509534e-05
EIF3K,3,2.0,-0.5695258138949748,0.6666666666666666,-2.269866339717014,0.10193504878673726,0.4593538492453522,2.7767078632752456e-17,0.25480623203533237,0.0010866138214175856
EIF4A1,3,2.0,1.236849056756422,0.6666666666666666,3.528223314647347,0.3093185019291856,-0.12699464630726603,2.047014451448555e-07,0.0057750298855989875,0.6973063937090166
EIF4A1P10,3,2.0,0.019026367404631223,0.6666666666666666,-2.0128390790582458,0.4948710870907762,1.5750470941813632,0.0001373898666155,0.065773113260425,7.389556170764204e-05
EIF4E,3,2.0,0.8866405674465764,0.6666666666666666,-0.0399051056484286,1.1045002975529197,1.5953265104352379,0.8915997454547744,1.1925776347077742e-30,4.834542081145367e-30
EIF4E2,3,2.0,0.37181200954325,0.6666666666666666,-0.1857835562245388,0.5450353967078951,0.7561841881463935,0.6370434501400484,1.2515311283361649e-12,5.157907816140058e-09
EIF4G1,3,2.0,0.7739709898080847,0.6666666666666666,-0.3601593595278601,1.1265387236874305,1.5555336052646838,0.4209480356278479,8.256992578980947e-40,5.602523680441123e-36
EIF4G2,3,2.0,0.7782629069069991,0.6666666666666666,-0.1727839475244643,1.0448021897173863,1.4627704785280753,0.5227570178487269,2.4286445777015846e-52,2.403438131871688e-36
EIF4G3,3,2.0,0.048658035817587465,0.6666666666666666,0.1173549215387246,0.4195737561504891,-0.3909545702364513,0.4610388150446036,4.638956983517859e-07,0.013574877339782533
RPL36AL,3,2.0,-0.1598949540609147,0.6666666666666666,-1.2877617732327509,0.12546132796336695,0.6826155830866398,0.0009955836752563,0.13596545897111875,8.88178649951977e-08
RPS6KA2,3,2.0,-0.459660960889809,0.6666666666666666,-1.9362830389745904,1.1481434264565291,-0.5908432701513658,5.351027029781954e-10,1.1325916885511914e-17,0.11308833335341097
RPS6KA5,3,2.0,-0.9667135147225766,0.6666666666666666,0.3718001823859373,-1.6101645691711974,-1.66177615738247,0.3157373968117901,1.6743176366057356e-09,1.5470785250867784e-06
RPS6KC1,3,2.0,0.35127084752427185,0.6666666666666666,-0.3206132879224272,0.6428927685070118,0.7315330619882309,0.2605436675398399,4.076111153623249e-14,3.718697358695247e-06
DDX1,2,2.0,0.9239048851627106,1.0,,0.6145676408645628,1.2332421294608584,,1.3888622045686812e-16,3.3624443325477072e-21
DDX10,2,2.0,0.9306821663467275,1.0,,0.7773743260585211,1.083990006634934,,4.846889791791962e-15,1.0558714186888417e-08
DDX11,2,2.0,-0.5218422960117893,1.0,,-0.4161411505756186,-0.62754344144796,,0.00010435240860654852,2.0961568969883284e-05
DDX17,2,2.0,-0.3669429214968333,1.0,,-0.17373344724766554,-0.560152395746001,,0.016761861911133043,5.902276131416473e-05
DDX18,2,2.0,0.9883247436549789,1.0,,0.7885983741106563,1.1880511131993017,,3.263493566028578e-19,7.873647478614167e-17
DDX19A,2,2.0,0.5606244276137169,1.0,,0.34878957228334173,0.7724592829440922,,0.0028072759166516983,0.00021892295871157234
DDX20,2,2.0,0.5715489238342383,1.0,,0.4349528146603659,0.7081450330081106,,3.460908024175758e-06,4.084661476628401e-05
DDX21,2,2.0,1.6485483702410009,1.0,,1.3968904916090545,1.9002062488729474,,4.553831599052546e-81,5.837058981462207e-51
DDX23,2,2.0,0.4575802383027874,1.0,,0.3666698123026842,0.5484906643028905,,3.284884108723839e-06,1.4138001683498375e-05
DDX24,2,2.0,0.6093649828768103,1.0,,0.44444347721378946,0.7742864885398312,,2.5578950316300756e-09,1.2656378862599718e-09
DDX27,2,2.0,0.28709258113948516,1.0,,0.2225834841742993,0.351601678104671,,0.004963873308658495,0.01849773825612582
DDX31,2,2.0,0.7164500844811397,1.0,,0.5462387146052312,0.886661454357048,,9.412443985924214e-08,8.968056610644091e-08
DDX39A,2,2.0,0.8598220517320132,1.0,,0.7910800922135749,0.9285640112504514,,1.6647836506446717e-25,4.4534361607219653e-10
DDX41,2,2.0,0.7071189254796665,1.0,,0.3555883900216523,1.0586494609376806,,1.5252993712338603e-06,1.8629376847834126e-15
DDX42,2,2.0,0.2958351924316511,1.0,,0.23633565925898012,0.35533472560432205,,0.0010866009686646245,0.008676083800062403
DDX46,2,2.0,0.30438707355353933,1.0,,0.16474633360786417,0.44402781349921455,,0.045016306367526814,0.001306055257101926
DDX49,2,2.0,0.7682192746930003,1.0,,0.5584536480880096,0.9779849012979911,,4.1788557401772034e-11,5.501036674824558e-09
DDX5,2,2.0,0.39841487872744136,1.0,,0.4670073197346874,0.3298224377201953,,2.126467321122577e-09,0.03511204413290728
DDX51,2,2.0,0.42646925389038426,1.0,,0.4468040502997748,0.4061344574809937,,2.1462750001345516e-05,0.018423531679728544
DDX54,2,2.0,0.5871302350265704,1.0,,0.4044027448901549,0.7698577251629858,,2.305971382364664e-06,1.275986620107169e-05
DDX55,2,2.0,0.5906232700995278,1.0,,0.5081331661666331,0.6731133740324224,,3.828780674010678e-06,1.4235442178487222e-05
DDX56,2,2.0,0.886866672049992,1.0,,0.7199829580114668,1.0537503860885173,,2.47926454122985e-19,1.4048325408785224e-16
DDX60L,2,2.0,-0.5483857685161901,1.0,,-0.4397218633166445,-0.6570496737157357,,1.8816255172028222e-05,0.0027184340447268533
RPL32P1,2,2.0,-2.676230367306366,1.0,,-3.1959508243771495,-2.1565099102355823,,0.00011084924586237493,0.030645784317392327
RPL7P21,2,2.0,1.0676663975048406,1.0,,0.9559244546994724,1.1794083403102087,,0.03572896954713514,0.03578023555226248
RPL23P2,2,2.0,0.18286850650129516,0.5,2.03451250465534,-1.6687754916527497,,0.0048024390791892,0.04015777566157466,
RPL32P3,2,2.0,0.6308142937733893,0.5,1.5556581007814874,-0.2940295132347088,,1.3374316039284028e-14,0.010165715589962236,
EIF4BP3,3,1.0,-0.6896395837558112,1.0,-1.3805791221101518,-0.34034060125106386,-0.34799902790621806,0.0373592820908334,0.37673333382899865,0.38231625725003765
EIF4BP7,3,1.0,-0.8933577078303307,1.0,-2.4658371069664375,-0.17632621097709064,-0.03790980554746436,0.0011376428287352,0.6376925569965353,0.965135533216363
RPL10AP6,3,1.0,-0.5602388737330712,1.0,-1.6354174341328669,-0.02292949522759711,-0.02236969183874978,0.0067057326174419,0.9454856878038492,0.975011284522932
RPL10P16,3,1.0,-0.7759386371929574,1.0,-1.3775558746393448,-0.4654604151280198,-0.4847996218115078,0.2023990102797449,0.0249444342752387,0.08480280952603085
RPL14P1,3,1.0,-0.9807909173757006,1.0,-2.6858922942303,-0.24692484082546584,-0.009555617071336042,0.0002248046790816,0.43022347977300346,0.9830935026909835
RPL15P2,3,1.0,-1.287259736790975,1.0,-2.195727599712584,-0.34535656699156536,-1.3206950436687759,0.042471376158814,0.40276321752548017,0.39371132271996434
RPL15P3,3,1.0,-0.7782649662536244,1.0,-1.360066008877219,-0.3878279668095269,-0.5869009230741276,0.0778020340477436,0.022344646557463595,0.11174880818819803
RPL18A,3,1.0,-0.5968672056290575,1.0,-1.2858337356827527,-0.15077955294766615,-0.35398832825675375,0.0428912270412773,0.09742745287992848,0.0664651202260439
RPL21,3,1.0,-0.4262043633460258,1.0,-1.2182808739483844,-0.05497264335684826,-0.005359572732844863,0.0048577448742671,0.5184858651204346,0.9757532657310867
RPL21P16,3,1.0,-1.1448190385435555,1.0,-3.150015600908279,-0.11019812345486693,-0.17424339126752086,0.0143674004288418,0.5939221007364782,0.7125917149653835
RPL21P28,3,1.0,-0.7238298161223146,1.0,-1.7103511847177029,-0.12878720933731405,-0.3323510543119269,0.023786664782985,0.4923023218987014,0.7056398356411485
RPL22P2,3,1.0,-1.0685703625618046,1.0,-1.5947464818041108,-1.3647885756109337,-0.24617603027036933,0.3551560817371851,0.003989118660866332,0.844298604626901
RPL24,3,1.0,-0.4450437764572371,1.0,-1.2248034063415,-0.05282135653797215,-0.05750656649223903,0.0017151273422118,0.5940452149351853,0.7295213383457301
RPL27A,3,1.0,-0.5639474711196426,1.0,-1.3206868487156764,-0.13775224785759718,-0.2334033167856543,0.0089323614526906,0.1853094032732024,0.0891722939185599
RPL3,3,1.0,-0.835295027124316,1.0,-2.2046986153829,-0.13127172396892156,-0.16991474202112664,2.7951297939002384e-08,0.1243002924350515,0.2211457624202388
RPL32,3,1.0,-0.48408584087401957,1.0,-1.2889702665868112,-0.10727813435140342,-0.056009121683844,0.0005162163107636,0.28854859252218185,0.7240376465173222
RPL35A,3,1.0,-0.4981488042788716,1.0,-1.3469937255922948,-0.11997952701281935,-0.027473160231500496,0.0017170171945096,0.20899119442925765,0.8817066545718187
RPL37A,3,1.0,-0.5168524005707056,1.0,-1.1851787623344978,-0.19757351902024994,-0.16780492035736913,0.0229753477799149,0.07240369895035137,0.22092262897436574
RPL3P2,3,1.0,-0.7612071578997446,1.0,-1.8688536180594983,-0.20049462161044554,-0.21427323402928974,0.0024616552171454,0.5858937442158345,0.7212644291257885
RPL7A,3,1.0,-1.092128358145718,1.0,-2.8708626321729707,-0.1744360844183967,-0.2310863578457867,1.751832353564457e-08,0.05008405402541416,0.08098099467559666
RPL7AP6,3,1.0,-1.1825797882446345,1.0,-3.182873981662328,-0.31226308844471784,-0.05260229462685737,1.4688378085772167e-06,0.06462274524547747,0.8933176043576341
RPL7P57,3,1.0,1.793007422687394,1.0,2.5057449033045773,0.05130079914262386,2.821976565614981,0.0443709515568533,0.9763648089548199,0.13606219887906265
RPL9,3,1.0,-0.5067300554182298,1.0,-1.2712256060294695,-0.06445448461001767,-0.18451007561520205,0.0013805493445163,0.45684693510271385,0.1851813455857334
RPLP0P6,3,1.0,-0.7872148614789215,1.0,-2.039926956647814,-0.13800973103841385,-0.18370789675053667,0.0008913190838399,0.39585988695630103,0.5144751668167408
RPLP1,3,1.0,-0.5044108136552102,1.0,-1.144039783126377,-0.10603996551641393,-0.2631526923228395,0.0114009809024126,0.3438146517641912,0.051000750274704805
RPLP2,3,1.0,-0.647756653561584,1.0,-1.6842557000260725,-0.10874214097871163,-0.1502721196799676,0.0028636325963215,0.31291498490783953,0.3447850448640411
RPS10,3,1.0,1.493864326054861,1.0,3.79151563254222,0.132606210145469,0.5574711354768945,1.0720508036726842e-19,0.6787689342671926,0.29251445552284894
RPS11,3,1.0,-0.5144613905965433,1.0,-0.9720706641950688,-0.14426989452775532,-0.4270436130668058,0.1430540320377324,0.12476598826725377,0.003804998878841717
RPS12,3,1.0,-0.6462355958821235,1.0,-1.6437415183623614,-0.08610166654027819,-0.208863602743731,7.17797031148118e-05,0.40216508428164677,0.11792821090129406
RPS12P3,3,1.0,1.1138087741125333,1.0,2.4645637746931377,0.4700814853735814,0.40678106227088084,0.0213819911285232,0.48635995696361095,0.5725210820619521
RPS15,3,1.0,-0.8376179407601662,1.0,-2.14816904640535,-0.1705575334138761,-0.19412724246127222,1.19992319804842e-05,0.08217712976304317,0.29255364789880933
RPS16,3,1.0,-0.4735852234228622,1.0,-0.7987353964116787,-0.18380546069319503,-0.4382148131637129,0.0723574228926029,0.06233659829192175,0.004226690204726978
RPS18,3,1.0,-0.5067799868876542,1.0,-1.094319131525381,-0.17608230634406788,-0.2499385227935137,0.0359663920194052,0.059772619916485116,0.07873504454684252
RPS24,3,1.0,-0.5216540433110254,1.0,-1.2726389693860718,-0.16263237670177444,-0.12969078384523014,0.0003291453203071,0.07211669472249377,0.45768784461224565
RPS27A,3,1.0,-0.6218195913084402,1.0,-1.716458379337338,-0.04346424085655098,-0.10553615373143171,0.0003288249644376,0.6691378582718849,0.4747511906475628
RPS5,3,1.0,-0.7754059581020843,1.0,-2.205590233352372,-0.039314544686261055,-0.08131309626762007,6.600777777693577e-09,0.72656081347233,0.6494298955106456
RPS7,3,1.0,-0.31754797247179484,1.0,-0.811177024710131,-0.13567512476468746,-0.005791767940566055,0.0242128759410464,0.14664679537298148,0.9732860797037629
RPS7P11,3,1.0,-0.578900976695843,1.0,-1.6953075248621403,-0.01884307823178712,-0.022552326993601417,0.0416433575395527,0.9695318734641513,0.9821003606249386
RPS8,3,1.0,-0.6900287430594786,1.0,-1.9092607974445437,-0.11863240116583694,-0.042193030568055075,6.888834328745334e-05,0.1338007143889299,0.798436111266019
RPSAP47,3,1.0,-0.9211463936014584,1.0,-0.9818404801074192,-0.9959313000633081,-0.7856674006336481,0.0305688623759394,,
EIF1B-AS1,3,1.0,-0.49996158057738277,0.6666666666666666,0.1631981247783632,-1.1710836715210624,-0.49199919498944905,0.7721047255239541,0.03479723762456417,0.22936918453627556
EIF2AK4,3,1.0,-0.6121253831641084,0.6666666666666666,-1.641752124053751,0.026895018927612303,-0.22151904436618622,3.984983317046472e-15,0.8306463659436417,0.21031917451928453
EIF2B1,3,1.0,0.040350984123585905,0.6666666666666666,-0.269238024948396,0.2156133668022106,0.1746776105169431,0.3187478673216382,0.010469007997457029,0.25466777418198533
EIF2B5-DT,3,1.0,0.5979688039653298,0.6666666666666666,3.1199952321428457,-0.6160202798394047,-0.7100685404074516,2.4783477048681337e-06,0.6257375902441851,0.2788107815875789
EIF2S2P4,3,1.0,0.3393042922571777,0.6666666666666666,-1.065785076505264,0.9575559597791716,1.1261419934976256,0.1691796674783022,0.011782379024512499,0.08739070923410314
EIF4EBP2,3,1.0,-0.07092607021256306,0.6666666666666666,0.0761284033739803,-0.2924271656496213,0.003520551637951824,0.808575449667395,0.00023084742628420908,0.9839117303554663
EIF4EP2,3,1.0,0.16795610856350787,0.6666666666666666,-1.3745185593762763,1.16859412667774,0.70979275838906,0.3270433863120487,0.04979199322045594,0.5280601506500486
RPL10A,3,1.0,-0.49962425521820736,0.6666666666666666,-1.476665220709604,-0.044653172893058465,0.022445627948040173,7.282052814442821e-06,0.6648775188063125,0.8934857444696086
RPL21P10,3,1.0,0.6700739856623487,0.6666666666666666,2.8027787640223067,-1.6481483405699147,0.8555915335346541,0.0022486985525374,0.19858591304854464,
RPL23AP64,3,1.0,1.0611492989346627,0.6666666666666666,3.550163097085665,-0.22324116421588044,-0.1434740360657966,0.0019178872508857,0.7675410082337558,0.857297576012032
RPL26,3,1.0,0.2771517131242553,0.6666666666666666,1.218991151362814,-0.20747973548536747,-0.18005627650468076,1.0302414315172196e-05,0.08536589373172977,0.2995290701440762
RPL28P2,3,1.0,0.6841452246743676,0.6666666666666666,3.356937705711992,-0.5407338744454123,-0.7637681572434767,3.728311399892787e-06,0.5455081096966691,0.4200236336396479
RPL35,3,1.0,-0.3663351522998353,0.6666666666666666,-1.1572433680542404,0.06368428234968213,-0.00544637119494784,0.0041371546064769,0.5476477707141483,0.9819558270533667
RPL36,3,1.0,-0.5682862067370428,0.6666666666666666,-1.8221747584760204,-0.06908532441856026,0.18640146268345226,4.223404624552232e-06,0.5387906976509214,0.21187583023032394
RPL37A-DT,3,1.0,-0.7882267217727738,0.6666666666666666,0.4993845756177059,-0.1827125210031895,-2.6813522199328377,0.7637710141168715,0.8358200675224905,0.011527082092748178
RPL39L,3,1.0,-0.4611806952825675,0.6666666666666666,-1.2505136023638312,-0.32437610250666166,0.19134761902279018,0.0130579070134264,0.21987133568251557,0.7059819545363597
RPL4P4,3,1.0,-0.6049969343153266,0.6666666666666666,-1.633500401322202,-0.1986404210830652,0.01715001945928731,0.007357261561335,0.21381013980794145,0.9617618828516756
RPL4P5,3,1.0,-0.22078368066842302,0.6666666666666666,-1.5586703364884584,0.44125931890862247,0.4550599755745669,0.01190464630881,0.288825095696251,0.6808674101288443
RPL5P30,3,1.0,0.49396675418580754,0.6666666666666666,4.163690195041129,-1.4105395005954096,-1.2712504318882967,5.1399084449472676e-08,0.18493815879366376,0.2985590593635671
RPL8,3,1.0,-0.7508511656733825,0.6666666666666666,-2.2482275495588206,0.0153814525028403,-0.019707399964167073,1.681504389118441e-05,0.8845662727449177,0.9143210665772318
RPS15A,3,1.0,0.3390380005645295,0.6666666666666666,1.3056600639873637,-0.1837540660140738,-0.10479199627970158,3.8560374606263404e-09,0.12764613647716982,0.5101695833732451
RPS21,3,1.0,-0.4182719201457438,0.6666666666666666,-1.1817281505079786,-0.09669623496897865,0.023608625039725797,0.017033675265972,0.42545588625792125,0.9093636886884817
RPS24P8,3,1.0,-0.653701075501765,0.6666666666666666,-1.8968047328373523,0.09825360964102024,-0.16255210330896325,0.0037606769874712,0.8747553008285098,0.8553012997273528
RPS3AP38,3,1.0,0.10903383859978777,0.6666666666666666,1.7226272430063632,-0.3406251182806056,-1.0549006089263944,0.0341265301968783,0.6002823402031859,0.22975502579859527
RPS3AP5,3,1.0,-0.8428720981635786,0.6666666666666666,-2.082580911156442,0.17915554725146055,-0.6251909305857545,0.0311412037445773,0.7246924101946931,0.6394904069259902
RPSA,3,1.0,-0.5421558780966382,0.6666666666666666,-1.8692242847560416,-0.0023921419367428603,0.24514879240286963,8.217664914317381e-07,0.9827820678232579,0.09401503725129899
RPSAP12,3,1.0,-0.6846908082444766,0.6666666666666666,-2.0966418638300715,0.10763214922932093,-0.06506271013267918,0.0237135877884471,0.888125892855385,0.9577239452519233
RPSAP15,3,1.0,-0.4637514677621835,0.6666666666666666,-1.734288007835454,-0.19210572357819183,0.5351393281270951,0.0050445912150737,0.68789005884717,0.5946204793467231
DDX12P,2,1.0,-1.2849498615057147,1.0,,-0.694120465609913,-1.8757792574015164,,2.2201345518918455e-05,
DDX28,2,1.0,0.4292030732459371,1.0,,0.22468316235139527,0.6337229841404789,,0.1047173524906849,0.000880791852344215
DDX3X,2,1.0,0.2571040376965652,1.0,,0.35223946400345296,0.1619686113896775,,1.3181530611813913e-05,0.3255427185005349
DDX50,2,1.0,0.5236883213550304,1.0,,0.19438799523193304,0.8529886474781279,,0.07537432708489042,5.870670690330821e-07
DHX58,2,1.0,-0.4526669547271621,1.0,,-0.5359245175030803,-0.3694093919512439,,0.00020976947031702516,0.09384358448119336
RPL12P14,2,1.0,1.578494195004533,1.0,2.445645940173468,0.7113424498355981,,0.0006441060101732,0.6116138386292881,
RPL23AP53,2,1.0,0.45106072298268757,1.0,0.2637479025737415,0.6383735433916337,,0.7735228777126061,0.004318202956182942,
RPL23AP7,2,1.0,0.599800037282419,1.0,0.2048926651115801,0.994707409453258,,0.7407745907558976,1.9729196648609328e-07,
RPL29P14,2,1.0,5.062276662876358,1.0,8.353438842402436,1.7711144833502799,,0.0001480844494884,0.3019860173139725,
RPL39P38,2,1.0,2.718066067122962,1.0,2.1643958906527687,3.2717362435931556,,0.0143674004288418,,
RPL4P6,2,1.0,1.5849020042625896,1.0,,2.1744130802700607,0.9953909282551185,,0.0005556848902596008,0.22480951811017139
RPL6P27,2,1.0,-1.1319168702273739,1.0,-2.1747263231696237,-0.08910741728512402,,0.0001046740864114,0.5880453343808957,
RPS27AP16,2,1.0,-0.9653908010969778,1.0,-1.8963118737323543,-0.034469728461601366,,0.0291396241793926,0.8650630887493064,
RPS2P36,2,1.0,1.3610420937183463,1.0,,1.6394974159607296,1.082586771475963,,0.011927964990158166,0.22091786419619233
RPS4XP16,2,1.0,-0.803068841850632,1.0,-0.4282891879250743,-1.1778484957761897,,0.850377202720161,0.010424778967404461,
RPS7P3,2,1.0,2.144256946202822,1.0,2.821588691362106,1.4669252010435374,,0.0103957819953589,,
RPSAP19,2,1.0,-1.3054501261807872,1.0,-1.9147869726586395,-0.6961132797029349,,0.0413663022403026,0.11199822041163615,
RPSAP58,2,1.0,-0.9499192683785832,1.0,-1.8770759713066856,,-0.022762565450480835,7.403141612214173e-07,,0.9607687601081496
EIF1AXP1,2,1.0,0.4878300905601336,0.5,-0.3743423933650471,1.3500025744853144,,0.7510278096266343,0.001074165661355065,
RPL23AP82,2,1.0,0.1305694452926989,0.5,-0.3295456653711519,0.5906845559565497,,0.581426176271035,0.00026012742875759944,
RPL3L,2,1.0,1.2896453306406412,0.5,3.7199317391782856,-1.1406410778970033,,1.1096385447736056e-08,0.39640964757907166,
RPL3P4,2,1.0,-1.0320446577350597,0.5,-2.10219173051348,0.038102415043360455,,0.0070861396791126,0.8916849453251434,
RPL7P19,2,1.0,2.071136566079934,0.5,5.6352192759530695,-1.492946143793201,,0.0026298164623584,0.3899277625202586,
RPS10P7,2,1.0,0.09867822130742498,0.5,1.2366678142120802,-1.0393113715972302,,0.2926050376733402,0.0012020298382611847,
EIF4EBP2P2,1,1.0,7.369811563782932,1.0,7.369811563782932,,,0.0035948843027162,,
RPL12P25,1,1.0,2.5783138384570026,1.0,2.5783138384570026,,,0.0296574692483261,,
RPL21P121,1,1.0,7.571864946394183,1.0,7.571864946394183,,,0.001741020096016,,
RPL23AP20,1,1.0,3.36456806687768,1.0,3.36456806687768,,,0.0028887884616516,,
RPL35AP36,1,1.0,2.243415678130168,1.0,2.243415678130168,,,0.0249607446689989,,
RPL39P14,1,1.0,5.433173215543023,1.0,5.433173215543023,,,4.572055949494865e-05,,
RPL6P24,1,1.0,2.2415430374598886,1.0,2.2415430374598886,,,0.0345466157562137,,
RPL7AP64,1,1.0,-1.5152817572485413,1.0,,-1.5152817572485413,,,1.1247824407582738e-08,
RPL7AP65,1,1.0,7.516041001424902,1.0,7.516041001424902,,,1.09901592720527e-05,,
RPLP0P2,1,1.0,4.863879338743115,1.0,4.863879338743115,,,0.0001370896267246,,
RPS26P41,1,1.0,8.20526615051673,1.0,8.20526615051673,,,0.0006146952394283,,
RPS26P55,1,1.0,7.934741018018632,1.0,7.934741018018632,,,8.405803047543397e-05,,
RPS6KA6,1,1.0,-0.8612549678143229,1.0,-0.8612549678143229,,,0.0071126933683678,,
RPSAP22,1,1.0,-2.993771203892856,1.0,,-2.993771203892856,,,0.016785734051867996,
EIF3FP3,3,0.0,-1.2389988581111593,1.0,-2.8085945388873235,-0.38052887445906275,-0.5278731609870918,0.0549172277893358,0.28820066392163646,0.2880648427042612
RPL10P9,3,0.0,-0.7907658921782067,1.0,-1.6306179694031326,-0.2639507026684985,-0.47772900446298877,0.1574278822717537,0.20386266846203466,0.20521030786511982
RPL12P4,3,0.0,-0.828719903722071,1.0,-1.971105066822919,-0.08866164556976275,-0.42639299877353115,0.0547571848236291,0.8110238785774391,0.3938240251452204
RPL12P6,3,0.0,-0.495175523291061,1.0,-1.032429884430392,-0.02444730372048831,-0.42864938172230266,0.4411375461176234,0.9763988717037313,
RPL13AP25,3,0.0,-0.5504857852798368,1.0,-1.176939113340219,-0.32071742961305366,-0.15380081288623793,0.1512223073712195,0.059212469191130664,0.7601757962527204
RPL15P18,3,0.0,-1.1479107110809381,1.0,-3.073160173770745,-0.3330776317803641,-0.03749432769170519,0.0845072421911,0.7332470888851551,0.9850551761265235
RPL17P50,3,0.0,0.09801358724078287,1.0,0.1980918094501386,0.010014186682879555,0.08593476558933046,0.8840016655286299,0.9879177615519226,0.9025967370246033
RPL18AP3,3,0.0,-0.5119029427425427,1.0,-0.9048303135379572,-0.23777019414249945,-0.39310832054717115,0.3184608807168309,0.08072191876737325,0.20468853300999418
RPL21P75,3,0.0,-0.8213951219157782,1.0,-1.1537792852566966,-0.4485623800056082,-0.86184370048503,0.7014200849152908,0.24008769316882733,0.6142982356855222
RPL23AP42,3,0.0,-0.6277813481489923,1.0,-1.2306872203359491,-0.18718852874834344,-0.4654682953626846,0.0777818955448761,0.5986498080983363,0.23816278073000638
RPL23AP65,3,0.0,-0.5774860350928731,1.0,-1.2517223084502354,-0.019925578861626537,-0.4608102179667574,0.1709685683426268,0.9705955112395205,0.7640474680515468
RPL24P8,3,0.0,-0.29691561430433266,1.0,-0.6017704996610856,-0.1318591993971964,-0.15711714385471595,0.5014362777322677,0.8350225534803934,0.9298305584325592
RPL26P19,3,0.0,-0.5651124632493318,1.0,-0.8973264904789207,-0.1025405933187012,-0.6954703059503736,0.2564734059355477,0.7676712284480375,0.2507747097034063
RPL26P36,3,0.0,-1.114349162547042,1.0,-2.5918115966793276,-0.35391359496856384,-0.39732229599323465,0.0759878488477112,0.35870023932247397,0.8084021153801011
RPL26P6,3,0.0,0.780480293413106,1.0,0.1486385025876473,0.4379717957906324,1.7548305818610381,0.9377307230421392,0.5836713849201498,0.3011088567910045
RPL27,3,0.0,-0.2764031862618325,1.0,-0.5648032474235871,-0.053770759154663735,-0.2106355522072467,0.0652033374775498,0.5921405288723195,0.2689850938967982
RPL29P11,3,0.0,-0.42383455721943547,1.0,-0.6998521603833007,-0.3344116024186218,-0.23723990885638394,0.394331750561572,0.39823558009121823,0.7817657513664906
RPL39,3,0.0,-0.44011175534434016,1.0,-0.9984209599756276,-0.12074793730603249,-0.2011663687513606,0.0714337099315513,0.11518688640676042,0.2228723419538156
RPL3P7,3,0.0,-0.7512345190164765,1.0,-1.016495638591002,-1.009687909736037,-0.22752000872239073,0.2843863183311775,0.19231051590993845,0.8593357732072213
RPL41,3,0.0,-0.3191014319471989,1.0,-0.7400201200170147,-0.09356837275248389,-0.12371580307209823,0.1080177784367013,0.30622782168373297,0.46896613936333703
RPL41P2,3,0.0,-0.742517745559642,1.0,-0.6997237334608042,-0.43638415615937826,-1.0914453470587437,0.3054726806428803,0.22088882458360995,0.30902537997938423
RPL41P5,3,0.0,-0.645493032666749,1.0,-1.193148050037803,-0.07837331898730995,-0.6649577289751338,0.4567315841906684,0.7026105986527429,0.13634169425740458
RPL5P23,3,0.0,-0.898607524973574,1.0,-1.3999045541910262,-0.3770449018217739,-0.9188731189079217,0.4104343360495405,0.6236160228152171,0.5883646348252722
RPL7AP50,3,0.0,-0.535369591905753,1.0,-0.8051157981306734,-0.5269239619606858,-0.2740690156258996,0.5507703819937512,0.5342492969273531,0.8150694334323767
RPL7AP66,3,0.0,-0.7763666848885414,1.0,-1.1272215660967344,-0.5669096725829317,-0.6349688159859586,0.2675397851341951,0.11583780208932719,0.5512828868812656
RPL7P23,3,0.0,-0.7445857515982278,1.0,-1.5729065796059505,-0.03665581598409441,-0.6241948592046385,0.0536887254653386,0.9368496504267869,0.43652081950055616
RPS20,3,0.0,-0.1785157141619037,1.0,-0.3970254568492106,-0.09413446228777309,-0.044387223348727474,0.4359753847320042,0.29742355412881,0.7938161234777428
RPS23P8,3,0.0,-0.6707569585801664,1.0,-1.643006265329116,-0.3370676117469153,-0.0321969986644681,0.0507546792577129,0.1718416260252192,0.9614672224527215
RPS28P4,3,0.0,-0.45299658271182236,1.0,-0.9232782555762474,-0.3950828471652101,-0.04062864539400978,0.5303288304200497,0.43712448071389437,0.9793436249615632
RPS2P55,3,0.0,-0.4637488151101346,1.0,-0.7755374739282896,-0.3235050645527912,-0.2922039068493229,0.5101717388418702,0.25142224952906217,0.2950782724968225
RPS3AP26,3,0.0,-0.6178880388114082,1.0,-1.2937336261753571,-0.23133503408625908,-0.32859545617260855,0.1650424992891286,0.16023664365516385,0.541711858924797
RPS3AP47,3,0.0,-0.6999637904737988,1.0,-1.4703424276369088,-0.5832855787647837,-0.04626336501970384,0.2330884235242238,0.36667189431035035,0.9805556100081609
RPS3AP6,3,0.0,-0.4151706934973241,1.0,-0.5354470751686652,-0.16529296427376927,-0.544772041049538,0.4113195522902589,0.2808787660092787,0.1946354098277472
RPSAP18,3,0.0,-0.9203769987704401,1.0,-0.5698099490205036,-0.8840058445397901,-1.3073152027510262,0.6797640112936159,0.44398545957792884,
DHX35,3,0.0,-0.16163475487153497,0.6666666666666666,-0.2969883706972296,0.06804389909394658,-0.2559597930113219,0.3753018898185471,0.6267926660828166,0.22125659254667923
EIF1P3,3,0.0,0.8118487090917813,0.6666666666666666,-0.158290854288246,1.0304669149088583,1.5633700666547317,0.954287467404092,0.4637978235442782,0.35306190463109016
EIF2S3B,3,0.0,-0.054370314501918975,0.6666666666666666,-0.273874968379253,-0.02263294040205405,0.13339696527555014,0.7490529891854562,0.9772637793677522,0.9055357640268968
EIF3CL,3,0.0,-0.4850350856986938,0.6666666666666666,-1.7257405941479642,0.289697961557217,-0.019062624505334223,0.0533450668214968,0.32981748416209966,0.9812572195306725
EIF3G,3,0.0,-0.18161383098218184,0.6666666666666666,-0.5378773532102249,-0.040608257296041034,0.033644117559720466,0.1518136754529076,0.6764160871280764,0.8644740757831434
EIF3LP2,3,0.0,0.12109556647272778,0.6666666666666666,-0.422411806408781,0.14438191705000158,0.6413165887769627,0.7670852887859495,0.9172763988564031,0.6912612483159849
EIF4A1P2,3,0.0,0.46907646414106624,0.6666666666666666,-0.8385382249565729,0.9105422045257092,1.3352254128540624,0.2648405577199997,0.13330547014167782,0.12589596900102415
EIF4A1P4,3,0.0,0.15411573266558679,0.6666666666666666,-2.1287277673213856,1.373301744635037,1.217773220683109,0.1005721417616444,0.05476980030925939,
EIF4A2,3,0.0,0.05551458378005619,0.6666666666666666,0.301854850156218,-0.10198369998936813,-0.0333273988266813,0.117388520916702,0.3273724236643132,0.8466167110547075
EIF4HP1,3,0.0,0.13311966459495397,0.6666666666666666,-1.0835785444248542,0.4218387602038506,1.0610987780058656,0.1324587115863341,0.39777347894307663,0.07959212514004861
EIF5AP4,3,0.0,0.5014126581795509,0.6666666666666666,-1.4860162236194514,0.9984639365479093,1.991790261610195,0.0594615143231602,0.12628916195042073,0.07704565249929039
RPL10AP2,3,0.0,0.05774819351275373,0.6666666666666666,-1.0375488085748603,0.13236496966302091,1.0784284194501006,0.2750519487948932,0.8946195053760833,
RPL11P3,3,0.0,0.1606532670062285,0.6666666666666666,0.6890753561645974,-1.3053756073742422,1.0982600522283303,0.7355035703269792,0.2173322791437506,0.5082520936507069
RPL12P12,3,0.0,-0.10727453492609229,0.6666666666666666,-0.6524846560998359,0.11610748806485062,0.21455356325670835,0.6899492379489816,0.9160076108127545,
RPL18AP7,3,0.0,-0.19584863860507554,0.6666666666666666,1.2804897118926608,-0.6833693462822189,-1.1846662814256685,0.2123615548285471,0.43916684994135513,0.2668652936199475
RPL24P2,3,0.0,-0.30350887425290635,0.6666666666666666,-0.5858358784027644,-0.5838331004658042,0.2591423561098495,0.7292832850184466,0.46186799490325714,
RPL24P4,3,0.0,-0.31540659321917747,0.6666666666666666,-0.7104745243914586,0.01961183293549575,-0.2553570882015696,0.1389421828828572,0.9602510297869791,0.6624134833231049
RPL31P49,3,0.0,-0.21833179824462792,0.6666666666666666,0.4107611606087704,-0.47083372231317666,-0.5949228330294776,0.8547737993148394,0.6235377109972027,0.6861862045625418
RPL32P16,3,0.0,-0.20692008175714396,0.6666666666666666,-1.0340983200167535,0.17914208446213797,0.23419599028318364,0.33729375366764,0.7872073942007439,0.9019600705754046
RPL32P18,3,0.0,-0.3736885247700568,0.6666666666666666,-1.1518805894461306,-0.2908924825881552,0.32170749772411517,0.1187584790978342,0.3892200392405208,0.624399821182548
RPL34P18,3,0.0,-0.048195631959117836,0.6666666666666666,-1.0652971941087914,-0.3396395913067609,1.2603498895381988,0.3166114139693562,0.5990851609024994,
RPL35P1,3,0.0,-0.20586061807058487,0.6666666666666666,-1.055924046576731,0.7187391526709969,-0.2803969603060204,0.3175407638987663,0.3941299292572069,0.8621421625032323
RPL35P5,3,0.0,-0.4281872617973012,0.6666666666666666,-2.3696328228436485,0.32192989924257515,0.7631411382091701,0.1274960201932553,0.7119901400614548,0.6249756602071694
RPL36AP26,3,0.0,-0.26927528924619243,0.6666666666666666,-0.6067171436968347,-0.400471418532872,0.1993626944911294,0.6482668406318276,0.6355913498144309,
RPL39P3,3,0.0,-0.4988882365792598,0.6666666666666666,-1.4226306982549817,-0.24080236561371635,0.16676835413091867,0.1303501605670834,0.13686905919989054,0.7328320578140062
RPL39P36,3,0.0,0.610198683028369,0.6666666666666666,2.5119486630924883,0.07860317725813425,-0.7599557912655154,0.0944716627242881,0.9398698729819911,0.6208816249447423
RPL5P17,3,0.0,-0.021028067613101425,0.6666666666666666,-0.0914263288305592,-0.20682001262133412,0.23516213861258906,0.9617984131856776,0.8648743840968188,
RPL5P34,3,0.0,0.01267349327006273,0.6666666666666666,-0.6289711634902506,-0.3769449363255213,1.04393657962596,0.4218858557310913,0.5217985400709283,0.22983035858943693
RPL5P4,3,0.0,-0.2887089076979454,0.6666666666666666,-1.0617248314470085,0.2558317541231401,-0.06023364576996783,0.3349891683575188,0.7700609440688231,0.9697060608802763
RPL7AP10,3,0.0,-0.21580825555424932,0.6666666666666666,0.8631406212581225,-0.17473422560157872,-1.3358311623192918,0.548972372570158,0.8423274642056336,0.1679830719785809
RPL7AP30,3,0.0,-0.8769846260053185,0.6666666666666666,-2.8580579205060084,-0.058189549491218115,0.28529359198127097,0.1082762255643103,0.919819161993168,0.8385308542901636
RPL7P50,3,0.0,-0.6111288049816929,0.6666666666666666,-0.542133051084744,0.7377025203887726,-2.028955884249107,0.7468908938488589,0.6158253209345101,0.21535952148026744
RPL9P7,3,0.0,-0.5182356177002744,0.6666666666666666,-0.9291207273524902,0.0899362409169022,-0.715522366665235,0.5451407235265452,0.8833290240048762,0.560146130190093
RPS10P3,3,0.0,-0.12050142694808012,0.6666666666666666,-0.2272494672044009,0.4230753604017724,-0.5573301740416119,0.814981802067224,0.5023407817106958,0.6683986172013175
RPS13P2,3,0.0,-0.6699120030452144,0.6666666666666666,-1.659675618962826,0.039267934020817914,-0.38932832419363533,0.0827008634040083,0.9465432252555385,
RPS15AP1,3,0.0,0.08960572517276381,0.6666666666666666,0.2641519091728593,-0.014715782023181481,0.01938104836861359,0.765436603328608,0.983483254194719,0.989741021858181
RPS18P12,3,0.0,-0.10489046049111495,0.6666666666666666,-0.4854244420548017,-0.005080392371766823,0.17583345295322367,0.6510486298794803,0.9944045406279065,0.8291880652792304
RPS20P14,3,0.0,-0.10336706675045193,0.6666666666666666,0.1723956293557087,-0.01006447988303956,-0.4724323497240249,0.8602380527357981,0.9865404829865355,0.7218364833625911
RPS20P33,3,0.0,-0.323701827701998,0.6666666666666666,0.6395879484568026,-1.1145639849388136,-0.49612944662398295,0.660427312361003,0.3263937333441332,0.7343012171933115
RPS24P19,3,0.0,-1.0038899880706436,0.6666666666666666,-2.204379929344338,-0.9831170858403112,0.1758270509727184,0.2467039390456966,0.3556363053866216,0.8688383486753609
RPS26P3,3,0.0,0.4439815212052612,0.6666666666666666,-0.6331296751679999,1.2047875776670576,0.7602866611167259,0.7536537513401084,,
RPS27AP5,3,0.0,0.14850790797812574,0.6666666666666666,-0.844014643634973,-0.3617788193931149,1.6513171869624652,0.5812635106905671,0.44440413508144105,
RPS27L,3,0.0,-0.1666285631084979,0.6666666666666666,-0.4941005747530408,0.05551959855529895,-0.06130471312775193,0.1678900311957452,0.6174303308976039,0.732678771014331
RPS28P7,3,0.0,-0.5585635389421995,0.6666666666666666,-1.3129100960927762,-0.3914322242127073,0.028651703478885158,0.1069621554325382,0.0554371258804366,0.952408036546217
RPS29,3,0.0,-0.05868018046175285,0.6666666666666666,-0.1623182409699894,-0.1394362012247998,0.12571390080953065,0.7740575280651166,0.16808529361137658,0.3766087953618002
RPS29P16,3,0.0,-0.44768419436239554,0.6666666666666666,1.3496977244908128,-0.46160394583130404,-2.2311463617466956,0.0547447778556319,0.6541894092870674,
RPS2P17,3,0.0,-0.35944506401865645,0.6666666666666666,-0.6640147244126946,-0.46835838676641806,0.054037919123143346,0.548685050462516,0.6412632620737836,0.970671789133395
RPS2P32,3,0.0,0.5854325803923212,0.6666666666666666,1.1657425051127666,0.5936128153515144,-0.003057579287317597,0.1356141151586587,0.18057510595652845,0.997600668794137
RPS2P7,3,0.0,-0.6966499244954593,0.6666666666666666,-2.004867797861725,-0.3309148956741489,0.2458329200494963,0.0539993911563461,0.5405422352230328,0.7432330758226282
RPS3AP21,3,0.0,0.22108659509777628,0.6666666666666666,0.9107364229198408,-0.5585808043138574,0.3111041666873454,0.3277987618108597,0.520950999926987,0.8509044414766586
RPS6KA4,3,0.0,-0.15626051416352058,0.6666666666666666,-0.4217464401377406,-0.1534624057341442,0.10642730338132311,0.3901940347402375,0.12913547342467163,0.6596578953002374
RPS6P25,3,0.0,0.6485347074855606,0.6666666666666666,1.3916645826826182,-0.019486706330599776,0.5734262461046634,0.3466385579304626,0.980662215418252,0.5911511661224489
RPS7P1,3,0.0,-0.30133012066973625,0.6666666666666666,-0.9572094754878157,-0.126413508772188,0.17963262225079482,0.0979993162580056,0.550870274208721,0.7515113026501593
RPS7P10,3,0.0,-0.12243314834017482,0.6666666666666666,-0.1919601136072988,-0.4315844201992007,0.2562450887859751,0.8237760566364849,0.29435931786905745,0.8576456507245761
RPSAP54,3,0.0,0.1434576627147671,0.6666666666666666,-0.3841298885971389,-0.06779089944379212,0.8822937761852323,0.59149449236256,0.9406200765202651,
DDX19B,2,0.0,0.1950383162044868,1.0,,0.20623868910677456,0.18383794330219902,,0.09385576726393537,0.4855356673166866
DDX25,2,0.0,-1.9169037276933996,1.0,,-0.9293319126950567,-2.9044755426917424,,0.44261559239532594,0.07958503676711526
DDX50P1,2,0.0,-0.9837554566795104,1.0,,-1.4271808854797117,-0.5403300278793092,,0.16933104275009878,0.7206572251996107
DDX52,2,0.0,-0.0573908340682551,1.0,,-0.05279884597478365,-0.061982822161726556,,0.6158253209345101,0.7955613986410404
DDX58,2,0.0,-0.6393854749756545,1.0,,-0.46442818308271344,-0.8143427668685954,,0.24455393480959298,0.09878059878499001
DDX59-AS1,2,0.0,-1.5220632309643234,1.0,,-1.390281697452411,-1.6538447644762357,,0.12516306875085983,0.07026317938368008
DDX6,2,0.0,0.201940436319143,1.0,,0.149961546892674,0.253919325745612,,0.056100751981635444,0.06960730696834108
EIF1AX-AS1,2,0.0,1.5072026626751704,1.0,,2.1254245661360684,0.8889807592142724,,0.16886251026659027,0.6126526132840155
EIF2S2P3,2,0.0,-1.4064708691337366,1.0,-1.2420349445160876,-1.5709067937513856,,0.4709825249900268,0.1422115064132827,
EIF3LP3,2,0.0,0.6827205214489172,1.0,1.0054220676344925,0.36001897526334176,,0.5619766894250436,0.8430892962141309,
EIF4A1P7,2,0.0,-0.8635721414165349,1.0,-1.2818819517698263,-0.4452623310632436,,0.4855534689269787,0.7437473650771735,
EIF4EBP3,2,0.0,0.15609823778454565,1.0,,0.2516327937548652,0.0605636818142261,,0.6808856162405553,0.9332277102357445
RPL10P1,2,0.0,-0.5957292623202278,1.0,-1.058583472728437,-0.13287505191201882,,0.68475919692904,,
RPL10P12,2,0.0,-0.695111282160561,1.0,-1.138218935402021,-0.25200362891910094,,0.6565371660732174,0.830126466055096,
RPL10P3,2,0.0,-0.40335409947083367,1.0,-0.4199113023704955,-0.3867968965711718,,0.8004643907513583,0.7629753850995381,
RPL10P6,2,0.0,-1.0728541893538466,1.0,-2.0329898864924294,-0.11271849221526363,,0.1987869204969947,0.8140068283788329,
RPL12P17,2,0.0,-0.6571355901851388,1.0,-1.0613413926681994,-0.2529297877020783,,0.4946541549842937,0.830126466055096,
RPL12P38,2,0.0,-0.7906426080844402,1.0,-1.2910854265934295,-0.2901997895754508,,0.6156393120960462,0.8316349535859207,
RPL12P42,2,0.0,-1.5938133719364027,1.0,-2.576385594837986,-0.6112411490348194,,0.0802466815056982,0.27478483021763894,
RPL12P8,2,0.0,-0.48869264543154045,1.0,-0.8168114870979953,-0.1605738037650855,,0.7782147204655324,0.9019132568571274,
RPL13AP3,2,0.0,-0.8541183540982278,1.0,-0.7283993400409176,-0.9798373681555381,,0.817176289084704,,
RPL13AP7,2,0.0,-0.919121044793434,1.0,-1.756435892178868,-0.08180619740799994,,0.0648761521063733,0.9017030951766919,
RPL14P3,2,0.0,-0.9971700230342904,1.0,-0.6286545349830194,-1.3656855110855612,,0.8319297855251342,0.3528333944321252,
RPL15P20,2,0.0,-0.37760115176598574,1.0,-0.1769400067504386,-0.5782622967815328,,0.9621297279842144,0.3695863869764587,
RPL17P36,2,0.0,-1.430682831182046,1.0,-2.273229088797292,-0.5881365735668003,,0.0668107594450476,0.4285548631993902,
RPL19P5,2,0.0,-0.8653592339799936,1.0,-1.2878304598408037,-0.44288800811918355,,0.6026265466851864,0.752786705909107,
RPL21P120,2,0.0,-0.8820669319520886,1.0,-1.120427277858062,-0.6437065860461154,,0.6854463265774928,0.631198394663179,
RPL22P1,2,0.0,-0.7539546997366597,1.0,-1.0922784650110609,-0.4156309344622585,,0.1851814148032172,0.2882043120614991,
RPL22P16,2,0.0,-0.7779826632658622,1.0,-0.5113180750298881,-1.0446472515018361,,0.8228911302051507,0.35870023932247397,
RPL23AP18,2,0.0,-1.0460132451654376,1.0,-0.2452774079999134,-1.8467490823309618,,0.9049627343418086,0.2597645339597478,
RPL23AP2,2,0.0,-0.7039730157820551,1.0,-0.1125785547735427,-1.2953674767905674,,0.9424721102457266,0.36403544803312904,
RPL23AP3,2,0.0,-0.4902376652285996,1.0,-0.2934158502597283,-0.6870594801974709,,0.9113887344805448,0.5623864229395353,
RPL23AP87,2,0.0,0.7236101297869978,1.0,0.5510655110785779,0.8961547484954177,,0.8102610179594074,0.171097352489412,
RPL23AP97,2,0.0,-1.1946170920284436,1.0,-1.3457170699392011,-1.0435171141176862,,0.5804893306539088,0.3971304754491082,
RPL23P8,2,0.0,-1.337148337152433,1.0,-1.9952653576899904,-0.6790313166148757,,0.113340234008962,0.24036925025798564,
RPL29P12,2,0.0,-0.24708264814456238,1.0,-0.0329985596210791,-0.46116673666804564,,0.989070669641326,0.7591680120572238,
RPL29P24,2,0.0,-1.2536844056166137,1.0,,-0.9701254678061283,-1.5372433434270991,,0.58256332227024,0.3526126352719953
RPL29P33,2,0.0,-1.289407784621336,1.0,-0.6670015182865531,-1.911814050956119,,0.6713525455358846,0.12930558898716765,
RPL34-DT,2,0.0,-1.416511625844459,1.0,,-1.7272689637597824,-1.1057542879291355,,0.20386266846203466,0.2427212761373308
RPL34P33,2,0.0,-0.33983820255407304,1.0,-0.651529328137958,-0.028147076970188055,,0.7681115986632577,,
RPL36AP16,2,0.0,-0.669285090800861,1.0,-0.5046461585180333,-0.8339240230836885,,0.7841466592414421,,
RPL36AP54,2,0.0,2.35743517642402,1.0,0.3728936038966739,4.3419767489513665,,0.7753024062647045,,
RPL37AP1,2,0.0,-0.33737050787436595,1.0,-0.556159619230279,-0.11858139651845287,,0.6395837347538149,0.8229012336872906,
RPL39P15,2,0.0,0.12041040636009119,1.0,0.0950359130032366,0.14578489971694578,,0.9294721625141698,0.7814668947208516,
RPL4P2,2,0.0,-1.2719939946798036,1.0,-1.377575331598195,-1.1664126577614122,,0.4175660135805035,,
RPL4P3,2,0.0,-1.463594185080909,1.0,-2.323179312166858,-0.6040090579949604,,0.14045127029289,,
RPL5P1,2,0.0,-0.5884129613651959,1.0,-0.942059885752865,-0.23476603697752688,,0.2940514983861949,0.6666678551017062,
RPL7AP11,2,0.0,-1.3321971010442204,1.0,-2.0602049583099573,-0.6041892437784833,,0.182546279514677,0.29165756627496814,
RPL7AP31,2,0.0,-0.641303341730803,1.0,-0.7706049450808653,-0.5120017383807406,,0.6842431697661778,0.7288467189751684,
RPL7L1P8,2,0.0,0.7412319047344105,1.0,0.8219477492959733,0.6605160601728477,,0.689690260437543,,
RPL7P16,2,0.0,-1.3931681690022375,1.0,-2.0230698140342436,-0.7632665239702313,,0.3301224975219624,0.5405422352230328,
RPL7P26,2,0.0,-1.1567758166119226,1.0,-2.211956505667207,-0.10159512755663815,,0.321996296282378,0.8719622604341624,
RPL7P32,2,0.0,-0.899788189515651,1.0,-1.7293551048948468,-0.0702212741364551,,0.4290671896820435,0.9519158052856438,
RPL7P44,2,0.0,-0.9807155347575922,1.0,-1.5179326571839231,-0.4434984123312613,,0.3708484238958595,0.7956523206233381,
RPL7P46,2,0.0,0.7970805101717089,1.0,,0.44180097164440696,1.1523600486990109,,0.42245907879468825,0.17225887171275428
RPL7P48,2,0.0,-0.9821376286552838,1.0,-0.8520446493110978,-1.1122306079994697,,0.7544985588968027,0.49261558742005607,
RPL7P59,2,0.0,-0.6046185996569718,1.0,-0.6626896714346121,-0.5465475278793316,,0.8306421534773099,0.692039695802653,
RPL7P8,2,0.0,-1.0843648198811258,1.0,-1.3800481788719623,-0.7886814608902891,,0.5643106115781378,0.5704572412433406,
RPL9P3,2,0.0,-0.9019029134462853,1.0,-1.1909924354445447,-0.6128133914480258,,0.5438884844252098,0.5452200444349918,
RPL9P32,2,0.0,-0.3640110902373596,1.0,-0.2938475229889873,-0.4341746574857319,,0.7167800855984415,0.5142950278054227,
RPLP1P6,2,0.0,1.3213471722865555,1.0,2.4270719490373245,0.21562239553578638,,0.1398663485826519,0.841135598601981,
RPS12P20,2,0.0,1.6668296507580154,1.0,,1.2765393395843083,2.0571199619317224,,0.21846209095725846,0.09940364400792653
RPS15AP11,2,0.0,-0.41079202563580103,1.0,-0.1544620824467963,-0.6671219688248058,,0.9682462067788132,0.6140208278622147,
RPS15AP36,2,0.0,-0.7825102987403011,1.0,,-0.42558370486625613,-1.139436892614346,,0.6207529687559319,
RPS18P9,2,0.0,-0.04200057104261311,1.0,-0.0322316573167688,-0.05176948476845742,,0.9431775165604968,0.9145575552501239,
RPS20P10,2,0.0,0.716228163184463,1.0,1.0120258844905636,0.4204304418783625,,0.6009330288107628,0.6644325427274527,
RPS26P13,2,0.0,1.333668150045411,1.0,0.4462311105183867,,2.2211051895724356,0.7783823006639422,,
RPS27AP11,2,0.0,-0.9443332206519051,1.0,-0.6547847091235572,-1.2338817321802529,,0.7571732685878895,0.38483345894148724,
RPS27P29,2,0.0,-1.1841548722001956,1.0,-1.4927872206675314,-0.8755225237328594,,0.5223201952789795,0.11144843445694115,
RPS2P16,2,0.0,2.422329474826075,1.0,,2.7136430092032278,2.1310159404489224,,0.07609935358112396,0.20692675298554167
RPS2P48,2,0.0,-1.0575713304884282,1.0,-0.1031962891301722,-2.011946371846684,,0.955934606538755,,
RPS3AP20,2,0.0,-0.9028484847117667,1.0,-1.6986401058842038,-0.10705686353932956,,0.3234491970337883,0.8986543752144232,
RPS3AP25,2,0.0,-0.6483220159986983,1.0,-1.1245314658460366,-0.17211256615136003,,0.4904082471019972,0.8456848744113846,
RPS4XP1,2,0.0,0.12807812847806055,1.0,0.1249280312663854,0.1312282256897357,,0.9553510732236066,0.9365524207607565,
RPS4XP11,2,0.0,-0.4913144006832113,1.0,-0.7435725035375812,-0.23905629782884144,,0.7090930082976589,0.7872073942007439,
RPS4XP6,2,0.0,-0.838242518156553,1.0,-1.417788496282331,-0.25869654003077497,,0.2937813806725962,0.7531953992002457,
RPS7P4,2,0.0,-1.0006474049687726,1.0,-1.4595823124866567,-0.5417124974508885,,0.2959769887278578,0.6844855451794095,
RPSAP11,2,0.0,0.2725660498586788,1.0,0.5236821268232519,0.02144997289410578,,0.8254147791317216,,
RPSAP17,2,0.0,-1.452028901272906,1.0,-2.530402578885729,-0.37365522366008286,,0.1955057687752381,0.6439698765776977,
RPSAP5,2,0.0,-0.5144388641860705,1.0,-0.491732168430234,-0.537145559941907,,0.8791853818019615,,
RPSAP56,2,0.0,-0.7849581216878571,1.0,-1.2043749704331697,-0.3655412729425444,,0.6531883412661141,,
RPSAP61,2,0.0,-1.0458903249538711,1.0,-1.8384975115468096,-0.2532831383609326,,0.4149181500071907,0.8762138716198381,
DDX11-AS1,2,0.0,0.4152329367509725,0.5,,0.9875256361934388,-0.15705976269149374,,0.5031955092599931,
DDX19A-DT,2,0.0,-0.057080338473947265,0.5,,-0.33124806357896225,0.21708738663106772,,0.8285674638284993,0.902074851150717
DDX39B,2,0.0,-0.03599702363267087,0.5,,0.015465599680917735,-0.08745964694625948,,0.8854586807547197,0.7395047285863859
DDX47,2,0.0,0.08327927949718957,0.5,,0.2460592978977129,-0.07950073890333376,,0.5742144195348932,0.9133720923821522
DDX59,2,0.0,0.07853875918723023,0.5,,-0.05201496955195443,0.20909248792641488,,0.7846936573890302,0.40049538529608203
DDX60,2,0.0,-0.08068868532971225,0.5,,-0.308021230333377,0.14664385967395252,,0.5013532317225609,0.6298348299904882
EIF1P4,2,0.0,-0.1613197775014204,0.5,,0.4206324975314908,-0.7432720525343316,,0.7619519313123978,0.6782013736702763
EIF1P5,2,0.0,0.2745169951181611,0.5,-0.3197043009320319,0.868738291168354,,0.8916007939188748,0.5402306077566854,
EIF1P7,2,0.0,-0.3735482062069927,0.5,0.1497518566644743,-0.8968482690784597,,0.9542328684519196,0.4393909821779052,
RPL13AP20,2,0.0,0.043683750002906724,0.5,0.4045192612067299,-0.3171517612009164,,0.5728779229201372,0.45578433274744445,
RPL13AP6,2,0.0,-0.32693392151170253,0.5,-1.0204517270147486,0.36658388399134356,,0.4371245993615975,0.6016936731634182,
RPL13P5,2,0.0,-1.0144332860291352,0.5,-2.323029045710853,0.29416247365258247,,0.217260801202966,0.5128156382582726,
RPL15P5,2,0.0,0.08729924324015531,0.5,0.976736896411886,-0.8021384099315754,,0.53175836612007,0.465155568183027,
RPL19P16,2,0.0,-0.4873385556900064,0.5,-1.722298022952347,0.7476209115723342,,0.4765640113357973,0.7065083387547184,
RPL21P11,2,0.0,-0.2458371222777203,0.5,-0.5565771526026579,0.06490290804721735,,0.6591501497123918,0.9566737392548914,
RPL21P89,2,0.0,0.02275847927111413,0.5,0.8492270807588578,-0.8037101222166295,,0.6930735948746913,0.4869195574354284,
RPL21P93,2,0.0,0.5685072402043508,0.5,-0.6713971498295879,1.8084116302382895,,0.8173601561403049,0.11564494249629158,
RPL22P24,2,0.0,-0.047817951351064564,0.5,,-0.1739387495103509,0.07830284680822178,,0.8285674638284993,0.9616739189427929
RPL23AP43,2,0.0,-0.02308265965385055,0.5,-0.1897422596843559,0.1435769403766548,,0.9557349720498624,,
RPL23AP49,2,0.0,-0.6663719569976929,0.5,-1.3718202650590974,0.03907635106371148,,0.3109018732885244,0.9664531047987162,
RPL23AP57,2,0.0,0.24167980233580846,0.5,0.4850322256390113,-0.0016726209673944184,,0.7880235569551572,0.9987736219490844,
RPL26P30,2,0.0,0.1047279466498996,0.5,-0.2040081539986372,0.4134640472984364,,0.8796029512084317,0.8239912966973758,
RPL30P4,2,0.0,-0.44276404253941065,0.5,0.0982958769477293,-0.9838239620265506,,0.9722585626450506,0.45453465071734905,
RPL31P17,2,0.0,0.2694214464806321,0.5,0.5568112787991829,-0.017968385837918734,,0.8194027616169646,,
RPL34P34,2,0.0,-0.8996261738486474,0.5,-2.108363629101162,0.3091112814038673,,0.1804238507934729,0.8065798215593066,
RPL37P12,2,0.0,-0.4992244701121822,0.5,1.3265867966061609,-2.3250357368305252,,0.3074704028599638,,
RPL37P2,2,0.0,-0.0028626318834764353,0.5,0.4694999200691771,-0.47522518383613,,0.6852773083642035,0.36294172841352174,
RPL37P23,2,0.0,0.13639074524558714,0.5,-0.0784246977011841,0.3512061881923584,,0.9876652380675494,,
RPL37P6,2,0.0,0.2154549192329367,0.5,0.4675261245549095,-0.03661628608903608,,0.7155780020426203,0.9868423730918536,
RPL39P16,2,0.0,-0.5327361727719965,0.5,0.193074463511088,-1.2585468090550809,,0.9045548806549332,0.43802213712665167,
RPL3P6,2,0.0,1.0622984055925533,0.5,-0.3667468248263854,2.491343636011492,,0.914079479895847,,
RPL5P29,2,0.0,-1.7603701628748538,0.5,0.5772113562775717,-4.097951682027279,,0.7974040918402621,0.052635120125739364,
RPL5P3,2,0.0,-0.6541231657309707,0.5,-1.5776666058023217,0.26942027434038024,,0.5226894251325437,0.8722247077531715,
RPL7P15,2,0.0,-0.04753195804338467,0.5,0.8285369486321211,-0.9236008647188905,,0.3970539715547763,0.3278227986455029,
RPL7P22,2,0.0,0.24314582522214287,0.5,0.5716737159461228,-0.08538206550183708,,0.8035127973745203,0.9592727642613641,
RPL7P24,2,0.0,0.464631435111678,0.5,,0.9826477606573312,-0.05338489043397519,,0.5999330175267958,
RPL7P47,2,0.0,-0.45639084363380894,0.5,-1.6597461640905564,0.7469644768229385,,0.4479776194078413,0.6376925569965353,
RPL7P6,2,0.0,-0.6844753146334203,0.5,-1.4653925710741358,0.09644194180729522,,0.5301890389684745,,
RPL9P18,2,0.0,-0.3129004287809774,0.5,0.2764485310504189,-0.9022493886123737,,0.8533073761075755,0.5867075786747965,
RPL9P28,2,0.0,0.0827320411384716,0.5,-0.8983156100678807,1.063779692344824,,0.6608598997121463,,
RPS10P2,2,0.0,-0.12423379603987392,0.5,0.3903832223308172,-0.638850814410565,,0.791402715110931,,
RPS10P5,2,0.0,0.4992175667258441,0.5,1.6471277271807865,-0.6486925937290983,,0.1869870138656491,0.6898592579768057,
RPS11P5,2,0.0,0.16346972876295374,0.5,0.6670455038052246,-0.3401060462793172,,0.2605775945129375,0.43861340093779355,
RPS15AP10,2,0.0,-0.9835456448179734,0.5,,0.652961941613062,-2.620053231249009,,0.3779661740480417,0.15917302895918745
RPS15AP12,2,0.0,-0.16184349447796245,0.5,-0.4238793906038546,0.10019240164792968,,0.8645893138166536,0.922977055147188,
RPS15AP24,2,0.0,0.022624632060709637,0.5,-0.5625973223964789,0.6078465865178981,,0.7940183973017109,0.633381759632105,
RPS15AP38,2,0.0,-0.013380789418058425,0.5,-0.3564474928836438,0.32968591404752695,,0.944810073573492,0.8357869798459128,
RPS19P1,2,0.0,0.11902706079751879,0.5,-0.2698306326442791,0.5078847542393167,,0.917217064050134,0.7452964680683148,
RPS20P22,2,0.0,-0.19295089472391547,0.5,0.4752847573563611,-0.861186546804192,,0.7237084989076482,0.525472437554013,
RPS24P17,2,0.0,-0.2567404465679965,0.5,-0.5820260960921153,0.06854520295612236,,0.8493330923105892,,
RPS26P47,2,0.0,-0.2189795172410524,0.5,-1.232355762843087,0.7943967283609822,,0.4765519712740156,,
RPS26P58,2,0.0,-0.13024996419086685,0.5,-0.6332229642557383,0.3727230358740046,,0.8289112269454785,0.805989656187456,
RPS27AP7,2,0.0,0.30284235122248054,0.5,,-0.7062749075285913,1.3119596099735524,,0.3403193317237421,0.4479969359036911
RPS29P5,2,0.0,0.5296400098154285,0.5,1.1556346951678886,-0.09635467553703167,,0.3557644689823019,0.9250918750335455,
RPS2P35,2,0.0,-0.4362564560079291,0.5,0.1194595840336145,-0.9919724960494727,,0.962143354161019,0.27342219766814,
RPS3AP49,2,0.0,-0.7236607403605247,0.5,-1.6593485457855346,0.21202706506448502,,0.47799897975188,0.792235203114752,
RPS3P6,2,0.0,0.14251849640180914,0.5,-1.030110221263553,1.3151472140671712,,0.7025458052482673,0.4150818810470421,
RPS4XP14,2,0.0,-0.7357125087464074,0.5,0.3666166524735339,-1.8380416699663487,,0.8491709344649926,,
RPS4XP2,2,0.0,0.3784102634243859,0.5,-0.3429523081291472,1.099772834977919,,0.9183673027234026,,
RPS4XP3,2,0.0,-1.0250283806130764,0.5,-2.0975305973369673,0.04747383611081431,,0.1297484906520832,0.9385855488372268,
RPSAP8,2,0.0,-0.3490550699268124,0.5,0.0020358659239251,-0.7001460057775499,,0.9989036613330696,0.4323147097017338,
RPSAP9,2,0.0,0.017597462255561913,0.5,-0.5200567110464863,0.5552516355576101,,0.6236468309821626,0.33675539030903123,
DDX11L10,1,0.0,-0.4281588774378291,1.0,,-0.4281588774378291,,,0.4607397799897452,
DDX11L2,1,0.0,0.8859532333727735,1.0,,0.8859532333727735,,,0.20446175621889084,
DDX39B-AS1,1,0.0,0.1414076457573359,1.0,,0.1414076457573359,,,0.9446417120481825,
DDX43,1,0.0,0.08551738642056331,1.0,,0.08551738642056331,,,0.96555976460145,
DHX9P1,1,0.0,1.579041813520317,1.0,1.579041813520317,,,0.167797596099248,,
EIF4A2P1,1,0.0,2.7902446934356355,1.0,,,2.7902446934356355,,,0.174412940604199
EIF4A2P4,1,0.0,0.3133046187017445,1.0,0.3133046187017445,,,0.8362481987893114,,
EIF4BP5,1,0.0,-0.5340169277631049,1.0,,-0.5340169277631049,,,0.666258296375952,
EIF4BP9,1,0.0,-0.10910254565368,1.0,,-0.10910254565368,,,0.9543772637053018,
EIF4EP1,1,0.0,-1.530806004434604,1.0,,-1.530806004434604,,,0.15746606896087825,
EIF4HP2,1,0.0,-1.3786061506497278,1.0,,-1.3786061506497278,,,0.4566798606943115,
RPL10P15,1,0.0,-0.12981969473543364,1.0,,-0.12981969473543364,,,0.9338864131460529,
RPL10P19,1,0.0,0.3908666462926828,1.0,,0.3908666462926828,,,0.8548015495579838,
RPL12P1,1,0.0,-0.1116018311249317,1.0,-0.1116018311249317,,,0.9367537247736544,,
RPL12P10,1,0.0,-0.36766484051109266,1.0,,-0.36766484051109266,,,0.851432864265692,
RPL12P33,1,0.0,-0.315959982145622,1.0,,-0.315959982145622,,,0.8419512073470993,
RPL12P35,1,0.0,0.667697593802735,1.0,,0.667697593802735,,,0.6699314011982309,
RPL12P7,1,0.0,0.6124707662752313,1.0,0.6124707662752313,,,0.7967150683421801,,
RPL13AP19,1,0.0,2.546056260811388,1.0,,2.546056260811388,,,0.1292677103917779,
RPL17-C18orf32,1,0.0,0.8933768009424413,1.0,,0.8933768009424413,,,0.17115945641547053,
RPL19P21,1,0.0,0.031017231568719206,1.0,,0.031017231568719206,,,0.9875830156286206,
RPL21P119,1,0.0,0.09248292048285969,1.0,,0.09248292048285969,,,0.9312444720429455,
RPL21P134,1,0.0,-0.4028021380271308,1.0,,-0.4028021380271308,,,0.7355153712310865,
RPL21P37,1,0.0,-0.8724034455833252,1.0,,-0.8724034455833252,,,0.5706382097022789,
RPL21P39,1,0.0,-0.5043533255794914,1.0,-0.5043533255794914,,,0.890589413227851,,
RPL21P4,1,0.0,-0.1290880419721913,1.0,-0.1290880419721913,,,0.9719756195560432,,
RPL21P44,1,0.0,-2.4334432640534893,1.0,,-2.4334432640534893,,,0.09155514832030882,
RPL22P12,1,0.0,1.3248048587312211,1.0,1.3248048587312211,,,0.260672407612022,,
RPL23AP10,1,0.0,-0.3537653713192421,1.0,-0.3537653713192421,,,0.9126353948643432,,
RPL23AP25,1,0.0,0.11313421717918962,1.0,,0.11313421717918962,,,0.9394549120273371,
RPL23AP37,1,0.0,-1.1826078869810732,1.0,-1.1826078869810732,,,0.4337454046892033,,
RPL23AP74,1,0.0,-0.8196100892737959,1.0,-0.8196100892737959,,,0.6170903499761389,,
RPL23AP94,1,0.0,-1.4294270529411808,1.0,-1.4294270529411808,,,0.5400252138474205,,
RPL32P2,1,0.0,-0.8115972313881039,1.0,,-0.8115972313881039,,,0.5547676860862345,
RPL35AP32,1,0.0,-2.9547116713622406,1.0,,-2.9547116713622406,,,0.10674221385769612,
RPL35P2,1,0.0,-1.2684510145248105,1.0,-1.2684510145248105,,,0.0766966461593184,,
RPL3P1,1,0.0,-1.5944313965991006,1.0,,-1.5944313965991006,,,0.3616750817272408,
RPL5P12,1,0.0,-1.229118187377583,1.0,-1.229118187377583,,,0.3797355442655249,,
RPL5P18,1,0.0,-0.3345213069386694,1.0,,-0.3345213069386694,,,0.8413720513105035,
RPL5P9,1,0.0,-0.2056411230899471,1.0,-0.2056411230899471,,,0.928530568133804,,
RPL7AP60,1,0.0,-0.3740896495273743,1.0,,-0.3740896495273743,,,0.8301144042104884,
RPL7P10,1,0.0,-0.3356110529370376,1.0,-0.3356110529370376,,,0.8937830182052089,,
RPL7P18,1,0.0,-0.03382924822971455,1.0,,-0.03382924822971455,,,0.9867102024805552,
RPL7P42,1,0.0,-0.3587319133466952,1.0,-0.3587319133466952,,,0.9434106097737268,,
RPL9P21,1,0.0,0.1171813645207094,1.0,0.1171813645207094,,,0.9635117504394262,,
RPL9P29,1,0.0,0.8396224261753104,1.0,0.8396224261753104,,,0.4914500737742595,,
RPS10P9,1,0.0,0.3433902902255744,1.0,,0.3433902902255744,,,0.8655360671062722,
RPS12P31,1,0.0,2.0360975200138647,1.0,,,2.0360975200138647,,,0.2520008581217691
RPS15AP17,1,0.0,-1.8698919058125096,1.0,,-1.8698919058125096,,,0.2536651193665508,
RPS21P4,1,0.0,-0.8127784988080861,1.0,-0.8127784988080861,,,0.7792005667167234,,
RPS25P3,1,0.0,-0.764220638986668,1.0,,-0.764220638986668,,,0.6456056935018748,
RPS26P15,1,0.0,-0.5519833774562415,1.0,-0.5519833774562415,,,0.8711681785733154,,
RPS26P21,1,0.0,2.4660679238240446,1.0,,2.4660679238240446,,,0.12262133452128404,
RPS26P28,1,0.0,-1.3385204932697856,1.0,-1.3385204932697856,,,0.4499057854837298,,
RPS26P39,1,0.0,0.5568102134419212,1.0,0.5568102134419212,,,0.8195913286852644,,
RPS27AP1,1,0.0,-0.288280655361658,1.0,-0.288280655361658,,,0.9359711812669148,,
RPS27P16,1,0.0,2.55537545418689,1.0,,2.55537545418689,,,0.13527137671150288,
RPS28P5,1,0.0,-2.076095492326826,1.0,-2.076095492326826,,,0.1005326523489354,,
RPS3AP24,1,0.0,0.6886087348955745,1.0,0.6886087348955745,,,0.6268825011362316,,
RPS3AP34,1,0.0,-0.34637252211577807,1.0,,-0.34637252211577807,,,0.8687239109760725,
RPS3AP44,1,0.0,0.5326378989630497,1.0,0.5326378989630497,,,0.8703906822969623,,
RPS3AP7,1,0.0,-1.0228468473597687,1.0,-1.0228468473597687,,,0.5864249777947057,,
RPS4XP13,1,0.0,-0.7978201245484235,1.0,,-0.7978201245484235,,,0.4782274480151649,
RPS6KA2-IT1,1,0.0,0.6001173760203681,1.0,0.6001173760203681,,,0.8023612819083946,,
RPS6KB2-AS1,1,0.0,-0.6447477890762687,1.0,-0.6447477890762687,,,0.2169369765003941,,
RPS9P1,1,0.0,-0.3722745652310654,1.0,-0.3722745652310654,,,0.8390675997287831,,
RPSAP36,1,0.0,-0.6815257557879142,1.0,,-0.6815257557879142,,,0.6006395558855367,
RPSAP52,1,0.0,2.0763931767489225,1.0,2.0763931767489225,,,0.1428983191151951,,
RPSAP70,1,0.0,0.871246872595729,1.0,0.871246872595729,,,0.6123421359162183,,
RPL32P11,2,,-1.0777966777047894,1.0,,-1.7752990002024445,-0.38029435520713434,,,
RPS12P26,2,,-1.004079316831837,1.0,,-1.6683503229851615,-0.3398083106785122,,,
RPL31P52,2,,-0.4316698275654973,0.5,,0.24069519890820246,-1.104034854039197,,,
DDX18P1,1,,0.3686715960014738,1.0,,0.3686715960014738,,,,
DDX39BP2,1,,-2.6682320211010313,1.0,,-2.6682320211010313,,,,
DHX33-DT,1,,-2.795268303734772,1.0,,,-2.795268303734772,,,
EIF1P6,1,,0.18323736341625646,1.0,,0.18323736341625646,,,,
EIF3LP1,1,,1.941444029352211,1.0,,1.941444029352211,,,,
RPL10P7,1,,1.2396580762658733,1.0,,1.2396580762658733,,,,
RPL17P43,1,,-1.3507510677045336,1.0,,-1.3507510677045336,,,,
RPL18P11,1,,-4.164797000758837,1.0,,-4.164797000758837,,,,
RPL21P116,1,,-0.3617361096284297,1.0,,-0.3617361096284297,,,,
RPL21P132,1,,2.87036301616516,1.0,,2.87036301616516,,,,
RPL21P3,1,,-0.5575415374144342,1.0,,-0.5575415374144342,,,,
RPL21P7,1,,-0.6726403925202215,1.0,,-0.6726403925202215,,,,
RPL22P3,1,,-0.8622468743574431,1.0,,-0.8622468743574431,,,,
RPL23AP88,1,,-1.272663146659601,1.0,,-1.272663146659601,,,,
RPL31P44,1,,-0.03810933848366939,1.0,,-0.03810933848366939,,,,
RPL31P63,1,,-2.3825524812544288,1.0,,,-2.3825524812544288,,,
RPL32P27,1,,1.9659579840866408,1.0,,1.9659579840866408,,,,
RPL32P32,1,,-0.18399631141748,1.0,,-0.18399631141748,,,,
RPL35P6,1,,0.7894364735714766,1.0,,0.7894364735714766,,,,
RPL36AP15,1,,0.5373128471487938,1.0,,0.5373128471487938,,,,
RPL36AP21,1,,-1.1560579345081505,1.0,,-1.1560579345081505,,,,
RPL39P40,1,,-0.5983862242106924,1.0,,-0.5983862242106924,,,,
RPL4P7,1,,-1.6393141945841492,1.0,,-1.6393141945841492,,,,
RPL6P8,1,,-3.273893588704428,1.0,,-3.273893588704428,,,,
RPL7P56,1,,1.0067404610903101,1.0,,1.0067404610903101,,,,
RPL9P33,1,,0.8352007099149993,1.0,,0.8352007099149993,,,,
RPS15AP16,1,,-0.12708689998439746,1.0,,-0.12708689998439746,,,,
RPS20P2,1,,0.5967761918199855,1.0,,0.5967761918199855,,,,
RPS20P24,1,,-2.2341250357260214,1.0,,-2.2341250357260214,,,,
RPS20P4,1,,3.3535467218386,1.0,,,3.3535467218386,,,
RPS26P6,1,,1.0568449004133753,1.0,,1.0568449004133753,,,,
RPS26P8,1,,-0.9586129931544042,1.0,,-0.9586129931544042,,,,
RPS27AP12,1,,-0.6985083905965305,1.0,,-0.6985083905965305,,,,
RPS29P14,1,,0.33526715325951406,1.0,,0.33526715325951406,,,,
RPS2P45,1,,1.498798030123147,1.0,,1.498798030123147,,,,
RPS3AP18,1,,-1.314349690437706,1.0,,-1.314349690437706,,,,
RPS3P2,1,,0.12314589574534919,1.0,,0.12314589574534919,,,,
RPS4XP7,1,,0.621071898236259,1.0,,0.621071898236259,,,,
RPS7P14,1,,-1.3404670653909299,1.0,,-1.3404670653909299,,,,
RPS8P10,1,,0.9682555835163192,1.0,,,0.9682555835163192,,,
RPSAP1,1,,3.5751206115874568,1.0,,3.5751206115874568,,,,
RPSAP44,1,,-4.353141226205571,1.0,,,-4.353141226205571,,,
