priority_rank,gene_id,gene_symbol,baseMean,log2FoldChange,lfcSE,stat,pvalue,padj,gene_id_base,gencode_symbol,gene_type,gencode_release,host_gene,target_family,translation_target,protein_coding,gencode_pseudogene,symbol_pseudogene_like,curated_host_protein_coding_target,significant,passes_effect_size,significant_with_effect,log2FoldChange_strict,padj_strict,significant_strict,direction_agreement,dataset_count,significant_dataset_count,mean_log2_fold_change,direction_consistency,log2fc_GSE278320_primary,log2fc_GSE287860,log2fc_GSE288000_NTC,padj_GSE278320_primary,padj_GSE287860,padj_GSE288000_NTC,n_infected_samples,pearson_r_viral_load,pearson_p_viral_load,spearman_r_viral_load,spearman_p_viral_load,viral_load_correlation_q,candidate_priority_score,priority_interpretation
31,ENSG00000109606.13,DHX15,545.3155060624982,0.7642139391541203,0.1151021973716811,6.639438313122435,3.1488074607354966e-11,4.286859595420798e-10,ENSG00000109606,DHX15,protein_coding,v44,True,DHX,True,True,False,False,True,True,True,True,0.751908477040268,0.0008926865155596,True,True,3,3.0,0.7979729797496007,1.0,0.7642139391541203,0.7043737216176243,0.9253312784770574,4.286859595420798e-10,3.0608724449737533e-24,1.4316478895113495e-14,6,-0.3768064768561388,0.4615403645144549,-0.2571428571428572,0.6227871720116619,0.9277903245851797,8.667227470050074,cross-dataset conserved translation factor
39,ENSG00000163214.21,DHX57,77.08689902307738,1.0027515035896104,0.2301193345639724,4.3575282602377285,1.3153951859027897e-05,6.084574550273562e-05,ENSG00000163214,DHX57,protein_coding,v44,True,DHX,True,True,False,False,True,True,True,True,0.8762917692197559,0.027087885138907,True,True,3,3.0,0.5924757380984274,1.0,1.0027515035896104,0.2887044594540163,0.4859712512516553,6.084574550273562e-05,0.0061939198597572,0.0071142104129907,6,0.15906818109818868,0.7634101544910965,0.3714285714285715,0.4684781341107872,0.9462584097748057,8.503816322835638,cross-dataset conserved translation factor
44,ENSG00000005100.13,DHX33,76.7956627608616,-1.260003285741127,0.1931847063048432,-6.522272439894162,6.925008066460456e-11,8.889607176545175e-10,ENSG00000005100,DHX33,protein_coding,v44,True,DHX,True,True,False,False,True,True,True,True,-1.2893279183153603,6.182545633022994e-05,True,True,3,3.0,0.0569668564237694,0.6666666666666666,-1.260003285741127,0.5297136040491792,0.901190250963256,8.889607176545173e-10,1.18559280384536e-07,8.210936292844133e-09,6,-0.24261709407308082,0.6432149504860686,-0.14285714285714288,0.7871720116618076,0.9462584097748057,8.380676202851964,cross-dataset conserved translation factor
52,ENSG00000067248.11,DHX29,126.64784963204478,0.9748369892726652,0.2084341388468345,4.676954527055729,2.911667916221196e-06,1.563354929906063e-05,ENSG00000067248,DHX29,protein_coding,v44,True,DHX,True,True,False,False,True,True,True,True,0.9128525830978348,0.0093589470181432,True,True,3,2.0,0.5436783458358755,1.0,0.9748369892726652,0.1543243184016307,0.5018737298333306,1.563354929906063e-05,0.1381030562827207,0.0085533908601478,6,0.779290985192624,0.06769306328097768,0.6,0.208,0.9264161857994898,7.97709715979769,mentor-focal DHX29 candidate
67,ENSG00000108406.10,DHX40,88.93634505838776,-1.3821128957947115,0.2156151234416361,-6.410092547004612,1.4543132722837348e-10,1.7700096243587196e-09,ENSG00000108406,DHX40,protein_coding,v44,True,DHX,True,True,False,False,True,True,True,True,-1.453948160169882,0.0002424585465403,True,True,3,2.0,-0.1648354870766722,0.6666666666666666,-1.3821128957947115,0.0087325599204556,0.8788738746442392,1.7700096243587192e-09,0.9565945404093172,5.531408822906936e-06,6,-0.6264331609849003,0.18326224083756845,-0.7142857142857143,0.11078717201166179,0.9264161857994898,7.703519064119742,strict-sensitivity-supported primary target
68,ENSG00000134815.19,DHX34,31.16047844103035,1.3091297032950695,0.2899261020389821,4.515390970624129,6.320005649699998e-06,3.148454162173526e-05,ENSG00000134815,DHX34,protein_coding,v44,True,DHX,True,True,False,False,True,True,True,True,1.367385939598155,0.0035633584647848,True,True,3,2.0,0.5738163727190566,1.0,1.3091297032950695,0.3265535282392487,0.0857658866228516,3.148454162173526e-05,0.0005177687154873,0.6763580346358132,6,0.3468542951131009,0.5005832136093824,0.4285714285714286,0.3965014577259473,0.9462584097748057,7.694008396735709,strict-sensitivity-supported primary target
94,ENSG00000181381.15,DDX60L,12.401803094983627,2.432371080715438,0.530085240427931,4.588641401808917,4.461400594165767e-06,2.301943386769704e-05,ENSG00000181381,DDX60L,protein_coding,v44,True,DDX,True,True,False,False,True,True,True,True,,,False,False,2,2.0,-0.5483857685161901,1.0,,-0.4397218633166445,-0.6570496737157357,,1.8816255172028222e-05,0.0027184340447268,6,0.721577552461168,0.10548706583056663,0.7714285714285715,0.07239650145772594,0.9264161857994898,6.728979497899201,primary significant translation target
98,ENSG00000100201.23,DDX17,3430.513372298427,2.354269482597309,0.3930944178670083,5.989068721382367,2.110459813863188e-09,2.074318546208028e-08,ENSG00000100201,DDX17,protein_coding,v44,True,DDX,True,True,False,False,True,True,True,True,,,False,False,2,2.0,-0.3669429214968333,1.0,,-0.1737334472476655,-0.560152395746001,,0.016761861911133,5.902276131416473e-05,6,0.47801672214125646,0.33758832410119677,0.6571428571428573,0.1561749271137024,0.9264161857994898,6.69707991225527,primary significant translation target
102,ENSG00000123064.13,DDX54,132.99342916378964,-1.9417988273250204,0.2793815562043804,-6.9503472373262385,3.6438818845590234e-12,5.6484053946149465e-11,ENSG00000123064,DDX54,protein_coding,v44,True,DDX,True,True,False,False,True,True,True,True,,,False,False,2,2.0,0.5871302350265704,1.0,,0.4044027448901549,0.7698577251629858,,2.305971382364664e-06,1.275986620107169e-05,6,-0.7117319863521379,0.11267035931195947,-0.3142857142857143,0.5440932944606415,0.9264161857994898,6.6696582643928,primary significant translation target
105,ENSG00000108654.16,DDX5,1041.1604948084923,2.0883950759151233,0.3164033003904602,6.600421276699457,4.099910527259533e-11,5.452381012166489e-10,ENSG00000108654,DDX5,protein_coding,v44,True,DDX,True,True,False,False,True,True,True,True,,,False,False,2,2.0,0.3984148787274413,1.0,,0.4670073197346874,0.3298224377201953,,2.126467321122577e-09,0.0351120441329072,6,-0.5093856888900432,0.3020075817637487,-0.2571428571428572,0.6227871720116619,0.9264161857994898,6.6175411481282085,primary significant translation target
109,ENSG00000064703.13,DDX20,72.08873374777691,1.193139822971212,0.201150388628996,5.931580998194598,3.0003148671996213e-09,2.8587534842124836e-08,ENSG00000064703,DDX20,protein_coding,v44,True,DDX,True,True,False,False,True,True,True,True,,,False,False,2,2.0,0.5715489238342383,1.0,,0.4349528146603659,0.7081450330081106,,3.460908024175758e-06,4.084661476628401e-05,6,-0.873718895995879,0.02291347868621079,-0.8857142857142858,0.01884548104956266,0.9264161857994898,6.585370053272489,primary significant translation target
116,ENSG00000013573.17,DDX11,132.20120994374145,1.1095799675718545,0.2859862521371195,3.879836737885753,0.0001045266009035,0.0003863940958825,ENSG00000013573,DDX11,protein_coding,v44,True,DDX,True,True,False,False,True,True,True,True,,,False,False,2,2.0,-0.5218422960117893,1.0,,-0.4161411505756186,-0.62754344144796,,0.0001043524086065,2.0961568969883284e-05,6,-0.6303364835024096,0.17971920721257809,-0.48571428571428577,0.3287230320699708,0.9264161857994898,6.400374816366288,primary significant translation target
117,ENSG00000088205.13,DDX18,152.5053081280301,-0.6757828783302132,0.2445786316921554,-2.7630495503826475,0.0057264072479238,0.0134917297263929,ENSG00000088205,DDX18,protein_coding,v44,True,DDX,True,True,False,False,True,True,True,True,,,False,False,2,2.0,0.9883247436549788,1.0,,0.7885983741106563,1.1880511131993017,,3.263493566028578e-19,7.873647478614166e-17,6,-0.6555818705086626,0.15750766997623372,-0.7714285714285715,0.07239650145772594,0.9264161857994898,6.315216498270762,primary significant translation target
118,ENSG00000178105.12,DDX10,58.08935045310846,-1.143599329836826,0.2127473486573401,-5.37538698862356,7.641837093331168e-08,5.672854561114797e-07,ENSG00000178105,DDX10,protein_coding,v44,True,DDX,True,True,False,False,True,True,True,True,,,False,False,2,2.0,0.9306821663467276,1.0,,0.7773743260585211,1.083990006634934,,4.846889791791962e-15,1.0558714186888417e-08,6,0.4882329350419752,0.32584098128470396,0.2,0.7040000000000001,0.9264161857994898,6.277340859818408,primary significant translation target
120,ENSG00000079785.16,DDX1,228.0726327091481,-0.876766756333737,0.2468806850227818,-3.551378497887876,0.0003832188837758,0.0012278542463863,ENSG00000079785,DDX1,protein_coding,v44,True,DDX,True,True,False,False,True,True,True,True,,,False,False,2,2.0,0.9239048851627106,1.0,,0.6145676408645628,1.2332421294608584,,1.3888622045686812e-16,3.3624443325477072e-21,6,-0.41920047534216154,0.40803213522774695,-0.4285714285714286,0.3965014577259473,0.9264161857994898,6.2004696269412465,primary significant translation target
121,ENSG00000089737.18,DDX24,531.7324827904584,1.4303855066646942,0.2544996895521723,5.620382127701833,1.9053555168936073e-08,1.5705141278703547e-07,ENSG00000089737,DDX24,protein_coding,v44,True,DDX,True,True,False,False,True,True,True,True,,,False,False,2,2.0,0.6093649828768103,1.0,,0.4444434772137894,0.7742864885398312,,2.5578950316300752e-09,1.2656378862599716e-09,6,0.1962826754776159,0.7093570671787871,0.48571428571428577,0.3287230320699708,0.9462584097748057,6.197604325116015,primary significant translation target
122,ENSG00000111364.16,DDX55,113.39785695169074,0.7887067446153465,0.2232500672192879,3.532839897605215,0.0004111213628317,0.0013061262816256,ENSG00000111364,DDX55,protein_coding,v44,True,DDX,True,True,False,False,True,True,True,True,,,False,False,2,2.0,0.5906232700995278,1.0,,0.5081331661666331,0.6731133740324224,,3.828780674010678e-06,1.4235442178487222e-05,6,-0.39555451389781465,0.43761312597014557,-0.14285714285714288,0.7871720116618076,0.9264161857994898,6.139396681109373,primary significant translation target
124,ENSG00000165732.14,DDX21,472.4365073603646,-0.8215908775585082,0.118179627863562,-6.9520516556968,3.600115215851941e-12,5.592486670778549e-11,ENSG00000165732,DDX21,protein_coding,v44,True,DDX,True,True,False,False,True,True,True,True,,,False,False,2,2.0,1.6485483702410009,1.0,,1.3968904916090543,1.9002062488729472,,4.553831599052546e-81,5.837058981462208e-51,6,-0.05604127979829218,0.9160260826259061,-0.2571428571428572,0.6227871720116619,0.9670946448949179,5.936600830836178,primary significant translation target
126,ENSG00000136271.11,DDX56,124.43544188080529,0.5355141318440979,0.2303257448610838,2.325029415044688,0.0200703873836411,0.0407233369464334,ENSG00000136271,DDX56,protein_coding,v44,True,DDX,True,True,False,False,True,True,True,True,,,False,False,2,2.0,0.886866672049992,1.0,,0.7199829580114668,1.0537503860885171,,2.4792645412298503e-19,1.4048325408785224e-16,6,-0.13252991875083064,0.8023690115057787,-0.08571428571428573,0.8717434402332361,0.9525454590517624,5.881658715211631,primary significant translation target
137,ENSG00000182810.7,DDX28,26.4167646194199,0.9292950980003432,0.2857663247945614,3.251940545018442,0.0011461999520327,0.0032516416433188,ENSG00000182810,DDX28,protein_coding,v44,True,DDX,True,True,False,False,True,True,True,True,,,False,False,2,1.0,0.4292030732459371,1.0,,0.2246831623513952,0.6337229841404789,,0.1047173524906849,0.0008807918523442,6,0.42563906641297744,0.40009762042604774,0.3142857142857143,0.5440932944606415,0.9264161857994898,5.15323756176919,primary significant translation target
139,ENSG00000204560.10,DHX16,81.16824255367955,-0.5336824064533103,0.2614787523215271,-2.0410163415384064,0.0412492028211435,0.0760799250341769,ENSG00000204560,DHX16,protein_coding,v44,True,DHX,True,True,False,False,True,False,True,False,-0.5259491493083464,0.2899498505731752,False,True,3,2.0,0.1254075767141127,0.6666666666666666,-0.5336824064533103,0.3355773350927403,0.5743278015029083,0.0760799250341769,3.597134263397713e-05,9.41687864993745e-05,6,-0.8672242781032042,0.02527371084153173,-0.5428571428571429,0.26570262390670546,0.9264161857994898,4.669230674495038,audited host protein-coding translation target
140,ENSG00000157349.17,DDX19B,5.002352254090212,1.931682750587991,0.6377037774873566,3.029122327296061,0.002452653504368,0.0063848618918915,ENSG00000157349,DDX19B,protein_coding,v44,True,DDX,True,True,False,False,True,True,True,True,,,False,False,2,0.0,0.1950383162044868,1.0,,0.2062386891067745,0.183837943302199,,0.0938557672639353,0.4855356673166866,6,0.8267339272576939,0.04243087612801244,0.7714285714285715,0.07239650145772594,0.9264161857994898,4.658007523126199,primary significant translation target
142,ENSG00000198563.14,DDX39B,967.0441898230288,3.414831867781934,0.2612572610228157,13.070763485818349,4.8377527016905366e-39,4.414702360831407e-37,ENSG00000198563,DDX39B,protein_coding,v44,True,DDX,True,True,False,False,True,True,True,True,,,False,False,2,0.0,-0.0359970236326708,0.5,,0.0154655996809177,-0.0874596469462594,,0.8854586807547197,0.7395047285863859,6,0.4124605057065997,0.41639388866640326,0.5428571428571429,0.26570262390670546,0.9264161857994898,4.4991908984409426,primary significant translation target
145,ENSG00000174243.10,DDX23,164.35860309037608,-0.6330342831488488,0.4085927322694092,-1.5493038254323432,0.1213087006047369,0.1924176552864954,ENSG00000174243,DDX23,protein_coding,v44,True,DDX,True,True,False,False,True,False,True,False,,,False,False,2,2.0,0.4575802383027874,1.0,,0.3666698123026842,0.5484906643028905,,3.284884108723839e-06,1.4138001683498377e-05,6,-0.6615713631298852,0.15242013040449517,-0.7142857142857143,0.11078717201166179,0.9264161857994898,4.3113056952023445,audited host protein-coding translation target
146,ENSG00000150990.9,DHX37,37.95581752359083,-0.5707444174104155,0.3493810621994124,-1.6335871607278416,0.1023455655438746,0.1666410440098473,ENSG00000150990,DHX37,protein_coding,v44,True,DHX,True,True,False,False,True,False,True,False,-0.4439308326308772,0.4750518533950574,False,True,3,2.0,0.2109076488704928,0.6666666666666666,-0.5707444174104155,0.4914170768046807,0.7120502872172134,0.1666410440098473,1.8224050538832408e-07,0.0001127736023926,6,-0.3910946825968313,0.4432679296181585,-0.08571428571428573,0.8717434402332361,0.9264161857994898,4.298479097505815,audited host protein-coding translation target
147,ENSG00000213782.7,DDX47,2.482694591727235,3.9665488147587338,1.0031513824390903,3.954087971363161,7.682714068026174e-05,0.0002948961524527,ENSG00000213782,DDX47,protein_coding,v44,True,DDX,True,True,False,False,True,True,True,True,,,False,False,2,0.0,0.0832792794971895,0.5,,0.2460592978977129,-0.0795007389033337,,0.5742144195348932,0.9133720923821522,6,-0.01488939030739389,0.9776675649827378,-0.14285714285714288,0.7871720116618076,0.9826556648040783,4.166123973761296,primary significant translation target
148,ENSG00000140829.12,DHX38,139.20113852144485,0.0805547189859051,0.2619129379358152,0.3075629620314746,0.7584149068722142,0.8295816800683581,ENSG00000140829,DHX38,protein_coding,v44,True,DHX,True,True,False,False,True,False,False,False,0.0884881213697789,0.8727905278415298,False,True,3,2.0,0.3556229841000632,1.0,0.0805547189859051,0.4558908704174739,0.5304233628968107,0.8295816800683581,1.6487303516414891e-09,5.204686173181348e-05,6,-0.8457929187148492,0.033836227257755466,-0.8285714285714287,0.04156268221574335,0.9264161857994898,4.056283695894594,audited host protein-coding translation target
149,ENSG00000132153.15,DHX30,233.34905489505377,0.0536306445737988,0.190052390026069,0.282188740517509,0.7777987914102225,0.8449365762144221,ENSG00000132153,DHX30,protein_coding,v44,True,DHX,True,True,False,False,True,False,False,False,0.0443175732546039,0.9199313267197342,False,True,3,2.0,0.4644328018722272,1.0,0.0536306445737988,0.5185396114266061,0.8211281496162766,0.8449365762144221,1.9182855298873422e-10,2.024233211265099e-07,6,-0.7175609072993228,0.10839241841873547,-0.2571428571428572,0.6227871720116619,0.9264161857994898,3.9691552610579626,audited host protein-coding translation target
150,ENSG00000145833.16,DDX46,250.29835457513116,0.6273653983291235,0.3132482085125548,2.0027740982403066,0.0452015412419139,0.0822634858549851,ENSG00000145833,DDX46,protein_coding,v44,True,DDX,True,True,False,False,True,False,True,False,,,False,False,2,2.0,0.3043870735535393,1.0,,0.1647463336078641,0.4440278134992145,,0.0450163063675268,0.0013060552571019,6,-0.09710089308910629,0.8548064223025723,0.08571428571428573,0.8717434402332361,0.966988858164536,3.899388371117251,audited host protein-coding translation target
152,ENSG00000278053.5,DDX52,110.2300998562183,0.6551761176945347,0.1713170993922144,3.824347482060563,0.0001311188829975,0.0004725219494674,ENSG00000278053,DDX52,protein_coding,v44,True,DDX,True,True,False,False,True,True,True,True,,,False,False,2,0.0,-0.0573908340682551,1.0,,-0.0527988459747836,-0.0619828221617265,,0.6158253209345101,0.7955613986410404,6,0.07715843503383105,0.884492025892457,0.08571428571428573,0.8717434402332361,0.9670946448949179,3.8663545970368944,primary significant translation target
153,ENSG00000105671.12,DDX49,48.09572543993842,-0.7575352199850586,0.3649088140558966,-2.0759575839377216,0.037897874131608,0.070687816198612,ENSG00000105671,DDX49,protein_coding,v44,True,DDX,True,True,False,False,True,False,True,False,,,False,False,2,2.0,0.7682192746930003,1.0,,0.5584536480880096,0.9779849012979912,,4.1788557401772034e-11,5.501036674824558e-09,6,0.04185849105521958,0.9372489342446473,0.08571428571428573,0.8717434402332361,0.9670946448949179,3.840354149275599,audited host protein-coding translation target
155,ENSG00000067596.12,DHX8,100.36803386966596,-0.0556915321343172,0.1722982579730414,-0.3232274823291072,0.7465229691442484,0.8206172071942043,ENSG00000067596,DHX8,protein_coding,v44,True,DHX,True,True,False,False,True,False,False,False,-0.0832047524999478,0.8325642144779538,False,True,3,2.0,0.183758755393255,0.6666666666666666,-0.0556915321343172,0.2442447918465874,0.362723006467495,0.8206172071942043,0.0019081839981701,0.0073611901909277,6,-0.8736295327974802,0.022945206200607162,-0.8285714285714287,0.04156268221574335,0.9264161857994898,3.81098558833621,audited host protein-coding translation target
159,ENSG00000174953.14,DHX36,170.7981735170525,0.1743752487869281,0.22876896983447,0.7622329589240208,0.4459209782904557,0.5585215951596416,ENSG00000174953,DHX36,protein_coding,v44,True,DHX,True,True,False,False,True,False,False,False,0.1757316163885754,0.7051375430288733,False,True,3,2.0,0.3940525532979445,1.0,0.1743752487869281,0.4379071884346543,0.5698752226722509,0.5585215951596416,1.500738159003773e-06,0.0004722490309344,6,-0.3546603060514345,0.4903148249546762,-0.2571428571428572,0.6227871720116619,0.9462584097748057,3.717630873515982,audited host protein-coding translation target
162,ENSG00000124228.15,DDX27,91.24390484634208,-0.4517000988783554,0.3671556001153693,-1.2302688525966106,0.2185964440405046,0.3137809954273663,ENSG00000124228,DDX27,protein_coding,v44,True,DDX,True,True,False,False,True,False,False,False,,,False,False,2,2.0,0.2870925811394851,1.0,,0.2225834841742993,0.351601678104671,,0.0049638733086584,0.0184977382561258,6,-0.7743405501117864,0.07063774459647439,-0.6571428571428573,0.1561749271137024,0.9264161857994898,3.5826244076855147,audited host protein-coding translation target
166,ENSG00000125485.18,DDX31,47.87974188466339,0.0570043977323151,0.2007898983850746,0.2839007250404208,0.7764864608476529,0.8439109281032274,ENSG00000125485,DDX31,protein_coding,v44,True,DDX,True,True,False,False,True,False,False,False,,,False,False,2,2.0,0.7164500844811397,1.0,,0.5462387146052312,0.886661454357048,,9.412443985924215e-08,8.968056610644092e-08,6,0.7958521198606555,0.05826046548487488,0.7142857142857143,0.11078717201166179,0.9264161857994898,3.4805812682432173,audited host protein-coding translation target
167,ENSG00000198231.14,DDX42,288.11070281275323,-0.0865612851772568,0.2481733058010351,-0.3487936984111198,0.7272441946220487,0.8060369897706516,ENSG00000198231,DDX42,protein_coding,v44,True,DDX,True,True,False,False,True,False,False,False,,,False,False,2,2.0,0.2958351924316511,1.0,,0.2363356592589801,0.355334725604322,,0.0010866009686646,0.0086760838000624,6,-0.7100289890589102,0.11393393738353111,-0.8285714285714287,0.04156268221574335,0.9264161857994898,3.47818795240896,audited host protein-coding translation target
168,ENSG00000185163.10,DDX51,68.22223756894886,-0.1373073072165741,0.19911211454871,-0.6895979560449287,0.4904470531079543,0.6014078754561206,ENSG00000185163,DDX51,protein_coding,v44,True,DDX,True,True,False,False,True,False,False,False,,,False,False,2,2.0,0.4264692538903842,1.0,,0.4468040502997748,0.4061344574809937,,2.1462750001345516e-05,0.0184235316797285,6,-0.7176840614274128,0.10830282047117579,-0.6,0.208,0.9264161857994898,3.452716663924599,audited host protein-coding translation target
169,ENSG00000183258.12,DDX41,86.018080133245,-0.4695223818521469,0.2385437667156038,-1.9682861066410504,0.0490351276061098,0.0882025676774643,ENSG00000183258,DDX41,protein_coding,v44,True,DDX,True,True,False,False,True,False,False,False,,,False,False,2,2.0,0.7071189254796665,1.0,,0.3555883900216523,1.0586494609376806,,1.5252993712338605e-06,1.862937684783413e-15,6,-0.5841904947692784,0.2234000957140985,-0.4285714285714286,0.3965014577259473,0.9264161857994898,3.4426764395871468,audited host protein-coding translation target
170,ENSG00000110367.14,DDX6,150.08228512431364,-0.4120988711050952,0.1730826941170598,-2.38093631028405,0.0172686973324484,0.0356860231969584,ENSG00000110367,DDX6,protein_coding,v44,True,DDX,True,True,False,False,True,True,False,False,,,False,False,2,0.0,0.201940436319143,1.0,,0.149961546892674,0.253919325745612,,0.0561007519816354,0.069607306968341,6,-0.5770649258794349,0.2304850548915586,-0.6,0.208,0.9264161857994898,3.4399191809519687,primary significant translation target
171,ENSG00000123136.15,DDX39A,142.6314058812867,0.1558140913912757,0.3310852707923141,0.4706161981123468,0.6379148381947319,0.73276044772882,ENSG00000123136,DDX39A,protein_coding,v44,True,DDX,True,True,False,False,True,False,False,False,,,False,False,2,2.0,0.8598220517320132,1.0,,0.7910800922135749,0.9285640112504514,,1.6647836506446717e-25,4.4534361607219653e-10,6,-0.6161601295766135,0.19272342052279667,-0.7714285714285715,0.07239650145772594,0.9264161857994898,3.40361626884403,audited host protein-coding translation target
173,ENSG00000089876.12,DHX32,56.2569057393787,-0.2862909493856261,0.2222035764697991,-1.2884173780368358,0.197600712627703,0.2889294410304507,ENSG00000089876,DHX32,protein_coding,v44,True,DHX,True,True,False,False,True,False,False,False,-0.5237738791371173,0.1294841163417157,False,True,3,2.0,0.3544390173418881,0.6666666666666666,-0.2862909493856261,0.4148183264491819,0.9347896749621089,0.2889294410304507,7.0451506320388496e-06,3.6802664772021267e-09,6,-0.1634520935096217,0.7570053007634528,-0.14285714285714288,0.7871720116618076,0.9462584097748057,3.318460703417901,audited host protein-coding translation target
174,ENSG00000135829.17,DHX9,411.44213418420054,0.0716318623289401,0.2291643708337412,0.3125785307215537,0.7546008913426572,0.8267365971860828,ENSG00000135829,DHX9,protein_coding,v44,True,DHX,True,True,False,False,True,False,False,False,-0.0232790343568186,0.9619383041110716,False,False,3,2.0,0.6616067199272316,1.0,0.0716318623289401,0.747391359042762,1.1657969384099929,0.8267365971860828,3.65538045679862e-29,6.230134596767971e-20,6,-0.41597293352735937,0.41202922214285564,-0.2,0.7040000000000001,0.9264161857994898,3.2648242805666916,audited host protein-coding translation target
176,ENSG00000168872.17,DDX19A,23.88256542154527,0.4582713789307978,0.2568826114160025,1.783971972274375,0.0744282195870486,0.1266801521143694,ENSG00000168872,DDX19A,protein_coding,v44,True,DDX,True,True,False,False,True,False,False,False,,,False,False,2,2.0,0.5606244276137169,1.0,,0.3487895722833417,0.7724592829440922,,0.0028072759166516,0.0002189229587115,6,0.07632923534932373,0.8857284998460593,-0.08571428571428573,0.8717434402332361,0.9670946448949179,3.0205208101574033,audited host protein-coding translation target
183,ENSG00000215301.11,DDX3X,439.4374531370427,-0.2681449178850456,0.2509536579781286,-1.0685037231392551,0.2852933518403816,0.390011784106727,ENSG00000215301,DDX3X,protein_coding,v44,True,DDX,True,True,False,False,True,False,False,False,,,False,False,2,1.0,0.2571040376965652,1.0,,0.3522394640034529,0.1619686113896775,,1.3181530611813912e-05,0.3255427185005349,6,-0.21979491857506459,0.6756167471009091,0.028571428571428574,0.9571545189504373,0.9462584097748057,2.1688358153499103,audited host protein-coding translation target
185,ENSG00000107625.14,DDX50,119.68133388245028,-0.0998789358172912,0.185152152773963,-0.5394424764762262,0.5895815785892704,0.6905522919838886,ENSG00000107625,DDX50,protein_coding,v44,True,DDX,True,True,False,False,True,False,False,False,,,False,False,2,1.0,0.5236883213550304,1.0,,0.194387995231933,0.8529886474781279,,0.0753743270848904,5.870670690330821e-07,6,-0.14810514390483595,0.7794666372057281,-0.14285714285714288,0.7871720116618076,0.9525454590517624,2.0332447822342212,audited host protein-coding translation target
186,ENSG00000107201.11,DDX58,0.9359546498224192,1.5954025367388662,1.536904343927246,1.0380623511429083,0.2992410278002619,0.4058988006918162,ENSG00000107201,RIGI,protein_coding,v44,True,DDX,True,True,False,False,True,False,True,False,,,False,False,2,0.0,-0.6393854749756545,1.0,,-0.4644281830827134,-0.8143427668685954,,0.2445539348095929,0.09878059878499,6,0.03137429509550785,0.9529539989438394,0.13522468075656266,0.7983993188035018,0.9719337352694263,1.9426681848377954,audited host protein-coding translation target
192,ENSG00000109832.14,DDX25,6.343483339555053,0.1739407122294437,0.4862430040126943,0.3577238351894162,0.7205499940015274,0.8004643907513583,ENSG00000109832,DDX25,protein_coding,v44,True,DDX,True,True,False,False,True,False,False,False,,,False,False,2,0.0,-1.9169037276933996,1.0,,-0.9293319126950568,-2.9044755426917424,,0.4426155923953259,0.0795850367671152,6,-0.7648009261267679,0.07647246427060213,-0.5428571428571429,0.26570262390670546,0.9264161857994898,1.428315233230553,audited host protein-coding translation target
193,ENSG00000118197.14,DDX59,32.425965651305255,-0.6185977861653303,0.2939631735889879,-2.104337691734947,0.0353490003980541,0.0664622154035828,ENSG00000118197,DDX59,protein_coding,v44,True,DDX,True,True,False,False,True,False,True,False,,,False,False,2,0.0,0.0785387591872302,0.5,,-0.0520149695519544,0.2090924879264148,,0.7846936573890302,0.400495385296082,6,-0.025634446188238735,0.9615567532332064,0.08571428571428573,0.8717434402332361,0.9719337352694263,1.406645761235727,audited host protein-coding translation target
194,ENSG00000101452.15,DHX35,25.566397952170657,-0.2969883706972296,0.2703295890916267,-1.0986158477700607,0.2719356622022154,0.3753018898185471,ENSG00000101452,DHX35,protein_coding,v44,True,DHX,True,True,False,False,True,False,False,False,-0.283319495769707,0.6051643962105264,False,True,3,0.0,-0.1616347548715349,0.6666666666666666,-0.2969883706972296,0.0680438990939465,-0.2559597930113219,0.3753018898185471,0.6267926660828166,0.2212565925466792,6,0.2357032165478832,0.652992539868849,0.6,0.208,0.9462584097748057,1.3517414076909515,audited host protein-coding translation target
197,ENSG00000137628.18,DDX60,5.306044150599773,0.1335394306047767,0.529991417593114,0.2519652699495182,0.8010679084459122,0.8621411834791682,ENSG00000137628,DDX60,protein_coding,v44,True,DDX,True,True,False,False,True,False,False,False,,,False,False,2,0.0,-0.0806886853297122,0.5,,-0.308021230333377,0.1466438596739525,,0.5013532317225609,0.6298348299904882,6,-0.44674643603561276,0.37446170400477463,0.028571428571428574,0.9571545189504373,0.9264161857994898,0.7999968161178607,audited host protein-coding translation target
