stringId_A,stringId_B,preferredName_A,preferredName_B,ncbiTaxonId,score,nscore,fscore,pscore,ascore,escore,dscore,tscore
9606.ENSP00000216554,9606.ENSP00000431800,EIF5,EIF3F,9606,0.9,0,0,0,0,0.0,0.9,0.0
9606.ENSP00000216554,9606.ENSP00000388806,EIF5,EIF4B,9606,0.936,0,0,0,0,0.0,0.0,0.936
9606.ENSP00000216554,9606.ENSP00000354125,EIF5,EIF3B,9606,0.969,0,0,0,0,0.703,0.9,0.0
9606.ENSP00000265753,9606.ENSP00000388806,EIF4H,EIF4B,9606,0.975,0,0,0,0,0.0,0.8,0.883
9606.ENSP00000296674,9606.ENSP00000434056,RPS23,EIF1AD,9606,0.8,0,0,0,0,0.8,0.0,0.0
9606.ENSP00000296674,9606.ENSP00000431800,RPS23,EIF3F,9606,0.816,0,0,0,0,0.816,0.0,0.0
9606.ENSP00000296674,9606.ENSP00000499067,RPS23,EIF3L,9606,0.867,0,0,0,0,0.867,0.0,0.0
9606.ENSP00000296674,9606.ENSP00000354125,RPS23,EIF3B,9606,0.893,0,0,0,0,0.892,0.0,0.0
9606.ENSP00000296674,9606.ENSP00000463842,RPS23,RPL17,9606,0.937,0,0,0,0,0.937,0.0,0.0
9606.ENSP00000296674,9606.ENSP00000375730,RPS23,RPL13A,9606,0.939,0,0,0,0,0.939,0.0,0.0
9606.ENSP00000296674,9606.ENSP00000339795,RPS23,RPL7,9606,0.949,0,0,0,0,0.948,0.0,0.0
9606.ENSP00000296674,9606.ENSP00000413436,RPS23,RPL10,9606,0.952,0,0,0,0,0.951,0.0,0.0
9606.ENSP00000296674,9606.ENSP00000346088,RPS23,RPL22,9606,0.952,0,0,0,0,0.952,0.0,0.0
9606.ENSP00000296674,9606.ENSP00000378163,RPS23,RPL34,9606,0.968,0,0,0,0,0.967,0.0,0.0
9606.ENSP00000296674,9606.ENSP00000452763,RPS23,RPL28,9606,0.971,0,0,0,0,0.971,0.0,0.0
9606.ENSP00000296674,9606.ENSP00000309334,RPS23,RPL15,9606,0.975,0,0,0,0,0.975,0.0,0.0
9606.ENSP00000296674,9606.ENSP00000307889,RPS23,RPL13,9606,0.975,0,0,0,0,0.975,0.0,0.0
9606.ENSP00000296674,9606.ENSP00000362744,RPS23,RPS4X,9606,0.991,0,0,0,0,0.922,0.9,0.0
9606.ENSP00000296674,9606.ENSP00000472469,RPS23,RPS28,9606,0.996,0,0,0,0,0.962,0.9,0.0
9606.ENSP00000296674,9606.ENSP00000496250,RPS23,RPL11,9606,0.997,0,0,0,0,0.971,0.9,0.0
9606.ENSP00000296674,9606.ENSP00000386717,RPS23,RPL31,9606,0.997,0,0,0,0,0.975,0.9,0.0
9606.ENSP00000296674,9606.ENSP00000447001,RPS23,RPL18,9606,0.997,0,0,0,0,0.975,0.9,0.0
9606.ENSP00000296674,9606.ENSP00000375632,RPS23,RPS9,9606,0.997,0,0,0,0,0.972,0.9,0.092
9606.ENSP00000296674,9606.ENSP00000435096,RPS23,RPS25,9606,0.997,0,0,0,0,0.975,0.9,0.0
9606.ENSP00000296674,9606.ENSP00000428085,RPS23,RPL30,9606,0.997,0,0,0,0,0.975,0.9,0.0
9606.ENSP00000296674,9606.ENSP00000498019,RPS23,RPS17,9606,0.997,0,0,0,0,0.975,0.9,0.0
9606.ENSP00000307889,9606.ENSP00000362744,RPL13,RPS4X,9606,0.932,0,0,0,0,0.932,0.0,0.0
9606.ENSP00000307889,9606.ENSP00000463842,RPL13,RPL17,9606,0.936,0,0,0,0,0.936,0.0,0.0
9606.ENSP00000307889,9606.ENSP00000498019,RPL13,RPS17,9606,0.947,0,0,0,0,0.947,0.0,0.0
9606.ENSP00000307889,9606.ENSP00000413436,RPL13,RPL10,9606,0.954,0,0,0,0,0.954,0.0,0.0
9606.ENSP00000307889,9606.ENSP00000346088,RPL13,RPL22,9606,0.956,0,0,0,0,0.956,0.0,0.0
9606.ENSP00000307889,9606.ENSP00000472469,RPL13,RPS28,9606,0.963,0,0,0,0,0.963,0.0,0.0
9606.ENSP00000307889,9606.ENSP00000339795,RPL13,RPL7,9606,0.967,0,0,0,0,0.967,0.0,0.0
9606.ENSP00000307889,9606.ENSP00000375730,RPL13,RPL13A,9606,0.967,0,0,0,0,0.967,0.0,0.0
9606.ENSP00000307889,9606.ENSP00000378163,RPL13,RPL34,9606,0.968,0,0,0,0,0.967,0.0,0.0
9606.ENSP00000307889,9606.ENSP00000452763,RPL13,RPL28,9606,0.968,0,0,0,0,0.967,0.0,0.0
9606.ENSP00000307889,9606.ENSP00000386717,RPL13,RPL31,9606,0.97,0,0,0,0,0.97,0.0,0.0
9606.ENSP00000307889,9606.ENSP00000496250,RPL13,RPL11,9606,0.971,0,0,0,0,0.971,0.0,0.0
9606.ENSP00000307889,9606.ENSP00000375632,RPL13,RPS9,9606,0.972,0,0,0,0,0.972,0.0,0.0
9606.ENSP00000307889,9606.ENSP00000428085,RPL13,RPL30,9606,0.975,0,0,0,0,0.975,0.0,0.0
9606.ENSP00000307889,9606.ENSP00000447001,RPL13,RPL18,9606,0.975,0,0,0,0,0.975,0.0,0.0
9606.ENSP00000307889,9606.ENSP00000435096,RPL13,RPS25,9606,0.976,0,0,0,0,0.976,0.0,0.0
9606.ENSP00000307889,9606.ENSP00000309334,RPL13,RPL15,9606,0.977,0,0,0,0,0.975,0.0,0.123
9606.ENSP00000309334,9606.ENSP00000362744,RPL15,RPS4X,9606,0.936,0,0,0,0,0.935,0.0,0.0
9606.ENSP00000309334,9606.ENSP00000463842,RPL15,RPL17,9606,0.937,0,0,0,0,0.937,0.0,0.0
9606.ENSP00000309334,9606.ENSP00000413436,RPL15,RPL10,9606,0.943,0,0,0,0,0.943,0.0,0.0
9606.ENSP00000309334,9606.ENSP00000498019,RPL15,RPS17,9606,0.947,0,0,0,0,0.947,0.0,0.0
9606.ENSP00000309334,9606.ENSP00000452763,RPL15,RPL28,9606,0.947,0,0,0,0,0.947,0.0,0.0
9606.ENSP00000309334,9606.ENSP00000472469,RPL15,RPS28,9606,0.957,0,0,0,0,0.957,0.0,0.0
9606.ENSP00000309334,9606.ENSP00000346088,RPL15,RPL22,9606,0.962,0,0,0,0,0.962,0.0,0.0
9606.ENSP00000309334,9606.ENSP00000378163,RPL15,RPL34,9606,0.968,0,0,0,0,0.967,0.0,0.0
9606.ENSP00000309334,9606.ENSP00000375632,RPL15,RPS9,9606,0.968,0,0,0,0,0.967,0.0,0.0
9606.ENSP00000309334,9606.ENSP00000339795,RPL15,RPL7,9606,0.969,0,0,0,0,0.969,0.0,0.0
9606.ENSP00000309334,9606.ENSP00000496250,RPL15,RPL11,9606,0.971,0,0,0,0,0.969,0.0,0.099
9606.ENSP00000309334,9606.ENSP00000375730,RPL15,RPL13A,9606,0.971,0,0,0,0,0.971,0.0,0.0
9606.ENSP00000309334,9606.ENSP00000386717,RPL15,RPL31,9606,0.972,0,0,0,0,0.972,0.0,0.0
9606.ENSP00000309334,9606.ENSP00000447001,RPL15,RPL18,9606,0.975,0,0,0,0,0.975,0.0,0.0
9606.ENSP00000309334,9606.ENSP00000428085,RPL15,RPL30,9606,0.975,0,0,0,0,0.975,0.0,0.0
9606.ENSP00000309334,9606.ENSP00000435096,RPL15,RPS25,9606,0.975,0,0,0,0,0.975,0.0,0.0
9606.ENSP00000339795,9606.ENSP00000498019,RPL7,RPS17,9606,0.895,0,0,0,0,0.895,0.0,0.0
9606.ENSP00000339795,9606.ENSP00000362744,RPL7,RPS4X,9606,0.919,0,0,0,0,0.918,0.0,0.0
9606.ENSP00000339795,9606.ENSP00000463842,RPL7,RPL17,9606,0.935,0,0,0,0,0.935,0.0,0.0
9606.ENSP00000339795,9606.ENSP00000435096,RPL7,RPS25,9606,0.936,0,0,0,0,0.936,0.0,0.0
9606.ENSP00000339795,9606.ENSP00000472469,RPL7,RPS28,9606,0.938,0,0,0,0,0.915,0.0,0.303
9606.ENSP00000339795,9606.ENSP00000413436,RPL7,RPL10,9606,0.939,0,0,0,0,0.938,0.0,0.0
9606.ENSP00000339795,9606.ENSP00000375632,RPL7,RPS9,9606,0.945,0,0,0,0,0.915,0.0,0.383
9606.ENSP00000339795,9606.ENSP00000346088,RPL7,RPL22,9606,0.951,0,0,0,0,0.951,0.0,0.0
9606.ENSP00000339795,9606.ENSP00000375730,RPL7,RPL13A,9606,0.956,0,0,0,0,0.956,0.0,0.0
9606.ENSP00000339795,9606.ENSP00000378163,RPL7,RPL34,9606,0.956,0,0,0,0,0.955,0.0,0.0
9606.ENSP00000339795,9606.ENSP00000452763,RPL7,RPL28,9606,0.959,0,0,0,0,0.959,0.0,0.0
9606.ENSP00000339795,9606.ENSP00000447001,RPL7,RPL18,9606,0.967,0,0,0,0,0.967,0.0,0.0
9606.ENSP00000339795,9606.ENSP00000386717,RPL7,RPL31,9606,0.967,0,0,0,0,0.967,0.0,0.0
9606.ENSP00000339795,9606.ENSP00000428085,RPL7,RPL30,9606,0.969,0,0,0,0,0.969,0.0,0.0
9606.ENSP00000339795,9606.ENSP00000496250,RPL7,RPL11,9606,0.975,0,0,0,0,0.968,0.0,0.263
9606.ENSP00000346088,9606.ENSP00000472469,RPL22,RPS28,9606,0.895,0,0,0,0,0.895,0.0,0.0
9606.ENSP00000346088,9606.ENSP00000452763,RPL22,RPL28,9606,0.912,0,0,0,0,0.912,0.0,0.0
9606.ENSP00000346088,9606.ENSP00000463842,RPL22,RPL17,9606,0.917,0,0,0,0,0.916,0.0,0.0
9606.ENSP00000346088,9606.ENSP00000498019,RPL22,RPS17,9606,0.927,0,0,0,0,0.927,0.0,0.0
9606.ENSP00000346088,9606.ENSP00000362744,RPL22,RPS4X,9606,0.93,0,0,0,0,0.929,0.0,0.0
9606.ENSP00000346088,9606.ENSP00000435096,RPL22,RPS25,9606,0.936,0,0,0,0,0.936,0.0,0.0
9606.ENSP00000346088,9606.ENSP00000413436,RPL22,RPL10,9606,0.939,0,0,0,0,0.938,0.0,0.0
9606.ENSP00000346088,9606.ENSP00000496250,RPL22,RPL11,9606,0.946,0,0,0,0,0.946,0.0,0.0
9606.ENSP00000346088,9606.ENSP00000378163,RPL22,RPL34,9606,0.949,0,0,0,0,0.949,0.0,0.0
9606.ENSP00000346088,9606.ENSP00000375730,RPL22,RPL13A,9606,0.95,0,0,0,0,0.95,0.0,0.0
9606.ENSP00000346088,9606.ENSP00000386717,RPL22,RPL31,9606,0.962,0,0,0,0,0.962,0.0,0.0
9606.ENSP00000346088,9606.ENSP00000428085,RPL22,RPL30,9606,0.962,0,0,0,0,0.962,0.0,0.0
9606.ENSP00000346088,9606.ENSP00000447001,RPL22,RPL18,9606,0.963,0,0,0,0,0.963,0.0,0.0
9606.ENSP00000346088,9606.ENSP00000375632,RPL22,RPS9,9606,0.963,0,0,0,0,0.936,0.0,0.442
9606.ENSP00000354125,9606.ENSP00000388806,EIF3B,EIF4B,9606,0.77,0,0,0,0,0.573,0.0,0.485
9606.ENSP00000354125,9606.ENSP00000498019,EIF3B,RPS17,9606,0.868,0,0,0,0,0.868,0.0,0.0
9606.ENSP00000354125,9606.ENSP00000362744,EIF3B,RPS4X,9606,0.886,0,0,0,0,0.886,0.0,0.0
9606.ENSP00000354125,9606.ENSP00000435096,EIF3B,RPS25,9606,0.892,0,0,0,0,0.891,0.0,0.0
9606.ENSP00000354125,9606.ENSP00000472469,EIF3B,RPS28,9606,0.898,0,0,0,0,0.898,0.0,0.0
9606.ENSP00000354125,9606.ENSP00000375632,EIF3B,RPS9,9606,0.934,0,0,0,0,0.879,0.0,0.479
9606.ENSP00000354125,9606.ENSP00000499067,EIF3B,EIF3L,9606,0.998,0,0,0,0,0.953,0.9,0.647
9606.ENSP00000354125,9606.ENSP00000431800,EIF3B,EIF3F,9606,0.999,0,0,0,0,0.955,0.9,0.947
9606.ENSP00000362744,9606.ENSP00000434056,RPS4X,EIF1AD,9606,0.8,0,0,0,0,0.8,0.0,0.0
9606.ENSP00000362744,9606.ENSP00000431800,RPS4X,EIF3F,9606,0.818,0,0,0,0,0.818,0.0,0.0
9606.ENSP00000362744,9606.ENSP00000499067,RPS4X,EIF3L,9606,0.872,0,0,0,0,0.871,0.0,0.0
9606.ENSP00000362744,9606.ENSP00000452763,RPS4X,RPL28,9606,0.875,0,0,0,0,0.875,0.0,0.0
9606.ENSP00000362744,9606.ENSP00000378163,RPS4X,RPL34,9606,0.875,0,0,0,0,0.875,0.0,0.0
9606.ENSP00000362744,9606.ENSP00000375730,RPS4X,RPL13A,9606,0.896,0,0,0,0,0.896,0.0,0.0
9606.ENSP00000362744,9606.ENSP00000463842,RPS4X,RPL17,9606,0.919,0,0,0,0,0.918,0.0,0.0
9606.ENSP00000362744,9606.ENSP00000447001,RPS4X,RPL18,9606,0.922,0,0,0,0,0.922,0.0,0.0
9606.ENSP00000362744,9606.ENSP00000386717,RPS4X,RPL31,9606,0.923,0,0,0,0,0.922,0.0,0.0
9606.ENSP00000362744,9606.ENSP00000428085,RPS4X,RPL30,9606,0.924,0,0,0,0,0.924,0.0,0.0
9606.ENSP00000362744,9606.ENSP00000496250,RPS4X,RPL11,9606,0.926,0,0,0,0,0.925,0.0,0.0
9606.ENSP00000362744,9606.ENSP00000413436,RPS4X,RPL10,9606,0.937,0,0,0,0,0.937,0.0,0.0
9606.ENSP00000362744,9606.ENSP00000472469,RPS4X,RPS28,9606,0.99,0,0,0,0,0.909,0.9,0.0
9606.ENSP00000362744,9606.ENSP00000498019,RPS4X,RPS17,9606,0.992,0,0,0,0,0.928,0.9,0.0
9606.ENSP00000362744,9606.ENSP00000435096,RPS4X,RPS25,9606,0.995,0,0,0,0,0.933,0.9,0.403
9606.ENSP00000362744,9606.ENSP00000375632,RPS4X,RPS9,9606,0.996,0,0,0,0,0.964,0.9,0.0
9606.ENSP00000375632,9606.ENSP00000434056,RPS9,EIF1AD,9606,0.8,0,0,0,0,0.8,0.0,0.0
9606.ENSP00000375632,9606.ENSP00000431800,RPS9,EIF3F,9606,0.807,0,0,0,0,0.807,0.0,0.0
9606.ENSP00000375632,9606.ENSP00000499067,RPS9,EIF3L,9606,0.858,0,0,0,0,0.858,0.0,0.0
9606.ENSP00000375632,9606.ENSP00000375730,RPS9,RPL13A,9606,0.93,0,0,0,0,0.929,0.0,0.0
9606.ENSP00000375632,9606.ENSP00000463842,RPS9,RPL17,9606,0.93,0,0,0,0,0.93,0.0,0.0
9606.ENSP00000375632,9606.ENSP00000413436,RPS9,RPL10,9606,0.945,0,0,0,0,0.944,0.0,0.0
9606.ENSP00000375632,9606.ENSP00000452763,RPS9,RPL28,9606,0.947,0,0,0,0,0.947,0.0,0.0
9606.ENSP00000375632,9606.ENSP00000378163,RPS9,RPL34,9606,0.964,0,0,0,0,0.964,0.0,0.0
9606.ENSP00000375632,9606.ENSP00000496250,RPS9,RPL11,9606,0.967,0,0,0,0,0.967,0.0,0.0
9606.ENSP00000375632,9606.ENSP00000386717,RPS9,RPL31,9606,0.974,0,0,0,0,0.97,0.0,0.186
9606.ENSP00000375632,9606.ENSP00000447001,RPS9,RPL18,9606,0.976,0,0,0,0,0.975,0.0,0.0
9606.ENSP00000375632,9606.ENSP00000428085,RPS9,RPL30,9606,0.979,0,0,0,0,0.972,0.0,0.289
9606.ENSP00000375632,9606.ENSP00000472469,RPS9,RPS28,9606,0.996,0,0,0,0,0.963,0.9,0.0
9606.ENSP00000375632,9606.ENSP00000435096,RPS9,RPS25,9606,0.997,0,0,0,0,0.972,0.9,0.0
9606.ENSP00000375632,9606.ENSP00000498019,RPS9,RPS17,9606,0.997,0,0,0,0,0.972,0.9,0.0
9606.ENSP00000375730,9606.ENSP00000472469,RPL13A,RPS28,9606,0.895,0,0,0,0,0.895,0.0,0.0
9606.ENSP00000375730,9606.ENSP00000498019,RPL13A,RPS17,9606,0.895,0,0,0,0,0.895,0.0,0.0
9606.ENSP00000375730,9606.ENSP00000463842,RPL13A,RPL17,9606,0.929,0,0,0,0,0.929,0.0,0.0
9606.ENSP00000375730,9606.ENSP00000435096,RPL13A,RPS25,9606,0.929,0,0,0,0,0.929,0.0,0.0
9606.ENSP00000375730,9606.ENSP00000452763,RPL13A,RPL28,9606,0.945,0,0,0,0,0.945,0.0,0.0
9606.ENSP00000375730,9606.ENSP00000413436,RPL13A,RPL10,9606,0.951,0,0,0,0,0.95,0.0,0.0
9606.ENSP00000375730,9606.ENSP00000386717,RPL13A,RPL31,9606,0.967,0,0,0,0,0.967,0.0,0.0
9606.ENSP00000375730,9606.ENSP00000378163,RPL13A,RPL34,9606,0.967,0,0,0,0,0.967,0.0,0.0
9606.ENSP00000375730,9606.ENSP00000496250,RPL13A,RPL11,9606,0.969,0,0,0,0,0.969,0.0,0.0
9606.ENSP00000375730,9606.ENSP00000428085,RPL13A,RPL30,9606,0.972,0,0,0,0,0.972,0.0,0.0
9606.ENSP00000375730,9606.ENSP00000447001,RPL13A,RPL18,9606,0.98,0,0,0,0,0.974,0.0,0.262
9606.ENSP00000378163,9606.ENSP00000413436,RPL34,RPL10,9606,0.895,0,0,0,0,0.895,0.0,0.0
9606.ENSP00000378163,9606.ENSP00000463842,RPL34,RPL17,9606,0.895,0,0,0,0,0.895,0.0,0.0
9606.ENSP00000378163,9606.ENSP00000472469,RPL34,RPS28,9606,0.947,0,0,0,0,0.947,0.0,0.0
9606.ENSP00000378163,9606.ENSP00000498019,RPL34,RPS17,9606,0.947,0,0,0,0,0.947,0.0,0.0
9606.ENSP00000378163,9606.ENSP00000496250,RPL34,RPL11,9606,0.955,0,0,0,0,0.955,0.0,0.0
9606.ENSP00000378163,9606.ENSP00000447001,RPL34,RPL18,9606,0.968,0,0,0,0,0.967,0.0,0.0
9606.ENSP00000378163,9606.ENSP00000386717,RPL34,RPL31,9606,0.968,0,0,0,0,0.967,0.0,0.0
9606.ENSP00000378163,9606.ENSP00000435096,RPL34,RPS25,9606,0.968,0,0,0,0,0.967,0.0,0.0
9606.ENSP00000378163,9606.ENSP00000452763,RPL34,RPL28,9606,0.97,0,0,0,0,0.97,0.0,0.0
9606.ENSP00000378163,9606.ENSP00000428085,RPL34,RPL30,9606,0.97,0,0,0,0,0.97,0.0,0.0
9606.ENSP00000386717,9606.ENSP00000463842,RPL31,RPL17,9606,0.933,0,0,0,0,0.932,0.0,0.0
9606.ENSP00000386717,9606.ENSP00000452763,RPL31,RPL28,9606,0.947,0,0,0,0,0.947,0.0,0.0
9606.ENSP00000386717,9606.ENSP00000413436,RPL31,RPL10,9606,0.952,0,0,0,0,0.952,0.0,0.0
9606.ENSP00000386717,9606.ENSP00000435096,RPL31,RPS25,9606,0.968,0,0,0,0,0.967,0.0,0.0
9606.ENSP00000386717,9606.ENSP00000498019,RPL31,RPS17,9606,0.969,0,0,0,0,0.969,0.0,0.0
9606.ENSP00000386717,9606.ENSP00000472469,RPL31,RPS28,9606,0.995,0,0,0,0,0.956,0.9,0.0
9606.ENSP00000386717,9606.ENSP00000496250,RPL31,RPL11,9606,0.997,0,0,0,0,0.967,0.9,0.197
9606.ENSP00000386717,9606.ENSP00000447001,RPL31,RPL18,9606,0.997,0,0,0,0,0.973,0.9,0.0
9606.ENSP00000386717,9606.ENSP00000428085,RPL31,RPL30,9606,0.997,0,0,0,0,0.976,0.9,0.0
9606.ENSP00000388806,9606.ENSP00000497641,EIF4B,EIF4A3,9606,0.76,0,0,0,0,0.164,0.5,0.472
9606.ENSP00000413436,9606.ENSP00000463842,RPL10,RPL17,9606,0.886,0,0,0,0,0.886,0.0,0.0
9606.ENSP00000413436,9606.ENSP00000452763,RPL10,RPL28,9606,0.895,0,0,0,0,0.895,0.0,0.0
9606.ENSP00000413436,9606.ENSP00000472469,RPL10,RPS28,9606,0.895,0,0,0,0,0.895,0.0,0.0
9606.ENSP00000413436,9606.ENSP00000498019,RPL10,RPS17,9606,0.936,0,0,0,0,0.936,0.0,0.0
9606.ENSP00000413436,9606.ENSP00000435096,RPL10,RPS25,9606,0.942,0,0,0,0,0.941,0.0,0.0
9606.ENSP00000413436,9606.ENSP00000447001,RPL10,RPL18,9606,0.952,0,0,0,0,0.952,0.0,0.0
9606.ENSP00000413436,9606.ENSP00000496250,RPL10,RPL11,9606,0.952,0,0,0,0,0.95,0.0,0.064
9606.ENSP00000413436,9606.ENSP00000428085,RPL10,RPL30,9606,0.96,0,0,0,0,0.954,0.0,0.162
9606.ENSP00000428085,9606.ENSP00000463842,RPL30,RPL17,9606,0.909,0,0,0,0,0.908,0.0,0.0
9606.ENSP00000428085,9606.ENSP00000498019,RPL30,RPS17,9606,0.947,0,0,0,0,0.947,0.0,0.0
9606.ENSP00000428085,9606.ENSP00000452763,RPL30,RPL28,9606,0.965,0,0,0,0,0.965,0.0,0.0
9606.ENSP00000428085,9606.ENSP00000435096,RPL30,RPS25,9606,0.968,0,0,0,0,0.967,0.0,0.0
9606.ENSP00000428085,9606.ENSP00000472469,RPL30,RPS28,9606,0.994,0,0,0,0,0.947,0.9,0.052
9606.ENSP00000428085,9606.ENSP00000447001,RPL30,RPL18,9606,0.997,0,0,0,0,0.975,0.9,0.0
9606.ENSP00000428085,9606.ENSP00000496250,RPL30,RPL11,9606,0.997,0,0,0,0,0.971,0.9,0.0
9606.ENSP00000431800,9606.ENSP00000435096,EIF3F,RPS25,9606,0.807,0,0,0,0,0.807,0.0,0.0
9606.ENSP00000431800,9606.ENSP00000472469,EIF3F,RPS28,9606,0.809,0,0,0,0,0.809,0.0,0.0
9606.ENSP00000431800,9606.ENSP00000498019,EIF3F,RPS17,9606,0.809,0,0,0,0,0.809,0.0,0.0
9606.ENSP00000431800,9606.ENSP00000499067,EIF3F,EIF3L,9606,0.999,0,0,0,0,0.977,0.9,0.823
9606.ENSP00000434056,9606.ENSP00000472469,EIF1AD,RPS28,9606,0.8,0,0,0,0,0.8,0.0,0.0
9606.ENSP00000434056,9606.ENSP00000435096,EIF1AD,RPS25,9606,0.8,0,0,0,0,0.8,0.0,0.0
9606.ENSP00000434056,9606.ENSP00000498019,EIF1AD,RPS17,9606,0.8,0,0,0,0,0.8,0.0,0.0
9606.ENSP00000435096,9606.ENSP00000499067,RPS25,EIF3L,9606,0.881,0,0,0,0,0.881,0.0,0.0
9606.ENSP00000435096,9606.ENSP00000463842,RPS25,RPL17,9606,0.917,0,0,0,0,0.916,0.0,0.0
9606.ENSP00000435096,9606.ENSP00000452763,RPS25,RPL28,9606,0.968,0,0,0,0,0.968,0.0,0.0
9606.ENSP00000435096,9606.ENSP00000496250,RPS25,RPL11,9606,0.975,0,0,0,0,0.971,0.0,0.175
9606.ENSP00000435096,9606.ENSP00000447001,RPS25,RPL18,9606,0.984,0,0,0,0,0.975,0.0,0.388
9606.ENSP00000435096,9606.ENSP00000472469,RPS25,RPS28,9606,0.996,0,0,0,0,0.967,0.9,0.0
9606.ENSP00000435096,9606.ENSP00000498019,RPS25,RPS17,9606,0.996,0,0,0,0,0.967,0.9,0.0
9606.ENSP00000447001,9606.ENSP00000463842,RPL18,RPL17,9606,0.94,0,0,0,0,0.94,0.0,0.0
9606.ENSP00000447001,9606.ENSP00000498019,RPL18,RPS17,9606,0.957,0,0,0,0,0.957,0.0,0.0
9606.ENSP00000447001,9606.ENSP00000452763,RPL18,RPL28,9606,0.958,0,0,0,0,0.958,0.0,0.0
9606.ENSP00000447001,9606.ENSP00000472469,RPL18,RPS28,9606,0.995,0,0,0,0,0.957,0.9,0.0
9606.ENSP00000447001,9606.ENSP00000496250,RPL18,RPL11,9606,0.996,0,0,0,0,0.97,0.9,0.0
9606.ENSP00000452763,9606.ENSP00000463842,RPL28,RPL17,9606,0.906,0,0,0,0,0.906,0.0,0.0
9606.ENSP00000452763,9606.ENSP00000498019,RPL28,RPS17,9606,0.947,0,0,0,0,0.947,0.0,0.0
9606.ENSP00000452763,9606.ENSP00000472469,RPL28,RPS28,9606,0.947,0,0,0,0,0.947,0.0,0.0
9606.ENSP00000452763,9606.ENSP00000496250,RPL28,RPL11,9606,0.966,0,0,0,0,0.963,0.0,0.111
9606.ENSP00000463842,9606.ENSP00000498019,RPL17,RPS17,9606,0.895,0,0,0,0,0.895,0.0,0.0
9606.ENSP00000463842,9606.ENSP00000472469,RPL17,RPS28,9606,0.918,0,0,0,0,0.917,0.0,0.0
9606.ENSP00000463842,9606.ENSP00000496250,RPL17,RPL11,9606,0.939,0,0,0,0,0.939,0.0,0.0
9606.ENSP00000472469,9606.ENSP00000499067,RPS28,EIF3L,9606,0.878,0,0,0,0,0.878,0.0,0.0
9606.ENSP00000472469,9606.ENSP00000498019,RPS28,RPS17,9606,0.995,0,0,0,0,0.957,0.9,0.0
9606.ENSP00000472469,9606.ENSP00000496250,RPS28,RPL11,9606,0.996,0,0,0,0,0.967,0.9,0.0
9606.ENSP00000496250,9606.ENSP00000498019,RPL11,RPS17,9606,0.947,0,0,0,0,0.947,0.0,0.0
9606.ENSP00000498019,9606.ENSP00000499067,RPS17,EIF3L,9606,0.857,0,0,0,0,0.857,0.0,0.0
