gene,mean_abs_enet_coef,enet_selection_freq,mean_perm_importance,mean_abs_enet_coef_norm,mean_perm_importance_norm,ml_importance_score
EIF4ENIF1,0.2685093653026202,1.0,0.0,1.0,0.0,0.6666666666666666
EIF4G2,0.19832723867907345,1.0,0.0,0.7386231703894244,0.0,0.5795410567964748
EIF1AD,0.13443872156209039,1.0,0.0,0.5006854096525567,0.0,0.5002284698841856
DDX18,0.19377310020466912,0.6666666666666666,0.0,0.7216623523960869,0.0,0.4627763396875845
RPS6KA3,0.19263476931318127,0.6666666666666666,0.0,0.717422906631486,0.0,0.46136319109938423
RPS19P3,0.1831945225845122,0.6666666666666666,0.0,0.6822649272514015,0.0,0.4496438646393561
EIF4BP6,0.09368074210354221,1.0,0.0,0.34889189804594145,0.0,0.4496306326819805
RPS24P19,0.16588519470950594,0.6666666666666666,0.0,0.6178004052951638,0.0,0.4281556906539435
EIF1AX,0.16371019263533862,0.6666666666666666,0.0,0.6097001214495109,0.0,0.42545559603872585
DDX21,0.15993535656716854,0.6666666666666666,0.0,0.5956416320410848,0.0,0.4207694329025838
EIF4B,0.06626291997763348,1.0,0.0,0.24678066592929696,0.0,0.41559355530976566
EIF2B5,0.15056546735779983,0.6666666666666666,0.0,0.5607456826993981,0.0,0.4091374497886882
EIF2D,0.04573438441894435,1.0,0.0,0.1703269618450737,0.0,0.39010898728169124
RPL7P32,0.10598587707968267,0.6666666666666666,0.0,0.3947194801203026,0.0,0.35379538226232304
DDX24,0.08191752351531702,0.6666666666666666,0.0,0.3050825561447098,0.0,0.32391640760379214
RPL22P2,0.07855938869295387,0.6666666666666666,0.0,0.29257597255281753,0.0,0.3197475464064947
RPL14P3,0.06924026704726732,0.6666666666666666,0.0,0.25786909506575656,0.0,0.3081785872441411
RPS2P7,0.05657769176717383,0.6666666666666666,0.0,0.2107103106195519,0.0,0.2924589924287395
DDX56,0.05591163530834133,0.6666666666666666,0.0,0.2082297399397105,0.0,0.291632135535459
EIF3E,0.05479259931631006,0.6666666666666666,0.0,0.2040621534915802,0.0,0.2902429400527489
RPL7P48,0.04618268304743637,0.6666666666666666,0.0,0.17199654468434178,0.0,0.27955440378366947
EIF2S1,0.041451994926134994,0.6666666666666666,0.0,0.15437820904092872,0.0,0.2736816252358651
EIF4EBP2,0.041055485238533355,0.6666666666666666,0.0,0.15290150193555546,0.0,0.273189389534074
RPL37A-DT,0.04067730532429207,0.6666666666666666,0.0,0.15149305976142474,0.0,0.27271990880936375
RPS15P4,0.039715534056986045,0.6666666666666666,0.0,0.14791116880495075,0.0,0.2715259451572058
RPL17,0.03886246315381917,0.6666666666666666,0.0,0.14473410679742849,0.0,0.2704669244880317
DHX15,0.030418165967486307,0.6666666666666666,0.0,0.11328530732328045,0.0,0.25998399132998234
RPS27L,0.11431335729018982,0.3333333333333333,0.0,0.4257332222336243,0.0,0.25302218518898584
EIF3FP3,0.01957586205943566,0.6666666666666666,0.0,0.07290569562582268,0.0,0.2465241207641631
RPS27P29,0.08576643175168841,0.3333333333333333,0.0,0.31941690992798855,0.0,0.21758341442044063
RPS3P6,0.08036642924406041,0.3333333333333333,0.0,0.2993058702197758,0.0,0.21087973451770303
EIF4G1,0.07200995396886577,0.3333333333333333,0.0,0.2681841428052531,0.0,0.2005058253795288
DDX28,0.06420041657333646,0.3333333333333333,0.0,0.2390993569292459,0.0,0.19081089675419305
EIF3J,0.06237967671781979,0.3333333333333333,0.0,0.23231843942394909,0.0,0.18855059091909412
RPL7L1P8,0.06109121168799428,0.3333333333333333,0.0,0.22751985436017166,0.0,0.18695106256450167
EIF3A,0.05986107758047545,0.3333333333333333,0.0,0.22293850910194418,0.0,0.18542394747842583
RPL7P42,0.058563516129121355,0.3333333333333333,0.0,0.2181060465549053,0.0,0.18381312662941288
DHX32,0.05844743088826384,0.3333333333333333,0.0,0.2176737143689248,0.0,0.1836690159007527
EIF3B,0.05761016437293635,0.3333333333333333,0.0,0.2145555120880328,0.0,0.1826296151404554
RPSAP47,0.055718754736238225,0.3333333333333333,0.0,0.2075114015983803,0.0,0.1802815783105712
DDX50P1,0.04520451635077661,0.3333333333333333,0.0,0.16835359280608111,0.0,0.16722897537980483
EIF3C,0.038099344412293845,0.3333333333333333,0.0,0.14189205046667347,0.0,0.15840846126666894
RPL5P17,0.03800840467759425,0.3333333333333333,0.0,0.14155336680624656,0.0,0.1582955667131933
RPL21P75,0.03558767386876178,0.3333333333333333,0.0,0.13253792406329337,0.0,0.1552904191322089
RPL12P42,0.034159576278601146,0.3333333333333333,0.0,0.1272193103585121,0.0,0.1535175478972818
RPS15AP24,0.031931348344077966,0.3333333333333333,0.0,0.11892079931025917,0.0,0.15075137754786416
RPL14P1,0.029884096405219395,0.3333333333333333,0.0,0.11129629080735746,0.0,0.1482098747135636
DHX9,0.025926797706052707,0.3333333333333333,0.0,0.09655826222981916,0.0,0.14329719852105083
RPS4XP11,0.023976675553737156,0.3333333333333333,0.0,0.08929549078004984,0.0,0.14087627470446104
EIF4EBP1,0.023916015751636505,0.3333333333333333,0.0,0.08906957760926608,0.0,0.1408009703141998
DDX58,0.021434704314133,0.3333333333333333,0.0,0.07982851655835273,0.0,0.137720616630562
EIF5B,0.020891176955589164,0.3333333333333333,0.0,0.07780427670388337,0.0,0.13704587001240556
EIF4H,0.018079258459559298,0.3333333333333333,0.0,0.06733194739477072,0.0,0.13355509357603468
RPL29P11,0.01804840540472617,0.3333333333333333,0.0,0.06721704244611704,0.0,0.13351679192648344
RPS17,0.017721554327618315,0.3333333333333333,0.0,0.06599976245761653,0.0,0.13311103193031662
RPS28P4,0.016248816515199726,0.3333333333333333,0.0,0.060514896740702866,0.0,0.13128274335801207
RPL7L1,0.015926714128127597,0.3333333333333333,0.0,0.05931530213174348,0.0,0.13088287848835892
RPL15P20,0.013915360111176214,0.3333333333333333,0.0,0.05182448699877964,0.0,0.1283859401107043
RPL19P5,0.013890616458852903,0.3333333333333333,0.0,0.051732335083350456,0.0,0.12835522280556125
RPL3P6,0.013793513855737323,0.3333333333333333,0.0,0.05137069926850228,0.0,0.1282346775339452
RPL7P8,0.013714080320843753,0.3333333333333333,0.0,0.05107486774395174,0.0,0.1281360670257617
RPS14,0.013293861146457253,0.3333333333333333,0.0,0.04950986022954756,0.0,0.12761439785429363
EIF4HP1,0.01327319629981131,0.3333333333333333,0.0,0.049432898866867886,0.0,0.12758874406673373
DDX1,0.01313333712714338,0.3333333333333333,0.0,0.04891202626151089,0.0,0.12741511986494805
RPL14,0.01202433319968351,0.3333333333333333,0.0,0.04478180187916958,0.0,0.12603837840416762
RPL7P1,0.00991111435966147,0.3333333333333333,0.0,0.03691161516281292,0.0,0.12341498283204876
RPL23AP97,0.008683734483109475,0.3333333333333333,0.0,0.03234052739025537,0.0,0.1218912869078629
RPL15P18,0.007461097228417687,0.3333333333333333,0.0,0.027787102397745973,0.0,0.12037347857702642
EIF5AL1,0.006760043612623181,0.3333333333333333,0.0,0.02517619303522004,0.0,0.11950317545618445
DDX19A,0.006114648576817291,0.3333333333333333,0.0,0.02277257096759307,0.0,0.1187019681003088
DDX20,0.005956458386209929,0.3333333333333333,0.0,0.022183428795851404,0.0,0.1185055873763949
RPL4,0.00524268180850511,0.3333333333333333,0.0,0.01952513575307293,0.0,0.11761948969546875
DDX10,0.0045752113260684206,0.3333333333333333,0.0,0.01703929887477848,0.0,0.11679087740270393
DHX57,0.004129505892388506,0.3333333333333333,0.0,0.015379373779884352,0.0,0.11623756903773923
RPS4XP16,0.004108317515886677,0.3333333333333333,0.0,0.015300462653347112,0.0,0.11621126532889348
DDX47,0.0027953421344571925,0.3333333333333333,0.0,0.010410594547816744,0.0,0.11458130929371668
RPSAP12,0.00208513552654822,0.3333333333333333,0.0,0.007765597018182936,0.0,0.11369964345050541
DHX37,0.0017622155036490107,0.3333333333333333,0.0,0.006562957316825531,0.0,0.11329876355005296
EIF4BP3,0.0017410566036617306,0.3333333333333333,0.0,0.006484155968636304,0.0,0.11327249643398989
DDX39A,0.0007949214009667168,0.3333333333333333,0.0,0.0029604978585041544,0.0,0.11209794373061249
RPL7AP11,0.000694663689090656,0.3333333333333333,0.0,0.0025871115828967227,0.0,0.11197348163874334
RPL7P59,0.0,0.0,0.0,0.0,0.0,0.0
RPL7P57,0.0,0.0,0.0,0.0,0.0,0.0
RPSAP19,0.0,0.0,0.0,0.0,0.0,0.0
RPL7P50,0.0,0.0,0.0,0.0,0.0,0.0
RPS11,0.0,0.0,0.0,0.0,0.0,0.0
RPL7P47,0.0,0.0,0.0,0.0,0.0,0.0
RPL7P44,0.0,0.0,0.0,0.0,0.0,0.0
RPSAP5,0.0,0.0,0.0,0.0,0.0,0.0
RPL7P26,0.0,0.0,0.0,0.0,0.0,0.0
RPSAP52,0.0,0.0,0.0,0.0,0.0,0.0
RPS10P7,0.0,0.0,0.0,0.0,0.0,0.0
RPL7P23,0.0,0.0,0.0,0.0,0.0,0.0
RPL7P22,0.0,0.0,0.0,0.0,0.0,0.0
RPL7P19,0.0,0.0,0.0,0.0,0.0,0.0
RPL7P16,0.0,0.0,0.0,0.0,0.0,0.0
RPS11P5,0.0,0.0,0.0,0.0,0.0,0.0
RPL7P15,0.0,0.0,0.0,0.0,0.0,0.0
RPL7P10,0.0,0.0,0.0,0.0,0.0,0.0
RPL7P6,0.0,0.0,0.0,0.0,0.0,0.0
RPS10P5,0.0,0.0,0.0,0.0,0.0,0.0
RPL7P9,0.0,0.0,0.0,0.0,0.0,0.0
RPL9P7,0.0,0.0,0.0,0.0,0.0,0.0
RPS10P2,0.0,0.0,0.0,0.0,0.0,0.0
RPS10,0.0,0.0,0.0,0.0,0.0,0.0
RPLP2,0.0,0.0,0.0,0.0,0.0,0.0
RPLP1P6,0.0,0.0,0.0,0.0,0.0,0.0
RPLP1,0.0,0.0,0.0,0.0,0.0,0.0
RPLP0P6,0.0,0.0,0.0,0.0,0.0,0.0
RPSAP17,0.0,0.0,0.0,0.0,0.0,0.0
RPLP0P2,0.0,0.0,0.0,0.0,0.0,0.0
RPLP0,0.0,0.0,0.0,0.0,0.0,0.0
RPSAP15,0.0,0.0,0.0,0.0,0.0,0.0
RPS10P3,0.0,0.0,0.0,0.0,0.0,0.0
RPL9P32,0.0,0.0,0.0,0.0,0.0,0.0
RPL9P3,0.0,0.0,0.0,0.0,0.0,0.0
RPL9P29,0.0,0.0,0.0,0.0,0.0,0.0
RPL9P28,0.0,0.0,0.0,0.0,0.0,0.0
RPL9P21,0.0,0.0,0.0,0.0,0.0,0.0
RPSAP54,0.0,0.0,0.0,0.0,0.0,0.0
RPL9P18,0.0,0.0,0.0,0.0,0.0,0.0
RPSAP18,0.0,0.0,0.0,0.0,0.0,0.0
RPL9,0.0,0.0,0.0,0.0,0.0,0.0
RPL8,0.0,0.0,0.0,0.0,0.0,0.0
RPS4XP14,0.0,0.0,0.0,0.0,0.0,0.0
RPSAP56,0.0,0.0,0.0,0.0,0.0,0.0
RPL39P36,0.0,0.0,0.0,0.0,0.0,0.0
RPL41P5,0.0,0.0,0.0,0.0,0.0,0.0
RPL41P2,0.0,0.0,0.0,0.0,0.0,0.0
RPL41P1,0.0,0.0,0.0,0.0,0.0,0.0
RPL41,0.0,0.0,0.0,0.0,0.0,0.0
RPL3P7,0.0,0.0,0.0,0.0,0.0,0.0
RPSAP8,0.0,0.0,0.0,0.0,0.0,0.0
RPL3P4,0.0,0.0,0.0,0.0,0.0,0.0
RPL3P2,0.0,0.0,0.0,0.0,0.0,0.0
RPL3L,0.0,0.0,0.0,0.0,0.0,0.0
RPL39P38,0.0,0.0,0.0,0.0,0.0,0.0
RPL39P3,0.0,0.0,0.0,0.0,0.0,0.0
RPL4P3,0.0,0.0,0.0,0.0,0.0,0.0
RPL39P16,0.0,0.0,0.0,0.0,0.0,0.0
RPL39P15,0.0,0.0,0.0,0.0,0.0,0.0
RPL39P14,0.0,0.0,0.0,0.0,0.0,0.0
RPL39L,0.0,0.0,0.0,0.0,0.0,0.0
RPL39,0.0,0.0,0.0,0.0,0.0,0.0
RPL38,0.0,0.0,0.0,0.0,0.0,0.0
RPL37P6,0.0,0.0,0.0,0.0,0.0,0.0
RPL37P23,0.0,0.0,0.0,0.0,0.0,0.0
RPL37P2,0.0,0.0,0.0,0.0,0.0,0.0
RPL37P12,0.0,0.0,0.0,0.0,0.0,0.0
RPL4P2,0.0,0.0,0.0,0.0,0.0,0.0
RPL4P4,0.0,0.0,0.0,0.0,0.0,0.0
RPL7AP66,0.0,0.0,0.0,0.0,0.0,0.0
RPL5P9,0.0,0.0,0.0,0.0,0.0,0.0
RPL7AP65,0.0,0.0,0.0,0.0,0.0,0.0
RPL7AP6,0.0,0.0,0.0,0.0,0.0,0.0
RPL7AP31,0.0,0.0,0.0,0.0,0.0,0.0
RPL7AP30,0.0,0.0,0.0,0.0,0.0,0.0
RPL7AP10,0.0,0.0,0.0,0.0,0.0,0.0
RPL7A,0.0,0.0,0.0,0.0,0.0,0.0
RPL7,0.0,0.0,0.0,0.0,0.0,0.0
RPL6P27,0.0,0.0,0.0,0.0,0.0,0.0
RPL6P24,0.0,0.0,0.0,0.0,0.0,0.0
RPL6,0.0,0.0,0.0,0.0,0.0,0.0
RPL5P4,0.0,0.0,0.0,0.0,0.0,0.0
RPL4P5,0.0,0.0,0.0,0.0,0.0,0.0
RPL5P34,0.0,0.0,0.0,0.0,0.0,0.0
RPL5P30,0.0,0.0,0.0,0.0,0.0,0.0
RPL5P3,0.0,0.0,0.0,0.0,0.0,0.0
RPL5P29,0.0,0.0,0.0,0.0,0.0,0.0
RPL5P23,0.0,0.0,0.0,0.0,0.0,0.0
RPSAP61,0.0,0.0,0.0,0.0,0.0,0.0
RPSAP70,0.0,0.0,0.0,0.0,0.0,0.0
RPL5P12,0.0,0.0,0.0,0.0,0.0,0.0
RPL5P1,0.0,0.0,0.0,0.0,0.0,0.0
RPL5,0.0,0.0,0.0,0.0,0.0,0.0
RPL7AP50,0.0,0.0,0.0,0.0,0.0,0.0
RPS12P3,0.0,0.0,0.0,0.0,0.0,0.0
RPS12,0.0,0.0,0.0,0.0,0.0,0.0
RPSAP11,0.0,0.0,0.0,0.0,0.0,0.0
RPS2P32,0.0,0.0,0.0,0.0,0.0,0.0
RPS6KA2,0.0,0.0,0.0,0.0,0.0,0.0
RPS2P17,0.0,0.0,0.0,0.0,0.0,0.0
RPS29P5,0.0,0.0,0.0,0.0,0.0,0.0
RPS29P16,0.0,0.0,0.0,0.0,0.0,0.0
RPS6KA2-IT1,0.0,0.0,0.0,0.0,0.0,0.0
RPS29,0.0,0.0,0.0,0.0,0.0,0.0
RPS28P7,0.0,0.0,0.0,0.0,0.0,0.0
RPS28P5,0.0,0.0,0.0,0.0,0.0,0.0
RPS6KA4,0.0,0.0,0.0,0.0,0.0,0.0
RPS28,0.0,0.0,0.0,0.0,0.0,0.0
RPS6KA5,0.0,0.0,0.0,0.0,0.0,0.0
RPS6KA6,0.0,0.0,0.0,0.0,0.0,0.0
RPS27AP5,0.0,0.0,0.0,0.0,0.0,0.0
RPS27AP16,0.0,0.0,0.0,0.0,0.0,0.0
RPS27AP11,0.0,0.0,0.0,0.0,0.0,0.0
RPS27AP1,0.0,0.0,0.0,0.0,0.0,0.0
RPS27A,0.0,0.0,0.0,0.0,0.0,0.0
RPS27,0.0,0.0,0.0,0.0,0.0,0.0
RPS26P58,0.0,0.0,0.0,0.0,0.0,0.0
RPS6KB1,0.0,0.0,0.0,0.0,0.0,0.0
RPS6KB2,0.0,0.0,0.0,0.0,0.0,0.0
RPS26P55,0.0,0.0,0.0,0.0,0.0,0.0
RPS6KA1,0.0,0.0,0.0,0.0,0.0,0.0
RPS2P35,0.0,0.0,0.0,0.0,0.0,0.0
RPS2P46,0.0,0.0,0.0,0.0,0.0,0.0
RPS3AP24,0.0,0.0,0.0,0.0,0.0,0.0
RPS4X,0.0,0.0,0.0,0.0,0.0,0.0
RPS3AP7,0.0,0.0,0.0,0.0,0.0,0.0
RPS3AP6,0.0,0.0,0.0,0.0,0.0,0.0
RPS3AP5,0.0,0.0,0.0,0.0,0.0,0.0
RPS3AP49,0.0,0.0,0.0,0.0,0.0,0.0
RPS3AP47,0.0,0.0,0.0,0.0,0.0,0.0
RPS3AP44,0.0,0.0,0.0,0.0,0.0,0.0
RPS3AP38,0.0,0.0,0.0,0.0,0.0,0.0
RPS3AP26,0.0,0.0,0.0,0.0,0.0,0.0
RPS3AP25,0.0,0.0,0.0,0.0,0.0,0.0
RPS3AP21,0.0,0.0,0.0,0.0,0.0,0.0
RPS6,0.0,0.0,0.0,0.0,0.0,0.0
RPS3AP20,0.0,0.0,0.0,0.0,0.0,0.0
RPS4XP2,0.0,0.0,0.0,0.0,0.0,0.0
RPS3A,0.0,0.0,0.0,0.0,0.0,0.0
RPS4XP3,0.0,0.0,0.0,0.0,0.0,0.0
RPS3,0.0,0.0,0.0,0.0,0.0,0.0
RPS4XP6,0.0,0.0,0.0,0.0,0.0,0.0
RPS2P55,0.0,0.0,0.0,0.0,0.0,0.0
RPS2P5,0.0,0.0,0.0,0.0,0.0,0.0
RPS2P48,0.0,0.0,0.0,0.0,0.0,0.0
RPS5,0.0,0.0,0.0,0.0,0.0,0.0
RPS26P47,0.0,0.0,0.0,0.0,0.0,0.0
RPS26P41,0.0,0.0,0.0,0.0,0.0,0.0
RPS26P39,0.0,0.0,0.0,0.0,0.0,0.0
RPS9,0.0,0.0,0.0,0.0,0.0,0.0
RPS2,0.0,0.0,0.0,0.0,0.0,0.0
RPS19P1,0.0,0.0,0.0,0.0,0.0,0.0
RPS19BP1,0.0,0.0,0.0,0.0,0.0,0.0
RPS19,0.0,0.0,0.0,0.0,0.0,0.0
RPS18P9,0.0,0.0,0.0,0.0,0.0,0.0
RPS18P12,0.0,0.0,0.0,0.0,0.0,0.0
RPS18,0.0,0.0,0.0,0.0,0.0,0.0
RPS7P4,0.0,0.0,0.0,0.0,0.0,0.0
RPS8,0.0,0.0,0.0,0.0,0.0,0.0
RPS16,0.0,0.0,0.0,0.0,0.0,0.0
RPS15AP38,0.0,0.0,0.0,0.0,0.0,0.0
RPS20P10,0.0,0.0,0.0,0.0,0.0,0.0
RPS9P1,0.0,0.0,0.0,0.0,0.0,0.0
RPS15AP12,0.0,0.0,0.0,0.0,0.0,0.0
RPS15AP11,0.0,0.0,0.0,0.0,0.0,0.0
RPS15AP1,0.0,0.0,0.0,0.0,0.0,0.0
RPS15A,0.0,0.0,0.0,0.0,0.0,0.0
RPS15,0.0,0.0,0.0,0.0,0.0,0.0
RPSA,0.0,0.0,0.0,0.0,0.0,0.0
RPS13P2,0.0,0.0,0.0,0.0,0.0,0.0
RPS13,0.0,0.0,0.0,0.0,0.0,0.0
RPS4XP1,0.0,0.0,0.0,0.0,0.0,0.0
RPS20,0.0,0.0,0.0,0.0,0.0,0.0
RPS20P14,0.0,0.0,0.0,0.0,0.0,0.0
RPS6KB2-AS1,0.0,0.0,0.0,0.0,0.0,0.0
RPS26,0.0,0.0,0.0,0.0,0.0,0.0
RPS6KC1,0.0,0.0,0.0,0.0,0.0,0.0
RPS26P3,0.0,0.0,0.0,0.0,0.0,0.0
RPS6KL1,0.0,0.0,0.0,0.0,0.0,0.0
RPS26P28,0.0,0.0,0.0,0.0,0.0,0.0
RPS6P25,0.0,0.0,0.0,0.0,0.0,0.0
RPS7,0.0,0.0,0.0,0.0,0.0,0.0
RPS26P15,0.0,0.0,0.0,0.0,0.0,0.0
RPS7P1,0.0,0.0,0.0,0.0,0.0,0.0
RPS7P10,0.0,0.0,0.0,0.0,0.0,0.0
RPS26P13,0.0,0.0,0.0,0.0,0.0,0.0
RPS25,0.0,0.0,0.0,0.0,0.0,0.0
RPS20P22,0.0,0.0,0.0,0.0,0.0,0.0
RPS24P8,0.0,0.0,0.0,0.0,0.0,0.0
RPS7P11,0.0,0.0,0.0,0.0,0.0,0.0
RPS7P3,0.0,0.0,0.0,0.0,0.0,0.0
RPS24P17,0.0,0.0,0.0,0.0,0.0,0.0
RPL37AP1,0.0,0.0,0.0,0.0,0.0,0.0
RPS23P8,0.0,0.0,0.0,0.0,0.0,0.0
RPS23,0.0,0.0,0.0,0.0,0.0,0.0
RPS21P4,0.0,0.0,0.0,0.0,0.0,0.0
RPS21,0.0,0.0,0.0,0.0,0.0,0.0
RPS20P33,0.0,0.0,0.0,0.0,0.0,0.0
RPS24,0.0,0.0,0.0,0.0,0.0,0.0
RPL30P4,0.0,0.0,0.0,0.0,0.0,0.0
RPL37A,0.0,0.0,0.0,0.0,0.0,0.0
EIF2AK4,0.0,0.0,0.0,0.0,0.0,0.0
EIF4A1P4,0.0,0.0,0.0,0.0,0.0,0.0
EIF4A1P2,0.0,0.0,0.0,0.0,0.0,0.0
EIF4A1P10,0.0,0.0,0.0,0.0,0.0,0.0
EIF4A1,0.0,0.0,0.0,0.0,0.0,0.0
EIF3M,0.0,0.0,0.0,0.0,0.0,0.0
EIF3LP3,0.0,0.0,0.0,0.0,0.0,0.0
EIF3LP2,0.0,0.0,0.0,0.0,0.0,0.0
EIF3L,0.0,0.0,0.0,0.0,0.0,0.0
EIF3K,0.0,0.0,0.0,0.0,0.0,0.0
EIF3J-DT,0.0,0.0,0.0,0.0,0.0,0.0
EIF3I,0.0,0.0,0.0,0.0,0.0,0.0
EIF3H,0.0,0.0,0.0,0.0,0.0,0.0
EIF3G,0.0,0.0,0.0,0.0,0.0,0.0
EIF3F,0.0,0.0,0.0,0.0,0.0,0.0
EIF3D,0.0,0.0,0.0,0.0,0.0,0.0
EIF3CL,0.0,0.0,0.0,0.0,0.0,0.0
EIF2S3B,0.0,0.0,0.0,0.0,0.0,0.0
EIF2S3,0.0,0.0,0.0,0.0,0.0,0.0
EIF2S2P4,0.0,0.0,0.0,0.0,0.0,0.0
EIF2S2P3,0.0,0.0,0.0,0.0,0.0,0.0
EIF2S2,0.0,0.0,0.0,0.0,0.0,0.0
EIF2B5-DT,0.0,0.0,0.0,0.0,0.0,0.0
EIF2B4,0.0,0.0,0.0,0.0,0.0,0.0
EIF2B3,0.0,0.0,0.0,0.0,0.0,0.0
EIF2B2,0.0,0.0,0.0,0.0,0.0,0.0
EIF4A1P7,0.0,0.0,0.0,0.0,0.0,0.0
EIF4A2,0.0,0.0,0.0,0.0,0.0,0.0
EIF4A2P4,0.0,0.0,0.0,0.0,0.0,0.0
RPL10,0.0,0.0,0.0,0.0,0.0,0.0
RPL11P3,0.0,0.0,0.0,0.0,0.0,0.0
RPL11,0.0,0.0,0.0,0.0,0.0,0.0
RPL10P9,0.0,0.0,0.0,0.0,0.0,0.0
RPL10P6,0.0,0.0,0.0,0.0,0.0,0.0
RPL10P3,0.0,0.0,0.0,0.0,0.0,0.0
RPL10P16,0.0,0.0,0.0,0.0,0.0,0.0
RPL10P12,0.0,0.0,0.0,0.0,0.0,0.0
RPL10P1,0.0,0.0,0.0,0.0,0.0,0.0
RPL10AP6,0.0,0.0,0.0,0.0,0.0,0.0
RPL10AP2,0.0,0.0,0.0,0.0,0.0,0.0
RPL10A,0.0,0.0,0.0,0.0,0.0,0.0
EIF6,0.0,0.0,0.0,0.0,0.0,0.0
EIF4A3,0.0,0.0,0.0,0.0,0.0,0.0
EIF5AP4,0.0,0.0,0.0,0.0,0.0,0.0
EIF5A2,0.0,0.0,0.0,0.0,0.0,0.0
EIF5A,0.0,0.0,0.0,0.0,0.0,0.0
EIF5,0.0,0.0,0.0,0.0,0.0,0.0
EIF4G3,0.0,0.0,0.0,0.0,0.0,0.0
EIF4EP2,0.0,0.0,0.0,0.0,0.0,0.0
EIF4EBP2P2,0.0,0.0,0.0,0.0,0.0,0.0
EIF4E3,0.0,0.0,0.0,0.0,0.0,0.0
EIF4E2,0.0,0.0,0.0,0.0,0.0,0.0
EIF4E,0.0,0.0,0.0,0.0,0.0,0.0
EIF4BP7,0.0,0.0,0.0,0.0,0.0,0.0
EIF2B1,0.0,0.0,0.0,0.0,0.0,0.0
EIF2AK3-DT,0.0,0.0,0.0,0.0,0.0,0.0
RPL12P1,0.0,0.0,0.0,0.0,0.0,0.0
EIF2AK3,0.0,0.0,0.0,0.0,0.0,0.0
DDX52,0.0,0.0,0.0,0.0,0.0,0.0
DDX51,0.0,0.0,0.0,0.0,0.0,0.0
DDX50P2,0.0,0.0,0.0,0.0,0.0,0.0
DDX50,0.0,0.0,0.0,0.0,0.0,0.0
DDX5,0.0,0.0,0.0,0.0,0.0,0.0
DDX49,0.0,0.0,0.0,0.0,0.0,0.0
DDX46,0.0,0.0,0.0,0.0,0.0,0.0
DDX42,0.0,0.0,0.0,0.0,0.0,0.0
DDX41,0.0,0.0,0.0,0.0,0.0,0.0
DDX3X,0.0,0.0,0.0,0.0,0.0,0.0
DDX39B-AS1,0.0,0.0,0.0,0.0,0.0,0.0
DDX39B,0.0,0.0,0.0,0.0,0.0,0.0
DDX31,0.0,0.0,0.0,0.0,0.0,0.0
DDX27,0.0,0.0,0.0,0.0,0.0,0.0
DDX25,0.0,0.0,0.0,0.0,0.0,0.0
DDX23,0.0,0.0,0.0,0.0,0.0,0.0
DDX19B,0.0,0.0,0.0,0.0,0.0,0.0
DDX19A-DT,0.0,0.0,0.0,0.0,0.0,0.0
DDX18P4,0.0,0.0,0.0,0.0,0.0,0.0
DDX18P3,0.0,0.0,0.0,0.0,0.0,0.0
DDX17,0.0,0.0,0.0,0.0,0.0,0.0
DDX12P,0.0,0.0,0.0,0.0,0.0,0.0
DDX11-AS1,0.0,0.0,0.0,0.0,0.0,0.0
DDX11,0.0,0.0,0.0,0.0,0.0,0.0
DDX10P2,0.0,0.0,0.0,0.0,0.0,0.0
DDX54,0.0,0.0,0.0,0.0,0.0,0.0
DDX55,0.0,0.0,0.0,0.0,0.0,0.0
DDX59,0.0,0.0,0.0,0.0,0.0,0.0
DHX8,0.0,0.0,0.0,0.0,0.0,0.0
EIF2AK2,0.0,0.0,0.0,0.0,0.0,0.0
EIF2AK1,0.0,0.0,0.0,0.0,0.0,0.0
EIF2A,0.0,0.0,0.0,0.0,0.0,0.0
EIF1P7,0.0,0.0,0.0,0.0,0.0,0.0
EIF1P5,0.0,0.0,0.0,0.0,0.0,0.0
EIF1P3,0.0,0.0,0.0,0.0,0.0,0.0
EIF1B-AS1,0.0,0.0,0.0,0.0,0.0,0.0
EIF1B,0.0,0.0,0.0,0.0,0.0,0.0
EIF1AXP1,0.0,0.0,0.0,0.0,0.0,0.0
EIF1,0.0,0.0,0.0,0.0,0.0,0.0
DHX9P1,0.0,0.0,0.0,0.0,0.0,0.0
DHX40,0.0,0.0,0.0,0.0,0.0,0.0
DDX59-AS1,0.0,0.0,0.0,0.0,0.0,0.0
DHX38,0.0,0.0,0.0,0.0,0.0,0.0
DHX36,0.0,0.0,0.0,0.0,0.0,0.0
DHX35,0.0,0.0,0.0,0.0,0.0,0.0
DHX34,0.0,0.0,0.0,0.0,0.0,0.0
DHX33,0.0,0.0,0.0,0.0,0.0,0.0
DHX30,0.0,0.0,0.0,0.0,0.0,0.0
DHX29,0.0,0.0,0.0,0.0,0.0,0.0
DHX16,0.0,0.0,0.0,0.0,0.0,0.0
DDX60L,0.0,0.0,0.0,0.0,0.0,0.0
DDX60,0.0,0.0,0.0,0.0,0.0,0.0
DDX6,0.0,0.0,0.0,0.0,0.0,0.0
RPL12,0.0,0.0,0.0,0.0,0.0,0.0
RPL12P12,0.0,0.0,0.0,0.0,0.0,0.0
RPL37,0.0,0.0,0.0,0.0,0.0,0.0
RPL23AP49,0.0,0.0,0.0,0.0,0.0,0.0
RPL29,0.0,0.0,0.0,0.0,0.0,0.0
RPL28P2,0.0,0.0,0.0,0.0,0.0,0.0
RPL28,0.0,0.0,0.0,0.0,0.0,0.0
RPL27A,0.0,0.0,0.0,0.0,0.0,0.0
RPL27,0.0,0.0,0.0,0.0,0.0,0.0
RPL26P6,0.0,0.0,0.0,0.0,0.0,0.0
RPL26P36,0.0,0.0,0.0,0.0,0.0,0.0
RPL26P30,0.0,0.0,0.0,0.0,0.0,0.0
RPL26P19,0.0,0.0,0.0,0.0,0.0,0.0
RPL26L1,0.0,0.0,0.0,0.0,0.0,0.0
RPL26,0.0,0.0,0.0,0.0,0.0,0.0
RPL24P8,0.0,0.0,0.0,0.0,0.0,0.0
RPL24P4,0.0,0.0,0.0,0.0,0.0,0.0
RPL24P2,0.0,0.0,0.0,0.0,0.0,0.0
RPL24,0.0,0.0,0.0,0.0,0.0,0.0
RPL23P8,0.0,0.0,0.0,0.0,0.0,0.0
RPL23P2,0.0,0.0,0.0,0.0,0.0,0.0
RPL23AP94,0.0,0.0,0.0,0.0,0.0,0.0
RPL23AP87,0.0,0.0,0.0,0.0,0.0,0.0
RPL23AP82,0.0,0.0,0.0,0.0,0.0,0.0
RPL23AP74,0.0,0.0,0.0,0.0,0.0,0.0
RPL23AP7,0.0,0.0,0.0,0.0,0.0,0.0
RPL23AP65,0.0,0.0,0.0,0.0,0.0,0.0
RPL23AP64,0.0,0.0,0.0,0.0,0.0,0.0
RPL23AP57,0.0,0.0,0.0,0.0,0.0,0.0
RPL29P12,0.0,0.0,0.0,0.0,0.0,0.0
RPL29P14,0.0,0.0,0.0,0.0,0.0,0.0
RPL29P33,0.0,0.0,0.0,0.0,0.0,0.0
RPL35,0.0,0.0,0.0,0.0,0.0,0.0
RPL36AP54,0.0,0.0,0.0,0.0,0.0,0.0
RPL36AP26,0.0,0.0,0.0,0.0,0.0,0.0
RPL36AP16,0.0,0.0,0.0,0.0,0.0,0.0
RPL36AL,0.0,0.0,0.0,0.0,0.0,0.0
RPL36A,0.0,0.0,0.0,0.0,0.0,0.0
RPL36,0.0,0.0,0.0,0.0,0.0,0.0
RPL35P5,0.0,0.0,0.0,0.0,0.0,0.0
RPL35P2,0.0,0.0,0.0,0.0,0.0,0.0
RPL35P1,0.0,0.0,0.0,0.0,0.0,0.0
RPL35AP36,0.0,0.0,0.0,0.0,0.0,0.0
RPL35A,0.0,0.0,0.0,0.0,0.0,0.0
RPL34P34,0.0,0.0,0.0,0.0,0.0,0.0
RPL3,0.0,0.0,0.0,0.0,0.0,0.0
RPL34P33,0.0,0.0,0.0,0.0,0.0,0.0
RPL34P18,0.0,0.0,0.0,0.0,0.0,0.0
RPL34,0.0,0.0,0.0,0.0,0.0,0.0
RPL32P3,0.0,0.0,0.0,0.0,0.0,0.0
RPL32P18,0.0,0.0,0.0,0.0,0.0,0.0
RPL32P16,0.0,0.0,0.0,0.0,0.0,0.0
RPL32,0.0,0.0,0.0,0.0,0.0,0.0
RPL31P49,0.0,0.0,0.0,0.0,0.0,0.0
RPL31P17,0.0,0.0,0.0,0.0,0.0,0.0
RPL31,0.0,0.0,0.0,0.0,0.0,0.0
RPL30,0.0,0.0,0.0,0.0,0.0,0.0
RPL23AP53,0.0,0.0,0.0,0.0,0.0,0.0
RPL23AP43,0.0,0.0,0.0,0.0,0.0,0.0
RPL12P14,0.0,0.0,0.0,0.0,0.0,0.0
RPL23AP42,0.0,0.0,0.0,0.0,0.0,0.0
RPL18A,0.0,0.0,0.0,0.0,0.0,0.0
RPL18,0.0,0.0,0.0,0.0,0.0,0.0
RPL17P50,0.0,0.0,0.0,0.0,0.0,0.0
RPL17P36,0.0,0.0,0.0,0.0,0.0,0.0
RPL15P5,0.0,0.0,0.0,0.0,0.0,0.0
RPL15P3,0.0,0.0,0.0,0.0,0.0,0.0
RPL15P2,0.0,0.0,0.0,0.0,0.0,0.0
RPL15,0.0,0.0,0.0,0.0,0.0,0.0
RPL13P5,0.0,0.0,0.0,0.0,0.0,0.0
RPL13P12,0.0,0.0,0.0,0.0,0.0,0.0
RPL13AP7,0.0,0.0,0.0,0.0,0.0,0.0
RPL13AP6,0.0,0.0,0.0,0.0,0.0,0.0
RPL13AP5,0.0,0.0,0.0,0.0,0.0,0.0
RPL13AP3,0.0,0.0,0.0,0.0,0.0,0.0
RPL13AP25,0.0,0.0,0.0,0.0,0.0,0.0
RPL13AP20,0.0,0.0,0.0,0.0,0.0,0.0
RPL13A,0.0,0.0,0.0,0.0,0.0,0.0
RPL13,0.0,0.0,0.0,0.0,0.0,0.0
RPL12P8,0.0,0.0,0.0,0.0,0.0,0.0
RPL12P7,0.0,0.0,0.0,0.0,0.0,0.0
RPL12P6,0.0,0.0,0.0,0.0,0.0,0.0
RPL12P4,0.0,0.0,0.0,0.0,0.0,0.0
RPL12P38,0.0,0.0,0.0,0.0,0.0,0.0
RPL12P25,0.0,0.0,0.0,0.0,0.0,0.0
RPL12P17,0.0,0.0,0.0,0.0,0.0,0.0
RPL18AP3,0.0,0.0,0.0,0.0,0.0,0.0
RPL18AP7,0.0,0.0,0.0,0.0,0.0,0.0
RPL19,0.0,0.0,0.0,0.0,0.0,0.0
RPL22L1,0.0,0.0,0.0,0.0,0.0,0.0
RPL23AP37,0.0,0.0,0.0,0.0,0.0,0.0
RPL23AP3,0.0,0.0,0.0,0.0,0.0,0.0
RPL23AP20,0.0,0.0,0.0,0.0,0.0,0.0
RPL23AP2,0.0,0.0,0.0,0.0,0.0,0.0
RPL23AP18,0.0,0.0,0.0,0.0,0.0,0.0
RPL23AP10,0.0,0.0,0.0,0.0,0.0,0.0
RPL23A,0.0,0.0,0.0,0.0,0.0,0.0
RPL23,0.0,0.0,0.0,0.0,0.0,0.0
RPL22P16,0.0,0.0,0.0,0.0,0.0,0.0
RPL22P12,0.0,0.0,0.0,0.0,0.0,0.0
RPL22P1,0.0,0.0,0.0,0.0,0.0,0.0
RPL22,0.0,0.0,0.0,0.0,0.0,0.0
RPL19P16,0.0,0.0,0.0,0.0,0.0,0.0
RPL21P93,0.0,0.0,0.0,0.0,0.0,0.0
RPL21P89,0.0,0.0,0.0,0.0,0.0,0.0
RPL21P4,0.0,0.0,0.0,0.0,0.0,0.0
RPL21P39,0.0,0.0,0.0,0.0,0.0,0.0
RPL21P28,0.0,0.0,0.0,0.0,0.0,0.0
RPL21P16,0.0,0.0,0.0,0.0,0.0,0.0
RPL21P121,0.0,0.0,0.0,0.0,0.0,0.0
RPL21P120,0.0,0.0,0.0,0.0,0.0,0.0
RPL21P11,0.0,0.0,0.0,0.0,0.0,0.0
RPL21P10,0.0,0.0,0.0,0.0,0.0,0.0
RPL21,0.0,0.0,0.0,0.0,0.0,0.0
RPSAP9,0.0,0.0,0.0,0.0,0.0,0.0
