gene_symbol,direction,k_studies,pooled_log2FoldChange,I2,meta_FDR,is_translation_factor,evidence_rank
IL6,up,3,5.128857582972793,78.78510195053062,1.1916345460144722e-79,False,1
FFAR2,up,3,4.189169226710856,58.90920812108927,6.8943915144865285e-78,False,2
MACC1,up,3,3.6489818714293487,0.0,6.115876849336993e-134,False,3
MARCO,up,3,3.970047496359048,84.56242481319624,7.982255137283204e-42,False,4
TNFSF18,up,3,4.004954067347318,28.992881983964296,4.4027015270809406e-27,False,5
SIK1,up,3,3.13282579907027,0.0,8.526430232544822e-72,False,6
TNFRSF10D,up,3,2.9482730404233894,0.0,0.0,False,6
TDO2,up,3,3.8034498435826447,0.0,1.4562258391609056e-29,False,6
THBS1,up,4,2.898696453583468,0.0,2.1468727327807392e-64,False,9
CCL2,up,4,3.827261715184235,87.7659988453439,1.2996213938204093e-19,False,10
CXCL8,up,3,2.263767523299873,0.0,1.1801285362515425e-134,False,11
IL1B,up,3,4.941024951652548,95.56495348764476,2.4830239726459988e-15,False,12
BTN3A2,down,3,-2.217636110957243,55.37440243768527,1.3632936214415315e-36,False,13
ICAM1,up,4,2.391488627787378,70.46997628825562,3.2543143779134726e-24,False,14
PIK3IP1,down,4,-2.3362085411262785,66.32010491435595,7.545826467983926e-22,False,15
BTBD19,up,3,2.1248515508144266,25.704697337908193,1.180373840458642e-28,False,16
C16ORF74,down,3,-3.0147898547667915,28.835545630140036,1.4117355903707754e-14,False,17
MAFB,up,3,1.9705451944323753,68.95799312170148,6.043108196526455e-28,False,18
DBP,down,3,-1.836581861059304,0.0,5.382297231282176e-106,False,19
ASB2,up,3,2.638145148584399,0.0,3.007480028755261e-14,False,20
LENG9,up,3,2.0009848430217168,67.76896452746307,1.116396363010542e-20,False,21
NCF2,down,3,-1.7489882026873025,0.0,1.5045213552615846e-90,False,22
LILRA4,up,3,3.117783463053416,6.871881000188542,6.676099364356655e-12,False,23
GALM,down,4,-1.774604128242515,0.0,5.403538617838279e-34,False,24
AMPD3,up,4,1.7235497464034195,35.41379501162693,9.673132571929743e-38,False,25
TYMP,up,3,1.7031430831514505,0.0,7.896686142312228e-45,False,25
WNT5B,down,4,-1.8971743613735372,15.31447949436006,2.5235269960627323e-19,False,27
DTNA,up,4,1.6375556438540495,0.4099431126387975,8.42981015476141e-75,False,28
FERMT3,up,4,1.605819541801645,0.0,1.3341822978480832e-141,False,29
TNF,up,3,3.589217532893098,93.32293980592222,3.713613097139194e-10,False,30
TMEM163,up,3,2.631302078257599,41.83291818727183,6.564046076473349e-11,False,31
DSEL,up,4,2.400646764963593,56.50097596694432,4.350147300950535e-11,False,32
HPGD,down,4,-2.364624604168742,0.0,3.17471766425086e-11,False,32
ACKR3,down,4,-2.545668840125027,58.1304262453045,1.221616048220713e-10,False,34
KCNK10,down,3,-1.948889183989902,68.59162083376745,2.7128581473872904e-13,False,34
LINGO3,down,3,-2.7258059958571,77.62688710258527,6.313470443752541e-10,False,36
KBTBD8,up,4,1.6567956988471142,39.35779377269076,1.9312402515496112e-19,False,37
DNAJC5B,up,3,3.4991315085899477,3.56720066752244,7.973767568711815e-09,False,38
CAPN11,up,3,1.6716765542547762,0.0,5.1429253918119875e-18,False,39
A2ML1,up,3,2.4572403454321914,0.0,3.0119090644042416e-10,False,40
ALDH1L2,up,4,1.8441810508887035,12.376453475218046,7.680725748670598e-14,False,41
ENPP2,up,4,3.1433038863007554,90.40251998561224,6.8336958624674945e-09,False,42
HMGA2-AS1,up,3,3.1192737232949033,0.0,8.009460595779015e-09,False,43
MPPED2,down,4,-1.7796627792850257,0.0,2.4396315870179865e-14,False,44
MORC1,up,3,4.118561465458148,2.723865941502126,4.7221785363946425e-08,False,45
GNAL,down,4,-1.6421166629188848,0.0,1.0047415291398514e-17,False,46
NIPBL-DT,up,3,1.458623241723108,20.218352457849797,3.9130782069578625e-43,False,47
FYB1,up,3,1.4409415277627062,0.0,1.264822306832195e-60,False,48
MYLK,down,4,-1.5644110873688113,0.0,3.216644409860691e-20,False,49
CD24,down,4,-1.4503647448376555,0.0,1.049518851246255e-33,False,50
KCNK3,down,3,-2.191973283096374,0.0,4.867111437967768e-10,False,51
ABTB1,down,4,-1.5006386168107664,53.09445438724391,1.9424198767252068e-21,False,51
PROX1,up,4,1.6575509216705446,33.3130989523208,2.4235009588198933e-14,False,53
C16ORF86,down,3,-1.472972616884881,0.0,5.241353828465191e-20,False,54
KLHL30,down,3,-2.3802486109460133,77.5677324602703,1.1310457307272721e-08,False,55
PTPRC,up,4,1.399566545302207,29.61277171852455,3.4267440025198155e-25,False,56
ZC3H12A,up,4,2.8360046217153365,95.50771572989126,9.576589598583845e-08,False,57
CPEB3,up,4,1.8142923786780172,77.12671875046841,6.351705497209629e-11,False,58
FXYD6,down,4,-2.3018852655691098,41.9362121265389,1.3625791053556884e-08,False,59
DSE,up,4,1.3385876487873891,48.01452316033877,2.2079549244557807e-32,False,59
CREB3L4,down,4,-1.54219013247518,48.77574097835173,1.110004411958438e-14,False,61
AKR1C3,down,3,-2.395680644393375,61.45387424225846,5.74136914638113e-08,False,62
RGMA,down,3,-1.4822561115488553,0.0,6.746453232744906e-16,False,63
SLC26A4,up,4,2.2922132040970182,23.146167242068536,3.580709609933279e-08,False,64
SPOCK3,down,4,-2.442244714349089,33.03028115879844,9.668658181628255e-08,False,65
NCF1,up,3,2.6226515541252873,94.67544318922816,2.0216333567491408e-07,False,66
TMSB15A,down,3,-1.608624347583201,0.0,8.151717187278238e-12,False,67
CSPG4,down,4,-1.499641539676985,0.0,3.787833063613359e-13,False,68
MDK,down,4,-1.3052630215548873,0.0,1.870669770616968e-25,False,69
SYT1,up,4,1.2651845600069769,0.0,6.771881639265915e-57,False,70
PSMB8-AS1,down,3,-1.302601822654222,5.805413444918194,4.464829754900475e-23,False,71
ALDH5A1,down,4,-1.3507781970662731,22.663066625495695,1.9458700383735652e-17,False,72
RAC2,up,4,1.224039764945,0.0,5.910974402101729e-85,False,73
REL,up,4,1.3118143196222831,46.421713443241146,1.2156483429728533e-18,False,74
FAM53B,down,4,-1.498735224719977,65.79124828899457,7.1718445675603235e-12,False,75
CPED1,down,3,-1.7482659857823355,0.0,3.1477218922383093e-09,False,76
PLK2,up,4,2.069994794919426,90.77999648087948,1.219193951192993e-07,False,77
TBX6,down,3,-2.2477209446113635,42.10271820336558,2.7513317942662757e-07,False,78
PIK3CG,up,3,1.2029962980458566,1.0888234524684106,4.045682186271278e-61,False,79
MCTP1,up,4,1.367415545686378,54.093816095066984,5.537340810454363e-14,False,80
C1ORF216,up,3,1.190352751826058,0.0,7.15923844649674e-51,False,81
GPX3,down,3,-1.230108715830278,0.0,1.9808423756726904e-24,False,82
RIMS1,up,4,3.730915142361017,79.26155091714662,7.025341398102667e-06,False,83
MIR503HG,up,3,2.954437206818894,94.00037026314178,3.10192698067628e-06,False,84
GPR35,up,3,1.815803376096233,68.90739992368611,3.809710939489053e-08,False,85
TLR5,down,4,-1.6657942273557345,71.04667166211854,4.9596771579143135e-09,False,85
PLCXD2,up,4,1.900986428297886,72.59289895357166,1.1228443629176333e-07,False,87
F10,up,3,1.904153956252577,0.0,1.391973735731111e-07,False,88
SH3BP1,up,3,1.1907684662764555,20.226599841612767,1.9664153520984512e-27,False,89
QPCT,up,3,2.4752266490740524,61.38196727974926,2.0152235734630603e-06,False,90
PCP4L1,down,3,-2.435628980683132,0.0,1.7533553114031896e-06,False,91
NATD1,down,4,-1.8049639226546177,85.4022936911615,8.99497236887752e-08,False,92
PLEK,up,3,1.4130001784950603,72.73631098827305,1.7909243985428777e-11,False,93
TAF13,up,4,1.231479763901861,52.40881191781585,6.409539367494917e-18,False,94
GABRA4,up,3,2.7154516128077435,0.0,6.2556979086077755e-06,False,95
LGALS2,down,3,-1.9750777222868572,0.0,5.633946039274158e-07,False,96
CDA,down,3,-3.3253557952135027,54.019362108066105,2.123744117149649e-05,False,97
LTBP2,up,4,1.645873868276678,76.03257549957983,2.9300181990998008e-08,False,98
OPRK1,up,3,2.612311312922792,0.0,7.787588003748441e-06,False,99
APBA1,down,4,-1.1703886998203017,0.0,9.895247283212932e-24,False,99
ANKRD22,up,3,1.1878597903547536,0.0,3.026868753299119e-18,False,101
TXLNB,up,3,1.4700150825936218,0.0,1.427436267216518e-09,False,102
ATAD3B,up,3,1.2049361284917166,54.04495964662837,2.821555776112621e-17,False,103
C11ORF96,up,3,1.5789133075941946,0.0,1.2738607480265e-08,False,104
ACE,down,3,-2.412066805279513,89.7458915283115,7.493835517458695e-06,False,105
NFAT5,up,4,1.4141787882497443,46.39206306568027,2.7596235580740303e-10,False,106
FRY,down,4,-1.750092704271104,58.54962861832105,2.1590764293254535e-07,False,106
MIR22HG,up,3,1.120975013346298,0.0,2.3239496351803298e-33,False,108
C17ORF113,down,3,-1.635715447508843,0.0,8.792302758025918e-08,False,109
CDKN1C,down,4,-1.8819864981244745,82.39826528005545,9.347005453869976e-07,False,110
NDRG2,down,4,-1.4973322520935808,71.80836460465162,1.1731081319261296e-08,False,111
MAFF,up,4,2.19233055945695,93.20201989151684,7.648337335767943e-06,False,112
BEND4,up,4,1.326081960215748,58.441213908281306,8.501964195343359e-11,False,113
CDH5,down,3,-2.654392917869606,17.29638901668932,3.548726750194169e-05,False,114
NUDT19-DT,up,3,1.3913565383144226,0.0,9.34390372038813e-10,False,115
RUFY4,down,3,-2.860579177576935,70.87297597838771,4.565542643812625e-05,False,116
C1QTNF6,down,4,-1.6413386748112528,69.60571393543513,1.839919872890626e-07,False,117
FUCA1,down,3,-2.02397984376283,93.97790478978632,4.778173124838898e-06,False,117
TRPC3,up,4,1.965060327728455,0.0,2.762911968932918e-06,False,117
KLHL24,down,4,-1.290060870674125,64.63623371327898,2.522932762008298e-11,False,120
HSD17B11,down,4,-1.247304513479474,56.080708906244695,4.29671691107556e-12,False,121
RASGEF1B,up,4,2.1435800286106517,90.79311301854152,1.042298895326218e-05,False,122
MFSD2A,up,4,2.3557369917659865,88.68807727684623,2.0469825009961938e-05,False,123
SGK1,up,4,2.839070055724884,97.78978192834256,5.9512899571356325e-05,False,124
PDCD4,down,4,-1.3197202603828713,77.59473000314757,2.3678983450536166e-10,False,125
MAILR,up,3,1.1588113010877694,0.0,1.4643739079837092e-16,False,125
FOXO4,down,4,-1.24643276549194,64.62357784502517,8.232500745380934e-12,False,127
CD48,up,3,1.6453896812560505,35.17562872083049,3.3257034345144965e-07,False,127
ARAP2,up,4,1.0719462798177914,0.0,2.2126665381100647e-41,False,127
ADORA2A-AS1,up,3,4.4870018404554255,93.89426577281968,0.0001290590479367,False,130
PCDHGA12,up,3,1.5542982385209358,60.287273708206435,1.173843617059089e-07,False,131
GLT1D1,down,3,-1.9364706324850505,73.26466492245004,5.025197096236053e-06,False,132
KCNH4,up,3,1.7865293678455307,0.0,1.5025319776946634e-06,False,133
CD81-AS1,down,3,-2.0848404834634495,0.0,1.188244124465661e-05,False,133
ZNF423,down,4,-1.293631923467608,0.0,1.1102380240308732e-10,False,135
ZNF749,up,3,1.107835354560065,0.0,9.68053178316654e-19,False,136
NOG,down,3,-1.3213593286635454,0.9118256160610816,1.6990291327932003e-09,False,137
TUBB4A,down,4,-1.7687090272285937,78.80837927456044,2.0442193234555387e-06,False,138
ABHD4,down,4,-1.0419023888898418,0.0,7.997431443748948e-46,False,139
IKBKE,up,3,1.309242143515325,77.45277433299347,1.1407789900227075e-09,False,140
MVP,up,3,1.0387402582453396,0.0,3.599044519089491e-53,False,141
PBK,down,4,-1.319211831722621,17.765380359012713,1.8211219320679961e-09,False,142
MAP3K7CL,up,4,2.478944509903651,83.60902505431214,7.090842611916685e-05,False,143
LARP4,up,4,1.0356415239250836,31.110477383742353,2.1975238894234585e-45,False,144
CALCOCO1,down,4,-1.435131862424865,84.8108128559781,5.6333951698718816e-08,False,145
DEPTOR,down,4,-3.4211619094089416,86.62999466918247,0.0001508907256066,False,146
GLP1R,down,4,-1.7264956376075329,17.875791417685072,2.134971873960626e-06,False,147
CDH26,down,3,-2.5003438233956765,24.616768265720356,8.174033470988267e-05,False,148
HSPH1,up,4,1.8873869840255275,94.9613167719406,9.746857339720596e-06,False,149
PLA2G4C,up,3,1.792189622196964,76.0914810057664,5.373569597379414e-06,False,149
AVPI1,down,4,-2.439408970349002,87.00539690863955,7.948238853120476e-05,False,151
BACH1-IT1,up,3,2.4864100376952485,45.991398973668566,9.114630338410012e-05,False,152
VNN2,up,3,1.8776871733999687,83.6646218091228,1.013712179198407e-05,False,153
USB1,up,4,1.35448639527086,83.14642028563188,1.5416228183810544e-08,False,154
AURKB,down,4,-1.0923251859318612,0.0,2.9761851008838215e-17,False,155
CYB561A3,up,3,1.0237830016391072,0.0,7.430187875368348e-38,False,156
SNHG15,up,3,1.630093062764903,88.4936854005696,1.1406853577212004e-06,False,157
KCNJ2,up,3,1.7345567889520153,81.47165784946571,4.0573915985342835e-06,False,158
FRMD3,up,4,1.7463013491772668,0.0,5.656979195216028e-06,False,159
ALDH7A1,down,4,-1.5323448334325556,69.20158253641921,5.6299315116977e-07,False,160
CA11,down,4,-1.1713478407798803,46.05348148769895,1.0171838990402016e-11,False,161
PLCD1,down,4,-1.1237654239151158,25.29279332852377,4.711580418828738e-13,False,162
GNG7,down,4,-1.4829757397089876,64.47364406303025,3.617393433053908e-07,False,163
SULF1,up,4,2.514091893542469,0.0,0.0001314612135261,False,164
ACSS1,down,3,-1.7619472698064085,92.12197356838412,8.746694220537797e-06,False,165
SLC20A1,up,4,1.281319580789014,83.07635699637439,4.825900369253927e-09,False,166
CDC20,down,4,-1.1043877987510191,0.0,1.7801853612564975e-14,False,167
FOXD4,up,3,2.1062180566213886,0.0,6.890605850914894e-05,False,168
MYC,up,4,1.5743683694588833,92.15874642289609,1.2078243438852746e-06,False,169
RRP15,up,4,1.045036085609827,16.37687061895658,8.942744354453284e-19,False,170
DNER,up,4,1.01249095705068,0.0,3.4267440025198155e-25,False,171
NDRG1,down,4,-0.999409112190061,0.0,3.691084049640655e-36,False,172
TTYH2,down,4,-1.8380029978358112,88.8390107686148,2.0786792658615652e-05,False,173
TNFAIP3,up,4,2.5668298913275436,97.0576294713408,0.0001592547635078,False,174
IRAK2,up,4,1.4919138288779177,81.13468419655484,6.895465021163391e-07,False,174
TRIM50,down,3,-2.8204614019927594,0.0,0.0001913844290595,False,176
AFTPH-DT,up,3,3.005423617169209,92.22321472499196,0.0002189640070127,False,177
PHLPP2,up,4,1.1478252846036263,52.98974204719045,2.3436873605603664e-11,False,178
EDN1,up,3,4.7476111833482815,92.93178158054776,0.000378353677996,False,179
PLVAP,up,3,2.8302988298106633,90.5591451745563,0.0002359988849037,False,180
C12ORF4,up,3,1.1831715446290778,66.90067239147022,3.4351612011856047e-10,False,181
EFHC2,down,3,-2.056714199160179,34.16803782515696,9.734861824886527e-05,False,182
DGKI,up,4,3.0493725597070527,83.60462994599003,0.0003006414042788,False,183
TSC22D3,down,4,-2.1788307908201374,95.9486386148308,0.000132903965464,False,184
BAHCC1,down,4,-1.3211379874495532,76.35937814475892,1.422951512549429e-07,False,185
ARHGAP11A,down,3,-0.9982320282846652,0.0,1.1539462425378912e-21,False,185
LIMS2,down,3,-1.7213749179660742,42.67265922578891,2.046756766549468e-05,False,187
MAB21L1,up,3,4.194734780444875,67.97046226815809,0.0004207509859108,False,188
EMILIN1,up,4,0.962608054032211,0.0,2.2887221114891473e-43,False,189
FOXM1,down,4,-0.9946518285663228,0.0,9.743593594299911e-21,False,190
KIF11,down,4,-1.030341916819847,40.7570345462465,3.6211229692729104e-16,False,191
SERINC5,down,4,-1.179360541166946,64.43954731039462,1.2710361635314212e-09,False,191
CLEC11A,down,4,-1.534223720747031,73.77830882118828,4.363936572754966e-06,False,193
GRIA4,up,4,4.333803387516171,56.678698052079426,0.0005253244799097,False,194
RELB,up,4,1.7584018159139718,90.32429862294325,4.746669698558287e-05,False,195
SRFBP1,up,4,0.9777016541248544,0.0,1.2837099354120926e-22,False,196
CCDC69,down,4,-1.1836910304948205,68.67487438397524,3.279508872148324e-09,False,197
FAS,up,3,1.338704074995336,79.59287925351236,3.705291665651027e-07,False,197
ST20-AS1,up,3,1.1302213797417693,0.0,1.2580935922388742e-10,False,199
HMMR,down,3,-1.2343620570993086,45.588100591266354,2.8720479938868897e-08,False,200
