gene_symbol,NTC,N4BP1,ZC3H12A,TRIM25,ZC3H12A_N4BP1,mean_log2FoldChange,direction_consistency
RPL10AP1,,4.231651024332351,,,,4.231651024332351,1.0
RPL7P42,,,,,4.143052985289679,4.143052985289679,1.0
RPS20P4,3.3535467218386,,,,,3.3535467218386,1.0
EIF4A2P1,2.7902446934356355,,,,,2.7902446934356355,1.0
RPS15AP16,,,,,1.9823611899271507,1.9823611899271507,1.0
RPL7L1P8,,,,0.05445653694524756,3.064802681643195,1.5596296092942212,1.0
RPS2P16,2.1310159404489224,0.90610639366412,,,,1.518561167056521,1.0
EIF5A2,1.8613134736570096,1.1836255061448746,1.0645261775638661,2.6778439995009653,0.6660208006781184,1.4906659915089668,1.0
EIF5AP4,1.991790261610195,1.3388931716973707,0.9527048092518431,2.169704130059954,0.9388851798961397,1.4783955105031006,1.0
RPS12P20,2.0571199619317224,2.5071145902658665,2.017245659936943,0.2853326726810195,0.20171947196031753,1.4137064713551737,1.0
RPL39P15,,,,1.3810934230119774,,1.3810934230119774,1.0
RPL4P6,0.9953909282551185,0.6873641472521719,1.3126059505065115,2.221786794920492,0.9096319704829059,1.22535595828344,1.0
DDX21,1.9002062488729474,0.9906423909270415,0.9081324502615968,1.5199422020668159,0.4756252368447457,1.1589097057946296,1.0
RPS3P6,,0.8421349317681821,,1.4412864589302798,,1.1417106953492309,1.0
EIF5AL1,2.2432493143669423,0.8885843130294716,0.8652555902968708,1.219266991718426,0.48413115370538085,1.140097472623418,1.0
EIF5A,2.050792192913421,0.9231998118694411,0.953094673269824,1.359778972641656,0.20274930642258301,1.097922991423385,1.0
RPL7P57,2.821976565614981,,0.09972444806478918,,0.2895816302897146,1.0704275479898282,1.0
EIF1AX-AS1,0.8889807592142724,0.12950858645247346,,2.102953706555864,,1.0404810174075365,1.0
RPS6KL1,1.7350619808351893,0.5216534667814519,1.8050719773322388,0.6936928161740237,0.3840646782272498,1.0279089838700308,1.0
RPL7P46,1.1523600486990109,0.856497111117337,0.6548066078734017,1.419201256989097,0.9039488437361135,0.997362773682992,1.0
RPL11P3,1.0982600522283303,,1.1115468278484608,-0.14717583422940927,1.7272872300054287,0.9474795689632027,0.75
RPL7AP11,,1.67004764664786,0.33279707773492107,0.781544928027515,,0.9281298841367653,1.0
EIF1AX,1.4359036262702993,0.9426209250670694,0.6387386313302658,1.3099894126208318,0.2629363256737922,0.9180377841924517,1.0
EIF4EP2,0.70979275838906,0.9792263511742959,0.7709931361430509,1.7932823338899098,0.25220813277318427,0.9011005424739,1.0
EIF4A1P4,1.217773220683109,1.6729185977318,0.8971449454442166,0.7152862605979927,-0.005203198020641309,0.8995839652872952,0.8
RPS2P36,1.082586771475963,0.877168441702128,1.308236508679708,0.34182456572904196,0.8569557830788668,0.8933544141331415,1.0
EIF2S1,1.480896268478712,0.8658417671670791,0.5956379063249363,1.149805403229821,0.33856915990031344,0.8861501010201722,1.0
EIF4E,1.5953265104352379,0.7910815350915061,0.6024155108975784,1.099020177403081,0.2288138480177664,0.863331516369034,1.0
EIF4G2,1.4627704785280753,0.6632094920825643,0.6813228442291763,1.0909303143268754,0.3586514140736383,0.8513769086480659,1.0
EIF4G1,1.5555336052646838,0.63239242532563,0.873532076488816,1.0084421051922174,0.16018733979823174,0.8460175104139159,1.0
EIF2S2,1.327699369833307,0.6960668219285057,0.6325922447702588,1.0392011770158682,0.4047525414035726,0.8200624309903025,1.0
EIF2B3,1.716265973598764,0.5063347890907665,0.7032516405074938,0.8328926026534579,0.27134848545793744,0.8060186982616839,1.0
RPS12P31,2.0360975200138647,,-0.4539856635195853,,,0.7910559282471397,0.5
RPSAP12,-0.06506271013267918,1.6760835249004848,1.4072283914209085,0.3050365637909367,0.5928787667953742,0.7832329073550051,0.8
RPS26P3,0.7602866611167259,,,,,0.7602866611167259,1.0
EIF5B,1.352009421089685,0.505010360238117,0.5596295574020672,0.9180808677853193,0.26584160696862663,0.720114362696763,1.0
EIF3J,1.1623755839897933,0.6434669905618458,0.5205790962527622,0.9104471248415063,0.33303244270424653,0.7139802476700308,1.0
RPS27AP5,1.6513171869624652,1.6848943721554324,-0.794363144317628,0.22993552644971377,0.7857954553546922,0.7115158793209352,0.8
EIF6,1.3033537392843568,0.6216546709670486,0.4646286472122856,0.8099623693114605,0.2410565307412112,0.6881311915032726,1.0
DDX18,1.1880511131993017,0.5093867174900487,0.5543724832403566,0.7497758903673645,0.3593634102417976,0.6721899229077738,1.0
EIF2S2P4,1.1261419934976256,0.30134651199270557,0.2562754707457312,1.3307428235189704,0.26787363505019096,0.6564760869610448,1.0
EIF4A1P10,1.5750470941813632,0.6975355344333118,0.057528780774933605,0.585469664083006,0.29253370464344347,0.6416229556232116,1.0
DDX10,1.083990006634934,0.3765252923955505,0.7633542779457717,0.6272768460908401,0.2646778920983285,0.6231648630330849,1.0
RPL7L1,1.1577506841374112,0.39724182622628396,0.5277917824653382,0.707645523784967,0.28961339104069445,0.6160086415309389,1.0
EIF1P3,1.5633700666547317,0.7872491898088687,,-0.5127049501563814,,0.6126381021024064,0.6666666666666666
DHX9,1.1657969384099927,0.35741345247986084,0.649214127663476,0.668482142312936,0.21471129573654124,0.6111235913205614,1.0
RPS26,1.3107215149826743,0.44736747496912105,0.48018444608470573,0.801167871584209,0.008436665762196253,0.6095755946765813,1.0
RPL22L1,1.1389215800128907,0.47540983953844385,0.4569751036295265,0.6817807155407511,0.2673022252958104,0.6040778928034845,1.0
DDX41,1.0586494609376806,0.45970538925684123,0.5891011235286914,0.6395632240769136,0.22249130892941155,0.5939021013459076,1.0
EIF3B,1.0599752752507923,0.4145747903898275,0.5814848618599413,0.7664619668934051,0.14457397203635475,0.5934141732860642,1.0
EIF4HP1,1.0610987780058656,0.6067206997473745,0.5378085689484325,0.3103399388061763,0.4482568905160521,0.5928449752047802,1.0
DDX1,1.2332421294608584,0.3783150256408594,0.5258407892712794,0.5684994432339641,0.25771225985864576,0.5927219294931214,1.0
EIF4A1P2,1.3352254128540624,0.6062183468269411,0.10062361266274715,0.9530574199535974,-0.09449775291716084,0.5801254078760375,0.8
EIF4EBP1,0.795261971981008,0.6458350285542838,0.4854260582418228,0.7561271382322834,0.18780169235383878,0.5740903778726473,1.0
DDX39A,0.9285640112504514,0.4109336406040535,0.5774619039062471,0.7093719808351936,0.037598993840273126,0.5327861060872437,1.0
DHX32,0.9347896749621087,0.4442607550719993,0.37980709363742676,0.657357137344295,0.24535377249942683,0.5323136867030513,1.0
DDX56,1.0537503860885173,0.3202149630831311,0.5434687556223492,0.6158057861629229,0.1167779702577382,0.5300035722429317,1.0
RPL26P6,1.7548305818610381,0.34636856115227527,-0.14048097736039272,0.7393471512484576,-0.09613589920226433,0.5207858835398228,0.6
EIF4H,0.8973636693119134,0.4608572552255579,0.39002594864503165,0.6304481062877687,0.18126765704414932,0.5119925273028841,1.0
EIF4A3,0.8771824794253984,0.5931025331372101,0.3244222033637786,0.7395914017075077,0.021475623064639196,0.5111548481397067,1.0
EIF5,1.1428057457997534,0.2218722312305358,0.3170383265756494,0.48702357202511454,0.3352864064695589,0.5008052564201224,1.0
RPS6KA1,0.9814478383511135,0.3032315406689246,0.6335865029146804,0.42529694199976775,0.10562733465549233,0.4898380317179957,1.0
DHX15,0.9253312784770574,0.33823342351353697,0.38825182664652635,0.6233930419506584,0.16673257664036015,0.4883884294456278,1.0
EIF3C,1.0998804789658134,0.24012960190512317,0.4662569177706873,0.31637854191542164,0.2910018004520233,0.4827294682018137,1.0
RPL17P36,,0.4680315404079826,,,,0.4680315404079826,1.0
RPL7P21,1.1794083403102087,-0.4060891398252312,0.7771713564849142,0.5170574496179698,0.19649353876509898,0.45280830907059205,0.8
EIF4ENIF1,0.8246382305227715,0.2712858115748164,0.5751146707767617,0.44058441462545467,0.14690071189773343,0.45170476787950753,1.0
RPL24P8,-0.15711714385471595,-0.06381138683968676,1.3353663481654205,1.3215272332283916,-0.18839718132231553,0.4495135738754188,0.6
RPS2P32,-0.003057579287317597,1.198943378990847,1.4400961133948738,-0.17902844114057134,-0.2099208044380158,0.44940653350396326,0.6
EIF1AD,0.8568089002389547,0.3666401687843112,0.25168964337206007,0.6210594806344192,0.13301162494992785,0.44584196359593464,1.0
RPS26P13,2.2211051895724356,,0.3064699294444371,-1.355552220048369,0.603439426669192,0.4438655814094239,0.75
DDX50,0.8529886474781279,0.3163358617767394,0.2880151888355911,0.48341453130112366,0.27094643126815066,0.44234013213194656,1.0
DHX33,0.9011902509632561,0.19774280747569456,0.3916907048628299,0.31556199730333884,0.39638571007685747,0.44051429413639537,1.0
RPL5P4,-0.06023364576996783,1.755152340582771,0.9720793793971533,-0.4202796428839257,-0.05364337166062269,0.4386150119330815,0.6
EIF3A,0.7445709790898777,0.33949909360335034,0.4245337161707629,0.54922796662543,0.11654848499992777,0.4348760480978697,1.0
DDX28,0.6337229841404789,0.3098276925449561,0.39870195431873373,0.595636699985408,0.21865934217075614,0.4313097346320666,1.0
EIF1B,0.7900565502864995,0.5210502760201204,0.16213420164886186,0.5782263763781949,0.0922600287327401,0.4287454866132833,1.0
RPS19BP1,0.7026985303681764,0.4533683560198359,0.30273787525813667,0.629437432882972,-0.020117012478582937,0.4136250364101076,0.8
EIF3I,0.892765778808247,0.2682515295282897,0.28838080394243126,0.4467310741219627,0.1676413634317218,0.4127541099665305,1.0
DHX30,0.8211281496162766,0.20721824114530643,0.5257151089777798,0.433339504156201,0.07536487932429721,0.4125531766439722,1.0
EIF4E2,0.7561841881463935,0.42833635227899647,0.2367674434707213,0.5026076051449342,0.13828851134362083,0.4124368200769332,1.0
EIF2AK2,0.4700218005983013,1.3339654046368645,-0.974900891344356,1.3902632751333561,-0.16644477630048166,0.41058096254473686,0.6
EIF3CL,-0.019062624505334223,0.11954577937825785,1.0892633642361012,0.2366896088882728,0.6231247025935562,0.4099121661181708,0.8
RPS6KB1,0.7576588860522416,0.22753293748640296,0.3322530419350742,0.4003857342818899,0.29624623704086994,0.4028153673592957,1.0
RPS6KC1,0.7315330619882309,0.20319576080708118,0.4704586326176381,0.4230398672546418,0.16853366170023665,0.3993521968735657,1.0
DDX54,0.7698577251629858,0.17949884737155034,0.4910682200375571,0.48959666486828807,0.05470621623695695,0.3969455347354677,1.0
DDX49,0.9779849012979911,0.2613035641324823,0.35340633469136906,0.44016619838254567,-0.07922008586360497,0.3907281825281566,0.8
RPS17,0.7647617254682025,0.08576130253877305,0.405003957519228,0.41171433394658635,0.2638944751815929,0.3862271589308765,1.0
DHX37,0.7120502872172134,0.2271755596915513,0.34792098523224596,0.5492864925961654,0.0773801115253878,0.3827626872525128,1.0
DDX24,0.7742864885398312,0.1812620053959075,0.3280922363170489,0.41500330672199315,0.1900901279859123,0.3777468329921386,1.0
DHX57,0.48597125125165536,0.27900303966175677,0.5185370233471919,0.3182627328634338,0.24176428077302944,0.3687076655794134,1.0
RPL7AP60,,,0.36829011293290903,,,0.36829011293290903,1.0
RPL17,0.9331419714168302,0.1794558223042665,0.3217674402455633,0.27641836656095,0.11023509405643457,0.3642037389168089,1.0
DHX36,0.5698752226722509,0.25075169274738945,0.36396567760835924,0.3752931029015545,0.23903727638569283,0.35978459446304945,1.0
DDX31,0.886661454357048,0.1283578974093013,0.2691273955319666,0.3203675342545923,0.15989140099281185,0.352881136509144,1.0
RPS6KA3,0.08993627609833384,0.5360066153171944,0.23673981486065443,0.6645705193995051,0.23196598492614062,0.3518438421203657,1.0
EIF2B2,0.7339615059872208,0.2699503895383478,0.3230083113971078,0.43103951894366216,-0.031235127407885328,0.3453449196916907,0.8
EIF1,0.6316786970960135,0.21092920873189597,0.20268177446252603,0.429124196068093,0.22927918848430062,0.3407386129685658,1.0
EIF3M,0.5301287830950744,0.2748611378711678,0.21415270107264536,0.41399777969072515,0.22370813526045827,0.33136970739801413,1.0
RPL36AL,0.6826155830866398,0.27920840789993756,0.2102229827253885,0.4336662107281454,0.0011359994063621264,0.3213698367692947,1.0
DHX40,0.8788738746442392,0.0688768240847845,0.23805178664214136,0.21748255773189082,0.20328437606363373,0.3213138838333379,1.0
EIF2B5,0.6676348933884555,0.07942503152501877,0.35370850159446826,0.37549112644805066,0.11274248492786117,0.31780040757677086,1.0
DDX11-AS1,-0.15705976269149374,,0.7826670595485212,,,0.3128036484285137,0.5
DDX19A,0.7724592829440922,0.13572611249860914,0.12710642689376286,0.3768044622415138,0.12523143713971688,0.307465544343539,1.0
RPL26L1,0.6750237485995894,0.059196167463592665,0.2089075957408895,0.5277584424872306,0.06210691754405988,0.3065985743670724,1.0
RPS6KB2,0.6558294417950921,0.3073317877578112,0.37315251314320286,0.2636955036801074,-0.07183758062983354,0.305634333149276,0.8
DDX20,0.7081450330081106,0.04099614110911386,0.3534919727693748,0.3201398274363679,0.06724887002733107,0.29800436887005965,1.0
RPL7AP30,0.28529359198127097,0.1472367536557122,-0.4804516175638662,0.844772990412372,0.6687493369018623,0.29312021107747027,0.8
DDX23,0.5484906643028905,0.241007202298596,0.2861539220895194,0.2923268510377776,0.08688957830524062,0.29097364360680483,1.0
RPL36AP26,0.1993626944911294,0.28651645507117307,1.6892322913288302,-0.1424788184071631,-0.6150977496642644,0.283506974563941,0.6
RPL22P24,0.07830284680822178,-0.16843623038844768,0.24475374855450996,1.0187779456182953,0.23956862122716138,0.28259338636394815,0.8
DDX60,0.14664385967395252,1.6094239599458768,-1.2357511039439242,1.2416304458094565,-0.40931809102818034,0.2705258140914363,0.6
RPL36A,0.47822379304533663,0.26760676143791046,0.07407418877504926,0.3312276825434882,0.16368552850634813,0.2629635908616265,1.0
RPS12P3,0.40678106227088084,0.5989820049636548,0.3559304831789568,-0.6226902241870685,0.5360222909314634,0.25500512343157744,0.8
RPL5P17,0.23516213861258906,,,,0.25229889956116414,0.2437305190868766,1.0
DHX29,0.5018737298333306,0.2230531652701476,0.2795536490433009,0.05378669053434823,0.1573006940845788,0.24311358575314124,1.0
DHX38,0.5304233628968107,0.11712949364898771,0.2880396610947531,0.29297290817741956,-0.04166271394783476,0.23738054237402725,0.8
RPL15P2,-1.3206950436687759,-0.508992582208527,0.6286763746740219,1.318309410805332,1.0653500671288212,0.2365296453461745,0.6
RPL35P1,-0.2803969603060204,0.18235563892272144,0.5093430290517781,0.5269424032346596,,0.2345610277257847,0.75
DDX55,0.6731133740324224,-0.275181539940812,0.44416156550339614,0.22630729209096115,0.0660348261736598,0.22688710357192554,0.8
DHX16,0.5743278015029083,0.1308592669345992,0.2025967123795374,0.21638858364275274,-0.03891127850113177,0.21705221719173315,0.8
RPL35P5,0.7631411382091701,-0.3536916246370748,-0.9118019971961945,1.4323782218808518,0.15308978047637398,0.2166231037466253,0.6
RPL12P12,0.21455356325670835,,,,,0.21455356325670835,1.0
DDX51,0.4061344574809937,-0.04755363083914791,0.34431926231317533,0.2969350573707406,0.07108149154652621,0.21418332757445757,0.8
EIF2A,0.5979152256485707,-0.019026686222958097,0.24044796034884136,0.07244840421598368,0.1504015826270223,0.20843729732349195,0.8
RPL17-C18orf32,,,-0.6744859549352176,0.13429432947251282,1.1540911849640634,0.2046331865004529,0.6666666666666666
DHX8,0.36272300646749506,0.20504321960272298,0.19465072850118295,0.12941706255765387,0.09469463974454502,0.19730573137472,1.0
EIF2AK1,0.3456111962416834,0.12016697292160239,0.17213917362243805,0.20475496083467695,0.13490645417027397,0.19551575155813494,1.0
DDX5,0.3298224377201953,0.09903710407333172,0.17888892160296563,0.22234215921439174,0.10400152973833794,0.18681843046984448,1.0
EIF3D,0.4952764590804292,0.05535843162533199,0.12699261268013126,0.10513647786832618,0.1413252799058622,0.18481785223201616,1.0
RPS10,0.5574711354768945,-0.27748640752562714,0.19862280011482675,0.23698617960883567,0.2002340845560079,0.18316555844618754,0.8
EIF2B4,0.4527178606169166,0.037435861772954694,0.17701303489953077,0.28585090959683934,-0.04476462408646527,0.18165060855995524,0.8
RPL32P11,-0.38029435520713434,,,0.7400504603080557,,0.17987805255046066,0.5
DDX6,0.253919325745612,0.11042604815169543,0.13641872528743013,0.21270050866488913,0.177707805881193,0.17823448274616394,1.0
EIF3K,0.4593538492453522,0.21047924785000943,0.14954929779390536,0.1349905539729965,-0.06935123855071913,0.1770043420623089,0.8
RPL39L,0.19134761902279018,0.25498693535738504,0.023506871832130006,0.497332252918399,-0.10615940584742614,0.1722028546566556,0.8
RPSAP54,0.8822937761852323,,,-0.5556765475001392,,0.16330861434254657,0.5
DDX46,0.44402781349921455,0.0011491711210409989,0.13728440673515996,0.10617605201414722,0.11210069853212065,0.1601476283803367,1.0
DDX42,0.35533472560432205,0.024394979864308327,0.21093692801315198,0.15864353600843842,0.0441500519238936,0.15869204428282288,1.0
DDX19B,0.18383794330219902,0.012407206353830549,0.21028267985941776,0.3087814380912959,-0.004544421170674225,0.1421529692872138,0.8
DDX58,-0.8143427668685954,1.2982849800550564,-1.0171730068043383,1.1233926123539972,0.11505967646294463,0.14104429903981291,0.6
DDX27,0.351601678104671,0.0417367611286739,0.11389422439796047,0.2334288081365692,-0.04660675799827533,0.13881094275391986,0.8
RPS6KA4,0.10642730338132311,0.09557989022165887,0.3219182453630729,0.1687393196147691,-0.010622827358885093,0.13640838624438775,0.8
RPL36,0.18640146268345226,0.13475676701717546,0.12964081973259356,0.24975282718910238,-0.026624076464075597,0.1347855600316496,0.8
EIF4A2P2,,,0.12301727985616791,,,0.12301727985616791,1.0
DDX59,0.20909248792641488,-0.006800784646679613,0.032308484751512316,0.19398428628765468,0.15132726509353056,0.11598234788248658,0.8
RPSAP15,0.5351393281270951,0.9696643054016637,0.28224731499317857,-0.7134117823676346,-0.5462135658277991,0.10548512006530072,0.6
RPS29,0.12571390080953065,0.07322713482871425,0.08309477629570194,0.16607950923716927,0.05393890800321206,0.10041084583486563,1.0
RPSA,0.24514879240286963,0.07766957944524697,-0.006539657329108796,0.14822696919849204,0.034682385885135024,0.09983761392052697,0.8
RPS6KA2,-0.5908432701513658,-0.04497152775520125,0.5075472446379217,0.3317776808515548,0.29036235479808126,0.09877449647619811,0.6
DDX3X,0.1619686113896775,0.16967846127865296,-0.08826910907943827,0.14137043221946508,0.10629800972689185,0.09820928110704982,0.8
RPL3P7,-0.22752000872239073,0.32354066314244107,-0.30501096858684285,0.23454210156602756,0.45413315996434206,0.09593698947271542,0.6
EIF2B1,0.1746776105169431,0.06424795731910703,-0.0019304173262996221,0.16354974663562008,0.010229393709321851,0.08215485817093848,0.8
RPL35,-0.00544637119494784,0.14255225667820173,0.015865085038925388,0.2059806015653702,-0.004045144061144392,0.07098128560528102,0.6
RPS7P10,0.2562450887859751,0.07874312042509587,-0.40951094550180217,0.7953395009712724,-0.3918121118970336,0.06580093055670153,0.6
RPL5P34,1.04393657962596,-0.14529133467020222,-0.20786697531427265,-0.7624297502410965,0.36825381410539415,0.05932046670115656,0.6
RPL10A,0.022445627948040173,0.06071067494247919,0.042766773347237434,0.1456919892863742,0.015505073552026991,0.05742402781523161,1.0
RPL17P50,0.08593476558933046,-0.2529498334912698,-0.4750299764532368,1.0263021159931822,-0.13789900340973787,0.049271613645653634,0.6
RPL21,-0.005359572732844863,0.010561699733842807,-0.012503672980826844,0.07385002565717236,0.1268304314453358,0.03867578222453585,0.6
RPS7,-0.005791767940566055,0.04513133772557448,-0.0020557471166078806,0.07472195346719299,0.07608197965454308,0.037617551158027326,0.6
RPL41,-0.12371580307209823,0.12086867336578923,-0.01079051140900027,0.17184730963991546,-0.00018052340276022584,0.03160582902436919,0.6
RPL4P5,0.4550599755745669,-0.8539693753778562,0.4015327330788211,0.3902315669279383,-0.241945466764223,0.030181886687849418,0.6
EIF2AK3,0.012665330489372156,-0.05289873620496213,0.09376266159885017,-0.03429638159285227,0.12437227504177428,0.028721029866436442,0.6
RPS21,0.023608625039725797,-0.038003005678044294,0.11424957905530261,0.10750395041629322,-0.07474517846561599,0.02652279407353227,0.6
RPL7P26,,0.34321705983124806,-0.29027563067154993,,,0.026470714579849064,0.5
RPS20,-0.044387223348727474,0.0399918166104452,-0.06862096539549233,0.06987969817401024,0.09532494367956065,0.01843765394395926,0.6
RPS8,-0.042193030568055075,0.024120985998728656,-0.01978862306331917,0.028318278729108977,0.10154211396047849,0.018399945011388374,0.6
EIF3G,0.033644117559720466,0.02497870052099919,0.08033526960320735,0.010655586037222583,-0.07216148067810683,0.015490438608608551,0.8
RPL24,-0.05750656649223903,0.01695183387611274,-0.08629050288068085,0.09522387595114848,0.10673219837979193,0.015022167766826652,0.6
RPL39P3,0.16676835413091867,0.07458470122930297,-0.4297278561568899,0.13891446851350328,0.08967857883868291,0.008043649311103584,0.8
RPS10P3,-0.5573301740416119,0.4291906627271404,-0.6691830305214604,0.7482760658269738,0.08144768036651862,0.006480240871512088,0.6
RPS15A,-0.10479199627970158,-0.08876426537455478,0.02567890547873309,-0.0012098239582226597,0.18347971867123894,0.0028785077074985955,0.6
RPS27A,-0.10553615373143171,-0.009805193803865058,-0.09233023304336092,0.14379381443611827,0.05529336231095174,-0.001716880766317537,0.6
RPLP2,-0.1502721196799676,0.08084946580006006,-0.03984401807278435,0.18657863909303424,-0.08941706317571793,-0.002421019207075115,0.6
RPL32,-0.056009121683844,-0.01729731023977181,-0.03288088126813104,0.05034893772393394,0.03496967792683129,-0.004173739508196324,0.6
RPL12,-0.15033211670562233,0.023620881865827788,0.0038148738838454186,0.02934051424617752,0.05344742814024077,-0.008021683713906167,0.8
RPL7P9,-0.003014657879166449,-0.1874110695432829,-0.13619503308827696,-0.08735944860519214,0.35082443371609906,-0.012631155079963874,0.8
RPL35A,-0.027473160231500496,-0.033424400964263065,-0.12325071830298163,0.0032319351225857658,0.10903493164504542,-0.014376282546222799,0.6
EIF4E3,-0.09125143936392269,-0.21036790823512558,0.2670522194711469,0.05092985916576247,-0.08875763902384297,-0.014478981597196383,0.6
RPL8,-0.019707399964167073,0.0342279792272723,-0.08920542778714659,0.09382165711684715,-0.10336970968676112,-0.01684658021879107,0.6
RPL32P18,0.32170749772411517,-0.14300245100183345,-0.24803849861940336,-0.07387683734953521,0.052610290942573884,-0.018119999660816594,0.6
RPL27,-0.2106355522072467,0.05278912099598429,-0.06216022638697206,0.1113459718590228,0.01804655209041863,-0.018122826729758606,0.6
DDX47,-0.07950073890333376,-0.2603531122518216,-0.2630979794183,0.12673133127912428,0.37677619795878214,-0.019888860267109787,0.6
RPL24P2,0.2591423561098495,-1.0684773667603928,0.9710080335328779,-0.2422991517667815,,-0.020156532221111738,0.5
RPS2P55,-0.2922039068493229,0.11452892949353474,0.0661615011369043,0.10898311563244634,-0.10683299959287229,-0.021872672035861962,0.6
RPL6,-0.14960972649285686,0.021085994949255484,-0.11356069176116601,-0.039600602010563306,0.16380169780287582,-0.023576665502490973,0.6
EIF2AK4,-0.22151904436618622,-0.003996637093218465,0.11556560140981689,-0.133660324298213,0.11895953673332531,-0.024930173522895095,0.6
RPL4,-0.11032941078046556,-0.02419469845423527,-0.06549200797388362,-0.05078371825833027,0.11107654360779982,-0.027944658371822972,0.8
RPL23AP42,-0.4654682953626846,0.3064643199914852,-0.21532652307853428,-0.02470487761869148,0.22926657885922855,-0.03395375944183932,0.6
RPL32P16,0.23419599028318364,-0.10464807804210326,-0.42633085907409074,0.2948300686340793,-0.17548589066394255,-0.03548775377257472,0.6
DHX34,0.08576588662285169,-0.3250992298860771,0.2910113540322409,-0.10602647217621534,-0.1465197584551698,-0.04017364397247394,0.6
RPS12,-0.208863602743731,-0.032461065460540325,-0.03906540319656214,0.06422223783812307,0.004540111776343335,-0.04232554435727341,0.6
RPL41P1,-0.3512530335710455,0.11484055230901578,-0.016737289974477067,-0.0566228659662438,0.07666866370674717,-0.04662079469920066,0.6
RPL23,-0.20158233966996317,0.011170127828013843,-0.14199755555815527,0.037559144490189815,0.05619147220382695,-0.04773183014121756,0.6
RPL4P4,0.01715001945928731,-0.1365350827676409,-0.046058764988424525,0.03084155329458513,-0.10503755804071796,-0.04792796660858219,0.6
RPS5,-0.08131309626762007,0.006876849548342981,-0.0954147456981794,0.0474226200621847,-0.12221645899972357,-0.048928966270999075,0.6
EIF4EBP2,0.003520551637951824,-0.04528176137930053,-0.08071019572228058,-0.1431411790117499,0.02063843502166172,-0.04899482989074349,0.6
RPL3,-0.16991474202112664,0.0056275348240471075,-0.10470100529532814,0.007709145700110951,0.015972199349298354,-0.04906137348859967,0.6
RPL41P2,-1.0914453470587437,-0.6613312671191189,0.11183036113737248,-0.0281977461152703,1.4212945859926143,-0.04956988263262922,0.6
RPL37A,-0.16780492035736913,0.0027884155782875106,-0.08818381464954708,0.0459602062912312,-0.052715491983280634,-0.051991121024135625,0.6
RPL39,-0.2011663687513606,0.048416286664140655,-0.21728335319136308,0.06819573561589558,0.040786284620413255,-0.05221028300845483,0.6
EIF4A2,-0.0333273988266813,-0.182109060086959,-0.02807559979826341,-0.139277509482565,0.12092378395350686,-0.05237315684819237,0.8
RPL7P24,-0.05338489043397519,,,,,-0.05338489043397519,1.0
RPS2,-0.2345239451649223,-0.036568110836515046,-0.015545073726172668,-0.010106634850067612,0.028664009384063778,-0.05361595103872278,0.8
RPS15AP1,0.01938104836861359,-0.864696740135139,-0.369702211633555,0.10879931872612446,0.8346486998994476,-0.0543139769549017,0.6
RPL27A,-0.2334033167856543,0.04312505950672384,-0.1940910573358544,0.07501048035781313,0.03693176376097537,-0.05448541409919927,0.6
RPS15,-0.19412724246127222,0.056931423287213706,-0.07501978811022177,0.10555571603714888,-0.16653041462067458,-0.0546380611735612,0.6
RPL21P28,-0.3323510543119269,0.301348423357573,0.17855330070377126,0.25458876006459225,-0.6826235757029925,-0.05609682917779657,0.6
RPL41P5,-0.6649577289751338,0.435271841190039,-0.14942069775904065,0.05687654811009477,0.03833785697868727,-0.056778436091070694,0.6
RPS24,-0.12969078384523014,-0.047256409739669436,-0.1535286616865148,-0.0007747364271478379,0.047197099092587826,-0.05681069852119487,0.8
RPL9,-0.18451007561520205,-0.0463921738970662,-0.16009793279064843,-0.01585300865364519,0.11666261897271649,-0.05803811439676907,0.8
RPS18,-0.2499385227935137,-0.028469835960039575,-0.10932178405507985,0.05319197368135545,0.02341219389199566,-0.06222519504705641,0.6
RPL14,-0.1459598237709178,-0.05933788223394353,-0.11727424723187682,-0.07548359332144901,0.07946959250477771,-0.06371719081068189,0.8
RPS6P25,0.5734262461046634,-0.08443918864286426,0.569204601005875,-0.7301563539358872,-0.6533180210958993,-0.06505654331282248,0.6
EIF4EBP3,0.0605636818142261,-0.7023301976864215,-0.14090672800796114,0.017465179201667708,0.4387669389917267,-0.06528822513735241,0.6
RPL26,-0.18005627650468076,-0.04736964900523364,-0.19543687743832147,-0.10460250730432318,0.19130625821219768,-0.06723181040807227,0.8
RPS8P10,0.9682555835163192,,,-1.1035800233001074,,-0.06766221989189408,0.5
RPS24P8,-0.16255210330896325,0.1829790353860962,0.09322337686530242,-0.5239074948448109,0.06817244347861669,-0.06841694848475177,0.6
RPLP1,-0.2631526923228395,0.050322892505122785,-0.20297378771462413,0.13655214092019796,-0.06550831123894177,-0.06895195157021691,0.6
RPL23A,-0.3513137529106813,0.04759038944227729,-0.13935548323971414,0.01796775522338657,0.07537197445327116,-0.06994782340629209,0.6
RPL5,-0.08143634571829036,-0.07590510398566795,-0.168676442368205,-0.1682691278114609,0.1421304250791844,-0.07043131896088797,0.8
RPS3AP26,-0.32859545617260855,0.37912588504661743,-0.6209066902646293,-0.4093818314423285,0.6233422122764999,-0.07128317611128983,0.6
RPS28P7,0.028651703478885158,-0.2712141908531458,-0.06423283418707122,-0.018584121551447536,-0.03892494930030558,-0.072860878482617,0.8
RPL10AP6,-0.02236969183874978,0.3690339275986702,-0.861504417982182,0.6196055489709476,-0.47589060791673826,-0.07422504823361045,0.6
RPS6,-0.2615309650785369,-0.0167661090052666,-0.18470286581214654,0.0018294172611414564,0.08469755402437493,-0.07529459372208673,0.6
RPS2P5,-0.17325288448357332,-0.0388595667279818,-0.015534695592192276,-0.0941599962316902,-0.05631744232701821,-0.07562491707249117,1.0
RPL23AP64,-0.1434740360657966,-0.29954469019073726,-0.1252372940958706,0.05297636801195189,0.12939375904128075,-0.07717717865983434,0.6
RPS18P12,0.17583345295322367,0.3664998306929471,-0.0012677221317706903,-0.6648962237349324,-0.26566180007139983,-0.07789849245838645,0.6
RPL5P1,,-0.7885580561657747,1.2810124411944774,-0.6604876337441481,-0.14399393338022007,-0.07800679552391634,0.75
RPL9P7,-0.715522366665235,-0.19429860458860165,1.2673375503655258,0.32900893834003664,-1.0903372110625047,-0.08076233872215581,0.6
RPL7A,-0.2310863578457867,-0.04081453482630637,-0.1718285006533357,-0.0027086839413044024,0.02655164551585757,-0.08397728635017511,0.8
RPL18AP3,-0.39310832054717115,0.19773351243863735,-0.28201585821443237,-0.032169329790359386,0.08456113634194344,-0.08499977195427642,0.6
EIF2S3,-0.09442122590632644,-0.10227621727068618,-0.1965081833256666,-0.04783907818278654,0.014458976745114514,-0.08531714558807024,0.8
RPL18AP7,-1.1846662814256685,0.5460631732153857,0.7140199964396735,-0.46442750255046195,-0.04269258582995871,-0.086340640030206,0.6
RPS2P17,0.054037919123143346,-0.6603313060728838,-0.8197641734883442,-0.16658921349600692,1.1556505400290669,-0.08739924678100493,0.6
RPS24P19,0.1758270509727184,-0.2532804365864554,0.09877429365380531,0.15693957835684588,-0.6268653119137445,-0.08972096510336605,0.6
RPL21P16,-0.17424339126752086,-0.022813404172685684,-0.42005538581641466,0.0026134888966693895,0.1565227389756746,-0.09159519067685544,0.6
RPLP0,-0.2774809191343755,0.03351635587770683,-0.25811746408056135,0.051129044923007655,-0.00995799994714143,-0.09218219647227277,0.6
RPS13P2,-0.38932832419363533,0.3852332340667892,-0.28270089508100565,0.5042383779214427,-0.6807056735056201,-0.09265265615840583,0.6
RPLP0P6,-0.18370789675053667,0.0571645543798947,-0.4144289581772159,-0.024876342869950583,0.10094706769193457,-0.09298031514517478,0.6
RPL19,-0.23134783720245283,-0.025050305769201867,-0.2265183520613347,-0.00410566152114733,-0.007503291580942468,-0.09890508962701584,1.0
RPL38,-0.3170660231206526,0.105145909282315,-0.2526338659246396,0.015460198485332735,-0.051285633633238764,-0.10007588298217665,0.6
RPS25,-0.2731177195049659,-0.023069585946234657,-0.20037938510412542,-0.06615889366530714,0.05986234239879239,-0.10057264836436815,0.8
EIF4BP7,-0.03790980554746436,-0.16385000320751922,-0.8584745876481379,0.10853029935269204,0.44674256453670014,-0.10099230650274589,0.6
RPSAP58,-0.022762565450480835,-0.2559458830615412,-0.0947403652849233,-0.2862245865779504,0.14631254787561868,-0.10267217049985541,0.8
RPS2P46,-0.18681916977402752,-0.1709986484046242,0.049602968187895446,-0.15115923533574063,-0.06977550320602585,-0.10582991770650456,0.8
RPL7P23,-0.6241948592046385,0.5572422674318155,-0.11114679864963091,0.1565214494976023,-0.508042909427674,-0.10592417007050511,0.6
RPS7P11,-0.022552326993601417,0.08479841408861007,-0.7867718793476128,-0.11172333215959658,0.29863553311900154,-0.10752271825863984,0.6
EIF3H,-0.2151833056806907,-0.07567463200111646,-0.2318519803572286,-0.10461850054810516,0.08207361280739264,-0.10905096115594966,0.8
EIF4A1,-0.12699464630726603,-0.37682686491699074,0.07166111927274324,-0.045470694719740565,-0.07007528608610027,-0.10954127455147089,0.8
RPS3AP6,-0.544772041049538,-0.15492144699507895,-0.04439483137145772,-0.06064673977989797,0.22190318679576995,-0.11656637448004055,0.8
RPL7,-0.2727933292226279,-0.09980705320639952,-0.20452201517753776,-0.12354199788081788,0.10391388460391031,-0.11935010217669455,0.8
EIF4BP3,-0.34799902790621806,-0.18771842781715734,0.12752789867653566,-0.19938679013606755,0.0067205027258059385,-0.12017116889142025,0.6
DDX52,-0.061982822161726556,-0.1360559778781665,-0.10089392317478153,-0.29240792695074486,-0.014378775162528662,-0.12114388506558962,1.0
RPL7AP6,-0.05260229462685737,-0.17131402811118104,0.005510484988157234,-0.1593438674888768,-0.230125933273651,-0.12157512770248177,0.8
RPS19,-0.3522017248663544,0.06470471685897446,-0.2811061842794921,0.06429561810264539,-0.10617388120085197,-0.12209629107701572,0.6
RPL18A,-0.35398832825675375,-0.003767035715458612,-0.18669886148423365,-0.001125932865985575,-0.06804810740283349,-0.12272565314505302,1.0
RPL7AP50,-0.2740690156258996,-0.7661201076088804,-0.1349864309722928,-0.20632576809524036,0.7584406121111804,-0.12461214203822654,0.8
RPS3,-0.3123939533358177,-0.03405984898067442,-0.2235385794503229,-0.047252479654926564,-0.02623322751680217,-0.12869561778770874,1.0
RPL34P18,1.2603498895381988,-0.1658727878873721,-1.5126622194158166,-0.11394143664637592,,-0.13303163860284142,0.75
RPL11,-0.35752816039394647,-0.012372315105260672,-0.27985890637731736,-0.04184732648414838,0.026403716404853034,-0.13304059839116394,0.8
RPS11,-0.4270436130668058,0.0383005194515289,-0.253623618486488,0.009264163336960896,-0.03605806472258913,-0.13383212269747863,0.6
EIF4G3,-0.3909545702364513,0.11654387787645665,-0.44347180712920303,0.06794283345000973,-0.02095256916163958,-0.13417844704016552,0.6
RPL22,-0.335519936387679,-0.06725868455034777,-0.3246221035297591,-0.1287948270525013,0.17470242906105007,-0.13629862449184743,0.8
RPS28,-0.4377763604462062,-0.005085475504592685,-0.13208001240982567,0.025757745575864,-0.13878995588154994,-0.1375948117332621,0.8
RPS23,-0.432013842424075,-0.013107371959496125,-0.1849994908983525,-0.006848328650114531,-0.051534172012135636,-0.13770064118883474,1.0
RPS27L,-0.06130471312775193,-0.1210320124286896,-0.3335566319521316,-0.22215054528318984,0.04170077755894664,-0.13926862504656326,0.8
RPS20P14,-0.4724323497240249,0.04125302962898832,0.18814262109987878,0.3492647370585645,-0.8076429807316585,-0.14028298853365037,0.6
EIF2AK3-DT,-0.1082128980414074,-0.7251493209547702,0.21030650257795475,-0.4918442089329412,0.3879650036793048,-0.14538698433437186,0.6
RPL13AP5,-0.48212626314502116,0.31771260983471844,-0.36396879719929803,-0.19241514089293574,-0.006999753873406495,-0.1455594690551886,0.8
RPL10P16,-0.4847996218115078,0.04799554579889062,-0.1932144073136262,-0.27075930419438266,0.15126169495625416,-0.1499032185128744,0.6
RPL29,-0.30964194128243155,-0.043331153661822566,-0.24812877446907225,-0.07845989170394535,-0.07377508618033136,-0.1506673694595206,1.0
RPL13P12,-0.5564481981597875,-0.021483054449286953,-0.19072512961725865,0.026565120050085832,-0.0327260973770063,-0.1549634719106507,0.8
DHX35,-0.2559597930113219,0.0303917404511325,-0.3148200860755309,-0.43880832537285835,0.20421954362996794,-0.15499538407572214,0.6
RPL14P1,-0.009555617071336042,-0.11197051185175048,-0.35641307291130375,-0.02370814972082539,-0.27982930320030075,-0.1562953309511033,1.0
RPS3AP20,,,,-0.1592625386501907,,-0.1592625386501907,1.0
RPL13,-0.49585884583299,0.014330287534282504,-0.20803990170221096,-0.004139447865760668,-0.10334278312792959,-0.15941013819892175,0.8
RPL13AP25,-0.15380081288623793,0.09743692569180318,0.11444947896380173,-0.33516467363176117,-0.5301639072161892,-0.1614485978157167,0.6
RPS13,-0.4697298051603299,-0.10079536821142183,-0.3225283548293329,0.014222381371135332,0.03209937815009806,-0.1693463537359703,0.6
RPL10P9,-0.47772900446298877,0.0744748137515208,-0.25260007752433783,-0.2316031421736409,0.03498613481038316,-0.1704942551198127,0.6
RPL10,-0.4285656130721941,-0.0611575131586561,-0.30295682230255866,-0.0679302710490329,0.0004573071208975115,-0.17203058249230885,0.8
RPL15,-0.4619699868278749,-0.05550875299458038,-0.28372261322348696,-0.14707641059887847,0.07746768718636966,-0.17416201529169023,0.8
RPS16,-0.4382148131637129,0.015046521245353882,-0.340646599696986,-0.004864680951581401,-0.11328011142868027,-0.17639193679912135,0.8
RPL12P4,-0.42639299877353115,-0.0052225044466569105,-0.21945291434365366,-0.3036507097160146,0.050499496714943956,-0.18084392611298247,0.8
RPS3A,-0.5172728590904732,-0.14914837125713246,-0.3455638033951677,-0.11892918021667374,0.20985057254858575,-0.18421272828217222,0.8
DHX58,-0.3694093919512439,0.4390134026464472,-0.9066538386417153,0.3434640404320926,-0.43920020845119256,-0.18655719919312239,0.6
RPL13A,-0.5376119217999834,-0.044263982846922914,-0.2629116541410903,-0.09152807434076658,-0.030898052718649767,-0.1934427371694826,1.0
RPL26P19,-0.6954703059503736,0.05703249956238205,-0.44946505352762295,-0.14786408886146057,0.26433235427247453,-0.19428691890092012,0.6
RPS3AP47,-0.04626336501970384,-0.9357967242462945,-1.188746969017423,0.39620421247080356,0.8006451586329084,-0.1947915374359419,0.6
RPS7P1,0.17963262225079482,-0.1934346623972903,-0.7185537439917944,-0.5640686970342824,0.31193794381523343,-0.19689730747146778,0.6
DDX39B,-0.08745964694625948,-0.4705508037408036,0.024103357116341276,-0.3338231673203844,-0.11707436992215577,-0.19696092616265243,0.8
RPS9,-0.42941591949246594,-0.06249646949743437,-0.31619652819329275,-0.11051258896641487,-0.08670160828515824,-0.2010646228869532,1.0
RPL30,-0.5838814704894211,-0.006427557055385178,-0.3085789394119603,-0.0938874874537065,-0.042024622844504325,-0.2069600154509955,1.0
EIF3E,-0.31352212458782186,-0.29025793257475074,-0.2625419231556011,-0.35651458580406986,0.18333373117069413,-0.20790056699030987,0.8
RPL7P1,-0.7455316230192869,0.06691693543783907,-0.4884979098967179,-0.4871676573299038,0.595201460805891,-0.21181575880043574,0.6
RPL34,-0.5135416656455812,-0.09734650898113237,-0.33794570817536623,-0.059532883766818465,-0.05278995687310383,-0.21223134468840046,1.0
DDX19A-DT,0.21708738663106772,-0.9554196831024299,-0.739121858933149,-0.4427029423557669,0.843837199804446,-0.2152639795911664,0.6
RPL24P4,-0.2553570882015696,-0.2714038654582578,-0.20396836099372118,-0.31723315741896585,-0.03795787462527041,-0.21718406933955697,1.0
RPL18,-0.4431329283478539,-0.13313413592140014,-0.30765855311947954,-0.2332233160789992,0.008422071203441617,-0.22174537245285825,0.8
RPL37,-0.6394776140062781,-0.13449547660976502,-0.2661706711430796,-0.017780138110087593,-0.06631953920867413,-0.22484868781557688,1.0
RPL31,-0.5623333668063693,-0.06326796825763875,-0.3231076075823276,-0.14270656498714374,-0.07235952169636423,-0.2327550058659687,1.0
RPL7AP66,-0.6349688159859586,0.025337136677802765,0.2194232669844914,-0.517657855038247,-0.2641149162389583,-0.2343962367201739,0.6
RPS2P7,0.2458329200494963,-0.6975126652062473,0.14827583172676273,0.18892307253409554,-1.0593247818418206,-0.23476112454754267,0.6
RPL28,-0.597974481784265,-0.0011145456132731495,-0.3028740005713192,-0.04733229089917361,-0.23381946503728995,-0.23662295678106418,1.0
RPL15P3,-0.5869009230741276,-0.2094520507547562,-0.2932356219321718,-0.18195319620978173,0.08722533743234663,-0.23686329090769814,0.8
DDX60L,-0.6570496737157357,0.9030265609659986,-1.5792545166743215,0.5115900043223457,-0.3937928032231375,-0.24309608566497004,0.6
RPS4X,-0.6812566319902036,-0.09395026230532977,-0.38909055226774886,-0.1561845818043428,0.08492083982583588,-0.24711223770835783,0.8
EIF3F,-0.5462034721560453,-0.12255050176723241,-0.3457810663840942,-0.24624748077078307,0.000228444247286453,-0.2521108153661737,0.8
EIF1B-AS1,-0.49199919498944905,-0.17962266532887672,-0.009477439489298283,-0.6145279407282919,0.019852396419632205,-0.2551549688232567,0.8
RPL26P36,-0.39732229599323465,0.19137332214067726,-1.2807028510271723,0.5653207624196013,-0.36162477017184025,-0.2565911665263937,0.6
RPS14,-0.5982760779863542,-0.11969339693167563,-0.3008660721871474,-0.15082781693257163,-0.14490657728637457,-0.2629139882648247,1.0
RPS15P4,-0.3314079072534109,0.46559415240099444,-0.3619501611611532,-0.433657109564576,-0.6934387571870889,-0.27097195655304696,0.8
RPL22P2,-0.24617603027036933,0.1365761344200677,-0.34573852948498845,-0.022897575567756064,-0.911184223192021,-0.27788404481901346,0.8
EIF3L,-0.6686300255487594,-0.20194361213864145,-0.34141318311824137,-0.28744965670149114,0.10654443760982947,-0.27857840797946076,0.8
RPL21P10,0.8555915335346541,0.06713547227796561,0.5286661168071295,-2.5695428032506507,,-0.27953742015772537,0.75
RPS15AP24,,-0.21658796915410894,,1.156882884642998,-1.7816907596407647,-0.2804652813839586,0.6666666666666666
DDX17,-0.560152395746001,-0.23713347619534794,-0.2330321591713316,-0.35814890744634575,-0.03175734281770786,-0.2840448562753468,1.0
RPL23AP65,-0.4608102179667574,0.44227786040721195,-0.33070800413061063,,-0.8577684310293169,-0.30175219817986826,0.75
RPS23P8,-0.0321969986644681,-0.1429736066085934,-0.49204180261264785,-0.19452894129439477,-0.6498090898485148,-0.30231008780572377,1.0
EIF1P4,-0.7432720525343316,0.1954640229315024,,-0.40293096825562236,,-0.3169129992861505,0.6666666666666666
EIF2S3B,0.13339696527555014,0.2273483109258217,-1.7616175848588207,0.197554523700232,-0.3886123635958688,-0.3183860297106171,0.6
EIF4B,-0.6136411850762195,-0.2867213666942966,-0.31603165016441026,-0.537153956511734,0.1100358926677447,-0.3287024531557831,0.8
RPL3P2,-0.21427323402928974,-0.157081102825398,-0.7092218670426296,-0.1848400104496113,-0.4193654352078782,-0.33695632991096136,1.0
RPS3AP21,0.3111041666873454,-0.34100984584609917,-2.0053788323104964,-0.17827310309154004,0.5271873371398966,-0.3372740554841787,0.6
RPL12P6,-0.42864938172230266,,,-0.2594584742894227,,-0.34405392800586265,1.0
DDX11,-0.62754344144796,-0.5307102318829662,-0.12640409459972532,-0.40845124895467144,-0.07628688733075266,-0.3538791808432152,1.0
EIF2D,-0.6334870115498271,-0.3817999940101946,-0.23785413904615516,-0.37602453809664516,-0.1470435257184192,-0.3552418416842482,1.0
RPL39P36,-0.7599557912655154,0.22886223850609738,,-0.10082962607194293,-0.8180079857607933,-0.36248279114803855,0.75
EIF3FP3,-0.5278731609870918,-0.25708763891293507,-0.4951721987177758,-0.6580620088762942,-0.018103932402904546,-0.3912597879794003,1.0
RPL21P75,-0.86184370048503,-0.40810759404199565,-0.16241051090457811,-0.5417824769797643,-0.02662317739327351,-0.4001534919609283,1.0
RPL15P18,-0.03749432769170519,0.21560922841947772,-0.7427404166588737,-0.31364367180806607,-1.1544403357150064,-0.4065419046908347,0.8
RPS28P4,-0.04062864539400978,-0.7824781906035929,-1.0043923521853109,-0.5054941768843761,0.24989318632206015,-0.41662003574904594,0.8
RPS27,-1.0960655713126202,-0.07471483051615577,-0.6320914145670149,-0.16849097545556574,-0.11289167684143744,-0.41685089373855877,1.0
RPS27AP7,1.3119596099735524,-0.700770575670734,-0.8598122527393653,0.28109303723850226,-2.1311700683975734,-0.4197400499191236,0.6
RPS20P33,-0.49612944662398295,-0.17835956834112393,0.7514276413668374,-1.2304416333084123,-1.033683757839582,-0.43743735294925273,0.8
EIF4BP6,-0.971551949058732,-0.3088868720935066,-0.49101341831178147,-0.7482105282706034,0.14212916811217466,-0.47550671992448984,0.8
RPS4XP6,,-0.5887894650085471,-0.9081202747693102,0.06340413887111003,,-0.4778352003022491,0.6666666666666666
EIF3LP2,0.6413165887769627,-1.9367717486087284,-1.374825936610704,-0.19328242718557495,0.4318979752903864,-0.4863331096675316,0.6
RPL28P2,-0.7637681572434767,-0.8218255934400988,0.6778909148205257,-1.757236782285032,0.06691912914537668,-0.5196040978005411,0.6
RPL31P49,-0.5949228330294776,-0.4049550454668351,-0.3880394855673963,-0.7105812834563429,-0.6041922556561855,-0.5405381806352475,1.0
EIF2B5-DT,-0.7100685404074516,-0.25002578516846646,0.20179887545795658,-1.3893941810393025,-0.5997279554178722,-0.5494835173150272,0.8
RPL29P11,-0.23723990885638394,-0.5166835250685125,-1.0100775458659963,0.12538903560786796,-1.1105371020915136,-0.5498298092549077,0.8
RPS15AP10,-2.620053231249009,-0.648601262189564,0.6140709254812928,0.3226889769552608,-0.5195824833046472,-0.5702954148613333,0.6
EIF3J-DT,-1.0337258546394479,-0.6153857117636483,-0.27186991734200966,-0.7881966709720977,-0.22835490760823476,-0.5875066124650876,1.0
RPL21P44,,-1.264714331410087,0.057243431552179515,-0.5942333610036599,,-0.6005680869538558,0.6666666666666666
RPL5P23,-0.9188731189079217,-3.3460409612517936,0.38925684340676836,-0.024592764798391308,0.7656382923858355,-0.6269223418331006,0.6
RPL7AP10,-1.3358311623192918,-1.8144156159583193,0.11715056390636092,-1.3758195035019916,1.1640233725745874,-0.6489784690597309,0.6
RPL13AP6,,-0.6575377348441819,,,,-0.6575377348441819,1.0
RPS15AP36,-1.139436892614346,-0.9099309614936779,,-0.3286780279253886,-0.26667689430375646,-0.6611806940842923,1.0
RPL34-DT,-1.1057542879291355,-0.23129394911004786,0.230583464381759,-1.1683171472221765,-1.1512504792971756,-0.6852064798353552,0.8
RPL10AP2,1.0784284194501006,-1.9463879509552515,-1.267314614618926,,,-0.7117580487080257,0.6666666666666666
EIF2S2P3,,-1.3644650231936084,,-0.06811441947283985,,-0.7162897213332241,1.0
RPS4XP11,,-0.7426402718332192,,,,-0.7426402718332192,1.0
RPL31P63,-2.3825524812544288,-0.22842741238788428,-1.3756684133781445,0.2732642175681402,-0.2028480180258355,-0.7832464214956306,0.8
RPL32P2,,,,-0.7893515068033948,,-0.7893515068033948,1.0
RPL7AP2,,-1.1667112810870455,-1.303934847099225,,-0.08627358004083335,-0.8523065694090346,1.0
RPS3AP5,-0.6251909305857545,-2.0466389200819424,-1.177285186450734,-0.1362262937640628,-0.33886348360623963,-0.8648409628977467,1.0
RPL7P32,,,-0.7364884456374345,-2.140563212826725,0.17892415551735924,-0.8993758343156001,0.6666666666666666
RPS29P16,-2.2311463617466956,0.08928558470459726,0.38743117618797035,-2.177950259313375,,-0.9830949650418757,0.5
RPSAP47,-0.7856674006336481,,,,-1.2495262150212045,-1.0175968078274265,1.0
RPS6KA5,-1.66177615738247,-0.6970687657877718,-1.6395223739930296,-1.545894177351163,0.15397029505758164,-1.0780582358913704,0.8
RPL31P52,-1.104034854039197,,,,,-1.104034854039197,1.0
DDX50P1,-0.5403300278793092,-0.9189688148503896,-1.8969465471610312,-1.3679903256954051,-1.1656762729778138,-1.1779823977127897,1.0
RPL22P3,,,,,-1.1891130321336723,-1.1891130321336723,1.0
EIF4EP1,,-1.1917795512804303,,,,-1.1917795512804303,1.0
RPS3AP38,-1.0549006089263944,-1.2565415088685015,-1.7361289531397193,-0.9614289410881519,-1.145893831263793,-1.230978768657312,1.0
RPL21P11,,,,,-1.2395515439039468,-1.2395515439039468,1.0
DDX59-AS1,-1.6538447644762357,-0.6444532711376315,-1.0045653313921028,-2.669043830321922,-0.3118285327838437,-1.2567471460223474,1.0
RPS12P26,-0.3398083106785122,-0.6447262796279025,,-2.811113422078992,,-1.2652160041284688,1.0
RPSAP18,-1.3073152027510262,,,,,-1.3073152027510262,1.0
RPL7P50,-2.028955884249107,-0.7216535024794181,-0.5385947398148959,-1.9907664869031358,,-1.319992653361639,1.0
RPS19P3,-1.7941781031777948,-0.9505789786646055,-1.590960227413792,-1.7257016971092682,-0.9727740009629977,-1.4068386014656915,1.0
RPL7P18,,,,-1.474025080104413,,-1.474025080104413,1.0
RPL37A-DT,-2.6813522199328377,-0.808004663410333,-1.7433967647460087,-0.9280185113269344,-1.3455702540974843,-1.5012684827027196,1.0
RPL5P30,-1.2712504318882967,-1.0239493568829754,-1.009412929275426,-3.104548635972671,,-1.6022903385048424,1.0
RPL29P24,-1.5372433434270991,-1.7493163574896484,,,,-1.6432798504583737,1.0
DDX12P,-1.8757792574015164,,,,,-1.8757792574015164,1.0
RPL39P16,,-2.204448582614589,,-1.7579969093446124,,-1.9812227459796008,1.0
RPL35AP32,,,,,-2.03607755371149,-2.03607755371149,1.0
DDX39B-AS1,,0.15302801822094217,,-4.5921429991759215,,-2.2195574904774897,0.5
RPL32P1,-2.1565099102355823,-1.8510711256890757,,-2.9659725404343584,,-2.3245178587863387,1.0
DDX25,-2.9044755426917424,-2.836475728028329,,-2.505449248983511,,-2.7488001732345277,1.0
DHX33-DT,-2.795268303734772,,,,,-2.795268303734772,1.0
RPSAP44,-4.353141226205571,,,-4.314342543451341,,-4.333741884828456,1.0
