relative_path,size_bytes,sha256
README.md,8086,aeb704926fa5d2b4e829df2b123ac33e2ddd60bd8cf285d42a59dcea354e56fb
data/external/expansion_raw/GSE287860_raw_feature_counts.txt.gz,568076,119455be38151c200242184f8a6d65cbb6e1ea26779c95d4507a4a763dcb6393
data/external/expansion_raw/GSE288000_raw_feature_counts2.txt.gz,1604979,d6b0024313066115c789a6765d492fbc57fd1429c3093bcbdc7e8d6ae9b33a87
data/processed/counts.csv,3037610,8505db7c81b9eb11ac00666776b157ed5112fb52b9265717616a28284b9f8cca
data/processed/gencode_v44_gene_biotypes.csv,10537895,dbcb8d05ad8753510b7c8f8d359c4c06bc53576b447ff8c16dad0d0ba7d91f31
data/processed/metadata.csv,984,721e97ee6408f788d0634a36ef36e35ab665e59767bf916c64283bf88a60426a
data/processed/model_ready_counts.csv,950446,4a33a70b234f00f9659bc7ab8421cf8863080e522898bac174cc289e234fd96e
data/processed/model_ready_metadata.csv,984,721e97ee6408f788d0634a36ef36e35ab665e59767bf916c64283bf88a60426a
data/processed/normalized_counts.csv,3684168,4f19f0a118423064f07530a92eede9ee3f07155a880c8b50689853a5d7c30aeb
data/processed/sample_manifest.csv,3063,0bbbc6ef56e2c9b7bd7cdf28201b6c7611e87c9821f3c04ddf01c59e70fc2594
docs/EXPANSION_DATASET_REGISTRY.csv,3364,27cf7688362cd4ee0472db2cec0f1170f38493c677cfc4f22a8c5c46ebaa7d0e
docs/NOVELTY_AUDIT.md,11130,a7a848a1ffe8d97476251e0f0dbe3e4f0ea7828492997f26be3545e484ada094
docs/manuscript/PoxHostAtlas_manuscript.pdf,1700805,164ef6aa443b57957c17267991006816f0f96d44663fcfe8a660cb9355250c13
docs/manuscript/PoxHostAtlas_supplementary.pdf,3997780,ce98860bf2ea552de144f8da2e6cd3ceefd79b1bf0383b37b9ff6b9111aca670
docs/public_dataset_discovery_results.csv,9558,51930b5aeedbf4d4d4582311d3aac9426785e1675d573af10a90609be6d4a190
requirements-lock.txt,828,9e62db4af9620216bd613061539b8e15a18d84299aa5ab22a7f7e3e96ac5e858
requirements.txt,72,d86e3c28a9031bc6fb480e211f991a8744f7631608c7e36c810ea7f88bd71465
results/figures/translation_heatmap.pdf,31397,d89c7fbc51ac5b66da4dbbdaa5e3a1ededea474fdbc3708dd376d43898b894a6
results/figures/translation_heatmap.png,442218,3ccb6291d5dc6242f91739d9bafbbd73e2f4ffa92c04183a653f9d31f9421616
results/figures/translation_heatmap.svg,169164,e1c8988cc1c9611fac432abb756959fec5ef20b3df4e159b07edbe070139490a
results/figures/volcano_plot.pdf,380911,45e475e5b43dd4077146edd0555227de8dbeb55e20a0ba51ae1ca804b7d54ef8
results/figures/volcano_plot.png,382407,2a9931d5d05fa86891490b4c85b5fa49ef8e2ea3e5c391a8ee4cf9d3fd3b80a6
results/figures/volcano_plot.svg,3566085,88b35da6ab81ceeaad69c9d2cf8350f20ba835d48f14753a16291a470deaa538
results/mechanistic/candidate_evidence_matrix.pdf,26314,a8be70e04268fb25287e6c2b30fd483342bb46686cf895ce4ea351a517efb8e1
results/mechanistic/candidate_evidence_matrix.png,183679,48c96edd52c21090ef7da2f814913c05c76678016b57c48efe750b30ba0500a7
results/mechanistic/candidate_evidence_matrix.svg,95674,dbd247aa24f45f7162d0369c17e49aff26e32cffc7fa2e915cd0e03ed77307b7
results/mechanistic/curated_module_enrichment.csv,5888,890e49af676662ae96310257f7f67948495932deab1fbc7850c582a4324870aa
results/mechanistic/dhx29_viral_load_correlation.pdf,22029,fa4a105c01180e8110b4a69fba50f65cc443c16da9af173734518ce2f92f7936
results/mechanistic/dhx29_viral_load_correlation.png,163804,e8b3d94429a695cd4c39c7a5fd3f13f3e1a5178f75b012633f4d35059f9ffff0
results/mechanistic/dhx29_viral_load_correlation.svg,53820,0784dc4af55efd6c648a96020e197d5f09a564f52dbc6804d7cd659ce00bbef8
results/mechanistic/dhx_ddx_helicase_priority.pdf,17554,1025d29a33ba9ac4f469400b8225aa2fc60662f6252a56d4ef8935d41c9f4bd7
results/mechanistic/dhx_ddx_helicase_priority.png,275816,53195feb2b6abf56d656ab0ec1d1b9cddf3de1c1e27e145224aec2f0191e6b68
results/mechanistic/dhx_ddx_helicase_priority.svg,95779,f1512418bb4234d456479f356fd733ccd4bfbc57c830070f326772164884e6a3
results/mechanistic/dhx_ddx_helicase_priority_rank.csv,27993,73c004565f7c10b6501ba7b347b9862bf41f8cb4893331d57ca14bbec4e982d0
results/mechanistic/host_gene_viral_load_correlations.csv,25139,711aa6656b0a245b265c62788e15ef73ac9b9249a8d74a244572dede0fe33a5a
results/mechanistic/host_only_curated_volcano.pdf,343544,97561f06bd572428316dbcf27630dc491a8b31a427c20b86f4163f932413165d
results/mechanistic/host_only_curated_volcano.png,376334,365d8ec4af50c1d3fc5b917ed62f43b5f6e21b71bd1e58e83388976aa61b8c51
results/mechanistic/host_only_curated_volcano.svg,2435488,b9cb2339e8921c7bd27c474256a5b8e1c530421156b2fcae6487b01eaafdf93f
results/mechanistic/mechanistic_priority_rank.csv,116300,2ca08227e41e0b1df2d05c05159a194fde3a2e8a28cfbe41a20271313163d1e8
results/mechanistic/mechanistic_summary_metrics.csv,319,e785c0bbf644265a59b25ac2615a0bf3450b95deb5a9269b460c7afaf0fd57e7
results/mechanistic/module_enrichment_barplot.pdf,19198,40d95bb45964e29e04cb8a1e389c5a6794ae485c461ab2d4878fd1edde48229c
results/mechanistic/module_enrichment_barplot.png,236579,20cda4d00b2a2fb4fbec4b6c2f9c9a2c1b6e0f843d60dca8530408c92df499bd
results/mechanistic/module_enrichment_barplot.svg,103253,db99dccfbe83a09b2288e1a46f4737b15b9726d09b1cbbfdd8a430363f3c9db4
results/mechanistic/string_network_edges.csv,17848,4c487198e5f51beba4bfb884d8b1dab0f9a0dc48a0bf62e55dbe1bee38f09afd
results/mechanistic/string_network_nodes.csv,2021,04fffb739df743e016afd748c64c6b0a1c653d3fedfc845b7c2092b45294439b
results/mechanistic/string_priority_network.pdf,29738,928d81a57015ebc9b49ed0658464698c81082d4a0890f7a21758425fb9e55ab9
results/mechanistic/string_priority_network.png,1524929,198781269ee00cdec1c3cee2ef98e9d5a50bd0af13c6d61b2b979bab5ae08c34
results/mechanistic/string_priority_network.svg,107117,8862d118391f3718498b6c608fe1ba0d3e468cdaeee570e8f53e996c343d1c8b
results/mechanistic/top_mechanistic_candidates.csv,18758,61e10480f1766dc2c692ebad71e9587c1ab89958bf7095d5a45cd618cea2816c
results/mechanistic/translation_targets_biotype_audit.csv,122665,7a175982844d0830af958f0e62c23ebee119f56ce3bacd1a6d2d1a86c6f5dc22
results/mechanistic/viral_load_by_sample.csv,1609,c156cb8a86bb2be2f554ea6e5d41d7fa7ca61e825d54724fbfc7c06263e71328
results/meta/GSE287860_translation_targets.csv,92557,44975397ba579f7c09e9e337f2f5e5875d171b9ed451fca0c0d3a814638b0016
results/meta/GSE288000_NTC_translation_targets.csv,59366,504afe4f5563c33e8649b7af301c3b929691a1c2b9255b986c11b4771516f588
results/meta/cross_dataset_pilot_registry.csv,484,ddaa682329e94d5559ba4900390c172accbd6b525ec6868e84ee68668071119b
results/meta/poxvirus_translation_factor_meta_signature.csv,78385,c922c471976d782f1af8cb281040fdc0039b332ddd656d013d35dd7fa209ac21
results/meta/poxvirus_translation_factor_meta_signature.pdf,26387,d79dcb8b2d689ba54b3bce7eab6229c53a9151554479ef6b05d41db14213cd90
results/meta/poxvirus_translation_factor_meta_signature.png,167004,6d490a91f4de2f801bf95b2bade66c0bee4b04b8f8700199de3396ad9c4a43c6
results/meta/poxvirus_translation_factor_meta_signature.svg,88662,4e9d6a58b3116f5586aa2dbcd3f47c7fd99cccb74e0a47609bf448ec78c0fd86
results/sensitivity/dge_results_strict_titles.csv,2946171,1df07e603eadc8010d97553f7b6189aab176b8a58ae6d884ac91856a6aee0923
results/sensitivity/sensitivity_primary_vs_strict_translation.csv,130937,fb7fe2c7f6acb9e0433e5b8b06b2346ae55c020518f1ccc5f84771b3f4c400e8
results/sensitivity/translation_factors_all_strict_titles.csv,66684,4f561b472df3af69960509fcccb0af946985fe9585c15c66db33da7baf636c2c
results/sensitivity/translation_factors_impact_strict_titles.csv,20465,1ce6e7a5669fd158900b3660b498a1c58615022f2b2715614235e369a4b02426
results/tables/dge_results_full.csv,3153177,6c7310a3a541df68fe7cd3951e1b9b788a098869262c22dd42282641bf1fd9c3
results/tables/translation_factors_all.csv,71906,08ef9fbffbf0c69bfe4de987b4b91f2e43aa9372bb2339ba7a60367f74e3e2b9
results/tables/translation_factors_impact.csv,28652,074750503df75ab0b36fe014040a7a5924224cd6c56abc09547e2dc7654127c6
scripts/01_fetch_data.py,9916,49dadd8bf5198f9334f2349388a5dd3e06f9392561b1d73e3d4c8e8d61b7db67
scripts/02_preprocess_counts.py,2980,84406afbb5c37fb2f3b61720921e53ea4b5892d25476aa1bec2be84ef6354d91
scripts/03_run_pydeseq2.py,2763,817a5c5ba3d70520de0a0bfce857a87ce0233db7331250c8d94ea5481642e093
scripts/04_analyze_translation_factors.py,1685,d915796272927486388c7039a2be4a373dac1107a24af3a6f74126297a5acfe2
scripts/05_generate_figures.py,6784,f67448504fdddb028931a6a4e3c6cd4545f823f3cebd15305cfabdafbb94c6ff
scripts/06_run_sensitivity_analysis.py,6816,b7db75197ecfb483b4f4db430ea7fdf86fe1f5b4941a7dfc897c408c9677e15e
scripts/07_generate_validation_report.py,15985,66a45d846919891cefdd6390414d3a9ec9bef055825cba6ad731e35799cd90c4
scripts/08_prepare_release.py,30703,3527a38281da24af8c0f58eef96f1ef5e97168a34d982c0cfe97a651c33365ff
scripts/09_discover_public_datasets.py,3097,dc83633b818bfd92fca12c72f4a3c76f632e7a6b4a8ae3cdfd58664037336559
scripts/10_run_cross_dataset_pilot.py,10500,56041bcc917a483de26e8808e18686bcf4d9666fb8faaa1348b03b793bf0568a
scripts/11_run_mechanistic_prioritization.py,33826,118944e8b650470e3a8ea0347744dee5209c5a2e7c33cbdcf1919450f9180454
